replicate,seed_spawn_key,method,estimate,task_cluster_se,ci_lower,ci_upper,covered_truth
0,"(0,)",DR_both_correct,0.7990991449651385,0.009783820811388445,0.779922856174817,0.8182754337554599,True
0,"(0,)",DR_propensity_correct_Q_wrong,0.7969586145024254,0.010405557055325138,0.7765637226739882,0.8173535063308627,True
0,"(0,)",DR_Q_correct_propensity_wrong,0.808534107083242,0.05697010157862461,0.6968727079891378,0.9201955061773462,True
0,"(0,)",DR_both_wrong,1.4280739886718745,0.05726519684576502,1.3158342028541752,1.5403137744895739,False
0,"(0,)",IPW_propensity_correct,0.8041269564235535,0.037899499860888454,0.7298439366962121,0.8784099761508949,True
0,"(0,)",IPW_propensity_wrong,1.4083860914062512,0.07891472563096517,1.2537132291695594,1.563058953642943,False
0,"(0,)",Direct_Q_correct,0.8065421502669574,0.006420138316902231,0.7939586791658291,0.8191256213680858,True
0,"(0,)",Direct_Q_wrong,0.5983743749999981,0.010617526525698756,0.5775640230096286,0.6191847269903676,False
1,"(1,)",DR_both_correct,0.8164280402518999,0.00920729177328348,0.7983817483762642,0.8344743321275355,True
1,"(1,)",DR_propensity_correct_Q_wrong,0.8189604599388691,0.009727936616116262,0.7998937041712813,0.838027215706457,False
1,"(1,)",DR_Q_correct_propensity_wrong,0.8506407329108583,0.05654502000868588,0.739812493693834,0.9614689721278826,True
1,"(1,)",DR_both_wrong,1.4669023851562486,0.05814294621873163,1.3529422105675346,1.5808625597449626,False
1,"(1,)",IPW_propensity_correct,0.7930979355634419,0.0384999582342229,0.7176380174243651,0.8685578537025187,True
1,"(1,)",IPW_propensity_wrong,1.386286444921876,0.07934265517104697,1.230774840786624,1.541798049057128,False
1,"(1,)",Direct_Q_correct,0.804692305147895,0.006398744606714124,0.7921507657187353,0.8172338445770547,True
1,"(1,)",Direct_Q_wrong,0.5938724999999989,0.010615535503023766,0.5730660504140723,0.6146789495859255,False
2,"(2,)",DR_both_correct,0.7949807910353367,0.009470233963962864,0.7764191324659695,0.8135424496047039,True
2,"(2,)",DR_propensity_correct_Q_wrong,0.7971005202346825,0.010136711761692242,0.7772325651817656,0.8169684752875993,True
2,"(2,)",DR_Q_correct_propensity_wrong,0.7783416106593346,0.05730236102597272,0.6660289830484281,0.8906542382702411,True
2,"(2,)",DR_both_wrong,1.4223746347656252,0.056120638986424685,1.312378182352233,1.5323710871790175,False
2,"(2,)",IPW_propensity_correct,0.7909485343381527,0.03825451379125746,0.715969687307288,0.8659273813690174,True
2,"(2,)",IPW_propensity_wrong,1.329505748437503,0.07801548780427968,1.1765953923411148,1.4824161045338913,False
2,"(2,)",Direct_Q_correct,0.7935907333437533,0.006416235278482143,0.7810149121979283,0.8061665544895783,True
2,"(2,)",Direct_Q_wrong,0.5773656249999992,0.010587754968439974,0.5566136252618569,0.5981176247381416,False
3,"(3,)",DR_both_correct,0.7954565305860319,0.009689077487376527,0.776465938710774,0.8144471224612899,True
3,"(3,)",DR_propensity_correct_Q_wrong,0.7978644433001392,0.01033208691141976,0.7776135529537564,0.8181153336465219,True
3,"(3,)",DR_Q_correct_propensity_wrong,0.8066180643784768,0.056985927293310486,0.6949256468835883,0.9183104818733654,True
3,"(3,)",DR_both_wrong,1.4747846933593776,0.05894590354737777,1.3592507224065171,1.590318664312238,False
3,"(3,)",IPW_propensity_correct,0.807459673711316,0.037254714865945435,0.734440432574063,0.880478914848569,True
3,"(3,)",IPW_propensity_wrong,1.4585889503906282,0.08441328807751329,1.2931389057587022,1.6240389950225542,False
3,"(3,)",Direct_Q_correct,0.7869218848908629,0.006365777119711838,0.7744449617362277,0.7993988080454981,True
3,"(3,)",Direct_Q_wrong,0.5638599999999995,0.010540934891435406,0.5431997676127861,0.5845202323872128,False
4,"(4,)",DR_both_correct,0.8038976812015497,0.009361898787465869,0.7855483595781166,0.8222470028249828,True
4,"(4,)",DR_propensity_correct_Q_wrong,0.805846495154225,0.01004551799124645,0.786157279891382,0.8255357104170681,True
4,"(4,)",DR_Q_correct_propensity_wrong,0.8501691040415618,0.055899265005560875,0.7406065446306624,0.9597316634524611,True
4,"(4,)",DR_both_wrong,1.480001247265628,0.057475699584233084,1.3673488760805312,1.592653618450725,False
4,"(4,)",IPW_propensity_correct,0.798339692385634,0.03779896056542289,0.7242537296774051,0.8724256550938628,True
4,"(4,)",IPW_propensity_wrong,1.393418499609376,0.0748947606489915,1.2466247687373526,1.5402122304813992,False
4,"(4,)",Direct_Q_correct,0.7990016942772685,0.006410694463627482,0.7864367331285587,0.8115666554259784,True
4,"(4,)",Direct_Q_wrong,0.5856190624999991,0.010605674436430693,0.564831940604595,0.6064061843954032,False
5,"(5,)",DR_both_correct,0.8128441308960308,0.009703458208311352,0.7938253528077406,0.831862908984321,True
5,"(5,)",DR_propensity_correct_Q_wrong,0.8142373258819245,0.01039402377255612,0.7938650392877146,0.8346096124761345,True
5,"(5,)",DR_Q_correct_propensity_wrong,0.7467121601864842,0.05799020010399582,0.6330513679826524,0.8603729523903161,True
5,"(5,)",DR_both_wrong,1.3317274023437493,0.05746805744753012,1.2190900097465902,1.4443647949409084,False
5,"(5,)",IPW_propensity_correct,0.8375195569435752,0.04010917361734168,0.7589055766535855,0.9161335372335648,True
5,"(5,)",IPW_propensity_wrong,1.2234464425781273,0.07242027585787233,1.0815027018966976,1.365390183259557,False
5,"(5,)",Direct_Q_correct,0.8126888836805499,0.0063734778782353115,0.8001968670392087,0.8251809003218912,False
5,"(5,)",Direct_Q_wrong,0.6066278124999984,0.010614971312037013,0.5858224687284058,0.627433156271591,False
6,"(6,)",DR_both_correct,0.8011802648042717,0.009940830536289734,0.7816962369531438,0.8206642926553996,True
6,"(6,)",DR_propensity_correct_Q_wrong,0.7992171076728798,0.010687439862074292,0.7782697255432142,0.8201644898025454,True
6,"(6,)",DR_Q_correct_propensity_wrong,0.8376781938664455,0.05690152679048332,0.7261512013570982,0.9492051863757928,True
6,"(6,)",DR_both_wrong,1.454489866015626,0.06009335309979775,1.3367068939400224,1.5722728380912296,False
6,"(6,)",IPW_propensity_correct,0.8077749203558804,0.03782850870421788,0.7336310432956133,0.8819187974161474,True
6,"(6,)",IPW_propensity_wrong,1.4053235097656271,0.07882423239837512,1.2508280142648118,1.5598190052664425,False
6,"(6,)",Direct_Q_correct,0.7982253619682842,0.006434571197765947,0.7856136024206629,0.8108371215159055,True
6,"(6,)",Direct_Q_wrong,0.5856190624999993,0.010605674436430701,0.5648319406045951,0.6064061843954035,False
7,"(7,)",DR_both_correct,0.7745714600901425,0.010609439762755437,0.7537769581551419,0.7953659620251432,False
7,"(7,)",DR_propensity_correct_Q_wrong,0.7684877800768468,0.011037790539354731,0.7468537106197115,0.7901218495339821,False
7,"(7,)",DR_Q_correct_propensity_wrong,0.683236597753788,0.061997141277772665,0.5617222008493535,0.8047509946582224,True
7,"(7,)",DR_both_wrong,1.3650984460937499,0.05974728664573988,1.2479937642680996,1.4822031279194001,False
7,"(7,)",IPW_propensity_correct,0.7786725655911922,0.03794091933642923,0.704308363691791,0.8530367674905935,True
7,"(7,)",IPW_propensity_wrong,1.3841495507812522,0.07966291489184939,1.2280102375932274,1.5402888639692771,False
7,"(7,)",Direct_Q_correct,0.7892024613038309,0.0064198458972633595,0.7766195633451947,0.8017853592624671,True
7,"(7,)",Direct_Q_wrong,0.5706128124999993,0.01056707167404239,0.5499013520188762,0.5913242729811223,False
8,"(8,)",DR_both_correct,0.7896991223942713,0.010023138765888983,0.770053770413129,0.8093444743754137,True
8,"(8,)",DR_propensity_correct_Q_wrong,0.7858273334522344,0.010586665610664809,0.7650774688553315,0.8065771980491374,True
8,"(8,)",DR_Q_correct_propensity_wrong,0.7345782279167575,0.055134607014386196,0.6265143981685606,0.8426420576649545,True
8,"(8,)",DR_both_wrong,1.3598411257812477,0.05488864004963971,1.252259391283954,1.4674228602785415,False
8,"(8,)",IPW_propensity_correct,0.8018120387155478,0.03837974210219787,0.72658774419524,0.8770363332358557,True
8,"(8,)",IPW_propensity_wrong,1.3110888445312527,0.07364073781880176,1.1667529984064013,1.4554246906561041,False
8,"(8,)",Direct_Q_correct,0.8030673945670354,0.006377438988843837,0.7905676141489014,0.8155671749851693,True
8,"(8,)",Direct_Q_wrong,0.5901209374999987,0.01061205031447882,0.5693213188836203,0.6109205561163772,False
9,"(9,)",DR_both_correct,0.8029855325070625,0.009163192303973488,0.7850256755912745,0.8209453894228506,True
9,"(9,)",DR_propensity_correct_Q_wrong,0.804924618570276,0.009903508673848208,0.7855137415695335,0.8243354955710185,True
9,"(9,)",DR_Q_correct_propensity_wrong,0.8507334785807025,0.05479851853691763,0.7433283822483439,0.9581385749130611,True
9,"(9,)",DR_both_wrong,1.4978364328125016,0.05717514434721079,1.3857731498919683,1.6098997157330348,False
9,"(9,)",IPW_propensity_correct,0.7900390449656792,0.03891829839467001,0.713759180112126,0.8663189098192324,True
9,"(9,)",IPW_propensity_wrong,1.4001154171875019,0.07956471774728642,1.2441685704028205,1.5560622639721833,False
9,"(9,)",Direct_Q_correct,0.801520347788597,0.006402727150977443,0.7889710025726813,0.8140696930045128,True
9,"(9,)",Direct_Q_wrong,0.5893706249999993,0.0106111539381185,0.568572763281287,0.6101684867187115,False
10,"(10,)",DR_both_correct,0.8004483055624761,0.009613863978136964,0.7816051321653277,0.8192914789596246,True
10,"(10,)",DR_propensity_correct_Q_wrong,0.8017581134980218,0.010375771052041485,0.7814216022360205,0.8220946247600232,True
10,"(10,)",DR_Q_correct_propensity_wrong,0.8691360749454689,0.05710687868639942,0.757206592720126,0.9810655571708117,True
10,"(10,)",DR_both_wrong,1.5351235398437526,0.0600627854141724,1.4174004804319746,1.6528465992555306,False
10,"(10,)",IPW_propensity_correct,0.8498915953273909,0.03942344565465414,0.7726216418442687,0.927161548810513,True
10,"(10,)",IPW_propensity_wrong,1.5062415468750023,0.08362562927678316,1.3423353134925073,1.6701477802574973,False
10,"(10,)",Direct_Q_correct,0.7982114646425029,0.006376168702133263,0.7857141739863217,0.8107087552986841,True
10,"(10,)",Direct_Q_wrong,0.5818674999999991,0.010598530228984894,0.5610943807511887,0.6026406192488095,False
11,"(11,)",DR_both_correct,0.8105752073116268,0.009261687869825105,0.7924222990867696,0.828728115536484,True
11,"(11,)",DR_propensity_correct_Q_wrong,0.81588357321159,0.010139987049254699,0.7960091985950508,0.8357579478281292,True
11,"(11,)",DR_Q_correct_propensity_wrong,0.9263681103307817,0.05404841222754238,0.8204332223647987,1.0323029982967649,False
11,"(11,)",DR_both_wrong,1.5502235289062494,0.05873048348313758,1.4351117812792997,1.665335276533199,False
11,"(11,)",IPW_propensity_correct,0.77894405672024,0.036425956909011396,0.7075491811785777,0.8503389322619024,True
11,"(11,)",IPW_propensity_wrong,1.4704708710937504,0.08184124712562689,1.3100620267275218,1.630879715459979,False
11,"(11,)",Direct_Q_correct,0.8048872021889873,0.006381446739951881,0.7923795665786817,0.817394837799293,True
11,"(11,)",Direct_Q_wrong,0.5931221874999983,0.01061497131203704,0.5723168437284057,0.6139275312715909,False
12,"(12,)",DR_both_correct,0.7927223667832507,0.009875819374849515,0.7733657608085457,0.8120789727579557,True
12,"(12,)",DR_propensity_correct_Q_wrong,0.7947890950165791,0.010580789916557809,0.7740507467801259,0.8155274432530324,True
12,"(12,)",DR_Q_correct_propensity_wrong,0.733947939772266,0.05963319057477259,0.6170668862457117,0.8508289932988203,True
12,"(12,)",DR_both_wrong,1.3759014277343748,0.05861451795485982,1.2610169725428495,1.4907858829259002,False
12,"(12,)",IPW_propensity_correct,0.8138424224762167,0.03821947954328675,0.7389322425713747,0.8887526023810588,True
12,"(12,)",IPW_propensity_wrong,1.3328973046875021,0.07264568544985021,1.1905117612057956,1.4752828481692086,False
12,"(12,)",Direct_Q_correct,0.7954507234118001,0.0063670418753138365,0.782971321336185,0.8079301254874153,True
12,"(12,)",Direct_Q_wrong,0.5766153124999983,0.010585725065954068,0.5558672913707283,0.5973633336292683,False
13,"(13,)",DR_both_correct,0.8079862643510325,0.00952066613539477,0.7893257587256587,0.8266467699764063,True
13,"(13,)",DR_propensity_correct_Q_wrong,0.8082388924532424,0.010353780675741284,0.7879454823287895,0.8285323025776954,True
13,"(13,)",DR_Q_correct_propensity_wrong,0.8183120520134378,0.052227988711105434,0.7159451941396712,0.9206789098872045,True
13,"(13,)",DR_both_wrong,1.3715629023437466,0.05417993733504985,1.265370225167049,1.4777555795204442,False
13,"(13,)",IPW_propensity_correct,0.8549416221400012,0.0395056082139727,0.7775106300406147,0.9323726142393878,True
13,"(13,)",IPW_propensity_wrong,1.2925920644531266,0.07481534917258958,1.145953980074851,1.439230148831402,False
13,"(13,)",Direct_Q_correct,0.8071608895083632,0.006457616685579567,0.7945039608046273,0.8198178182120991,True
13,"(13,)",Direct_Q_wrong,0.6021259374999987,0.010617360621403091,0.5813159106820486,0.6229359643179487,False
14,"(14,)",DR_both_correct,0.7910816862224367,0.00986816347540131,0.7717400858106501,0.8104232866342232,True
14,"(14,)",DR_propensity_correct_Q_wrong,0.7866310238942035,0.010574315235967137,0.7659053660317079,0.8073566817566991,True
14,"(14,)",DR_Q_correct_propensity_wrong,0.8203691429905469,0.056637798568552465,0.709359057796184,0.9313792281849097,True
14,"(14,)",DR_both_wrong,1.448299871484375,0.05923904604091174,1.332191341244188,1.5644084017245619,False
14,"(14,)",IPW_propensity_correct,0.7509706490842782,0.037388216261847636,0.6776897452110568,0.8242515529574996,True
14,"(14,)",IPW_propensity_wrong,1.2730716960937534,0.07598366856570576,1.1241437057049701,1.4219996864825366,False
14,"(14,)",Direct_Q_correct,0.8016598160835197,0.006417926106358079,0.7890806809150578,0.8142389512519815,True
14,"(14,)",Direct_Q_wrong,0.5893706249999991,0.010611153938118498,0.5685727632812869,0.6101684867187114,False
15,"(15,)",DR_both_correct,0.8151007105257999,0.009141479892899833,0.7971834099357162,0.8330180111158836,True
15,"(15,)",DR_propensity_correct_Q_wrong,0.8089506596111815,0.009710560731246494,0.7899179605779384,0.8279833586444246,True
15,"(15,)",DR_Q_correct_propensity_wrong,0.9085494054246097,0.050616729399950044,0.8093406158007076,1.0077581950485117,False
15,"(15,)",DR_both_wrong,1.513670582421875,0.054834298190457535,1.4061953579685782,1.6211458068751718,False
15,"(15,)",IPW_propensity_correct,0.848960276203554,0.03893109976868716,0.7726553206569271,0.9252652317501808,True
15,"(15,)",IPW_propensity_wrong,1.4977179046875024,0.07985300375972318,1.341206017318445,1.6542297920565598,False
15,"(15,)",Direct_Q_correct,0.798710173034066,0.006461653775074561,0.7860453316349199,0.8113750144332121,True
15,"(15,)",Direct_Q_wrong,0.5878699999999989,0.010609161719499223,0.5670760430297804,0.6086639569702174,False
16,"(16,)",DR_both_correct,0.7934368196233186,0.009662777340141763,0.7744977760366407,0.8123758632099964,True
16,"(16,)",DR_propensity_correct_Q_wrong,0.7939708282432467,0.010400189370916748,0.7735864570762498,0.8143551994102436,True
16,"(16,)",DR_Q_correct_propensity_wrong,0.7990867879478509,0.05607705601559548,0.6891757581572838,0.908997817738418,True
16,"(16,)",DR_both_wrong,1.4250938957031227,0.05797642665446477,1.3114600994603718,1.5387276919458737,False
16,"(16,)",IPW_propensity_correct,0.8266775094486348,0.03816764131634574,0.7518689324685972,0.9014860864286725,True
16,"(16,)",IPW_propensity_wrong,1.4302733484375012,0.08109324439402256,1.271330589425217,1.5892161074497855,False
16,"(16,)",Direct_Q_correct,0.7957067084569573,0.006440886720756532,0.7830825704842745,0.8083308464296401,True
16,"(16,)",Direct_Q_wrong,0.5818674999999993,0.010598530228984803,0.5610943807511891,0.6026406192488095,False
17,"(17,)",DR_both_correct,0.7849072035500876,0.009901305951783759,0.7655006438845914,0.8043137632155838,True
17,"(17,)",DR_propensity_correct_Q_wrong,0.7860404547709109,0.010418962392034761,0.7656192884825228,0.806461621059299,True
17,"(17,)",DR_Q_correct_propensity_wrong,0.7881837732114451,0.05317906312978353,0.6839528094770694,0.8924147369458207,True
17,"(17,)",DR_both_wrong,1.4292498730468772,0.05455743561521126,1.3223172992410632,1.5361824468526912,False
17,"(17,)",IPW_propensity_correct,0.7937426580460687,0.037889402844805645,0.7194794284702496,0.8680058876218878,True
17,"(17,)",IPW_propensity_wrong,1.3269113390625014,0.07208021626956139,1.185634115174161,1.4681885629508418,False
17,"(17,)",Direct_Q_correct,0.7874133268060188,0.006425069159681885,0.7748201912530424,0.8000064623589953,True
17,"(17,)",Direct_Q_wrong,0.5683618749999991,0.010558967182310709,0.5476662993226702,0.5890574506773281,False
18,"(18,)",DR_both_correct,0.7967520150139816,0.00964469274637948,0.7778484172310779,0.8156556127968854,True
18,"(18,)",DR_propensity_correct_Q_wrong,0.7988977783199175,0.010114720408068835,0.7790729263201026,0.8187226303197324,True
18,"(18,)",DR_Q_correct_propensity_wrong,0.7334808840204678,0.05589816806380305,0.6239204746154139,0.8430412934255218,True
18,"(18,)",DR_both_wrong,1.3781814484374981,0.05568886422680873,1.269031274552953,1.4873316223220432,False
18,"(18,)",IPW_propensity_correct,0.7969228158340261,0.037515781258994574,0.7233918845663968,0.8704537471016555,True
18,"(18,)",IPW_propensity_wrong,1.3210562625000022,0.0766151029812094,1.170890660656832,1.4712218643431725,False
18,"(18,)",Direct_Q_correct,0.7919367982756286,0.006427972220826341,0.7793379727228089,0.8045356238284482,True
18,"(18,)",Direct_Q_wrong,0.5751146874999987,0.010581464332579607,0.5543750174081427,0.5958543575918548,False
19,"(19,)",DR_both_correct,0.7907466226019441,0.009915474905436381,0.7713122917872888,0.8101809534165993,True
19,"(19,)",DR_propensity_correct_Q_wrong,0.7915107573254234,0.010467650493783945,0.7709941623576069,0.81202735229324,True
19,"(19,)",DR_Q_correct_propensity_wrong,0.8317208903221877,0.058002073684200586,0.7180368259011545,0.9454049547432208,True
19,"(19,)",DR_both_wrong,1.4641765437500007,0.0590839657504409,1.3483719708791366,1.5799811166208648,False
19,"(19,)",IPW_propensity_correct,0.8344182956491493,0.03773603423100054,0.7604556685563882,0.9083809227419103,True
19,"(19,)",IPW_propensity_wrong,1.4920347140624994,0.07840953972931455,1.338352016193043,1.645717411931956,False
19,"(19,)",Direct_Q_correct,0.7968266571796915,0.006405836219138211,0.7842712181901805,0.8093820961692024,True
19,"(19,)",Direct_Q_wrong,0.5811171874999989,0.010596901340323006,0.5603472608729657,0.601887114127032,False
20,"(20,)",DR_both_correct,0.808503196836737,0.009487607728706006,0.7899074856884732,0.8270989079850007,True
20,"(20,)",DR_propensity_correct_Q_wrong,0.8095452531654601,0.010082523670582537,0.7897835067711183,0.8293069995598019,True
20,"(20,)",DR_Q_correct_propensity_wrong,0.8115041099689448,0.05303089436851779,0.70756355700665,0.9154446629312397,True
20,"(20,)",DR_both_wrong,1.4241282253906227,0.05449956925735393,1.317309069646209,1.5309473811350363,False
20,"(20,)",IPW_propensity_correct,0.7969852674498477,0.03804939031139715,0.7224084624395093,0.871562072460186,True
20,"(20,)",IPW_propensity_wrong,1.2408795210937509,0.06974051409023158,1.104188113476897,1.3775709287106048,False
20,"(20,)",Direct_Q_correct,0.8046755293495348,0.006442324104240679,0.7920485741052231,0.8173024845938465,True
20,"(20,)",Direct_Q_wrong,0.5968737499999991,0.010617128351033745,0.576064178431973,0.6176833215680252,False
21,"(21,)",DR_both_correct,0.7906755504340385,0.010053683353854415,0.7709703310604838,0.8103807698075931,True
21,"(21,)",DR_propensity_correct_Q_wrong,0.7886219070223706,0.011331442909347152,0.7664122789200501,0.810831535124691,True
21,"(21,)",DR_Q_correct_propensity_wrong,0.7592656676014456,0.0592176276301277,0.6431991174463954,0.875332217756496,True
21,"(21,)",DR_both_wrong,1.3922943054687502,0.05927321917463017,1.276118795886475,1.5084698150510254,False
21,"(21,)",IPW_propensity_correct,0.6725915060621991,0.03408816825072979,0.6057786962907687,0.7394043158336294,False
21,"(21,)",IPW_propensity_wrong,1.2401810484375044,0.07588280732433321,1.0914507460818113,1.3889113507931976,False
21,"(21,)",Direct_Q_correct,0.7906423615483633,0.006448808580765441,0.7780026967300631,0.8032820263666636,True
21,"(21,)",Direct_Q_wrong,0.5743643749999994,0.010579233420768306,0.5536290774952934,0.5950996725047053,False
22,"(22,)",DR_both_correct,0.7969969557712645,0.00966932594885369,0.7780450769115113,0.8159488346310177,True
22,"(22,)",DR_propensity_correct_Q_wrong,0.7959570336960062,0.010423198060913148,0.7755275654966165,0.816386501895396,True
22,"(22,)",DR_Q_correct_propensity_wrong,0.7592146133487102,0.05571490473380317,0.650013400070456,0.8684158266269644,True
22,"(22,)",DR_both_wrong,1.4033059675781265,0.055713897788874076,1.2941067279119334,1.5125052072443197,False
22,"(22,)",IPW_propensity_correct,0.8053670538350381,0.036843412715010966,0.7331539649136166,0.8775801427564597,True
22,"(22,)",IPW_propensity_wrong,1.4118814617187534,0.07967815044795616,1.2557122868407593,1.5680506365967475,False
22,"(22,)",Direct_Q_correct,0.7951081200078943,0.006433212520451061,0.7824990234678102,0.8077172165479785,True
22,"(22,)",Direct_Q_wrong,0.580366874999999,0.01059520570044648,0.5596002718271238,0.6011334781728741,False
23,"(23,)",DR_both_correct,0.790637577246171,0.010137557431334878,0.7707679646807546,0.8105071898115874,True
23,"(23,)",DR_propensity_correct_Q_wrong,0.7929599607619224,0.010918656696635956,0.7715593936365159,0.8143605278873289,True
23,"(23,)",DR_Q_correct_propensity_wrong,0.7316440142023053,0.05890735091158731,0.6161856064155942,0.8471024219890164,True
23,"(23,)",DR_both_wrong,1.3457322726562488,0.05713207812486968,1.2337533995315042,1.4577111457809935,False
23,"(23,)",IPW_propensity_correct,0.8227180003155763,0.03747817714968519,0.7492607731021933,0.8961752275289593,True
23,"(23,)",IPW_propensity_wrong,1.3652850304687525,0.07631525673276111,1.2157071272725406,1.5148629336649644,False
23,"(23,)",Direct_Q_correct,0.803855003973442,0.0064518885140703005,0.7912093024858642,0.8165007054610198,True
23,"(23,)",Direct_Q_wrong,0.596123437499997,0.010616829710235007,0.5753144512679363,0.6169324237320576,False
24,"(24,)",DR_both_correct,0.8110973306216157,0.009350159111932486,0.792771018762228,0.8294236424810034,True
24,"(24,)",DR_propensity_correct_Q_wrong,0.8115789119205198,0.009748161917286148,0.7924725145626389,0.8306853092784007,True
24,"(24,)",DR_Q_correct_propensity_wrong,0.8607510189563272,0.05437778511708504,0.7541705601268406,0.9673314777858139,True
24,"(24,)",DR_both_wrong,1.4846581082031256,0.057466765674261566,1.372023247481573,1.5972929689246782,False
24,"(24,)",IPW_propensity_correct,0.7533048841466677,0.03724193271765502,0.6803106960200639,0.8262990722732716,True
24,"(24,)",IPW_propensity_wrong,1.4117874128906278,0.08166841421129875,1.2517173210364823,1.5718575047447734,False
24,"(24,)",Direct_Q_correct,0.809286373943519,0.0064057272873591755,0.796731148460295,0.821841599426743,True
24,"(24,)",Direct_Q_wrong,0.6021259374999987,0.010617360621403088,0.5813159106820486,0.6229359643179487,False
25,"(25,)",DR_both_correct,0.7829941933084759,0.010485086540157071,0.762443423689768,0.8035449629271837,True
25,"(25,)",DR_propensity_correct_Q_wrong,0.7849351774862491,0.01094973080102879,0.7634737051162327,0.8063966498562655,True
25,"(25,)",DR_Q_correct_propensity_wrong,0.6810211238753509,0.061951410409564096,0.5595963594726052,0.8024458882780965,True
25,"(25,)",DR_both_wrong,1.318278729296875,0.05944862637726948,1.2017594215974268,1.4347980369963231,False
25,"(25,)",IPW_propensity_correct,0.7073958504843941,0.03538183244761035,0.6380474588870778,0.7767442420817104,False
25,"(25,)",IPW_propensity_wrong,1.2434907433593771,0.0776824777083356,1.0912330870510394,1.395748399667715,False
25,"(25,)",Direct_Q_correct,0.801493685285473,0.006459470273391829,0.7888331235496251,0.814154247021321,True
25,"(25,)",Direct_Q_wrong,0.5931221874999986,0.01061497131203704,0.572316843728406,0.6139275312715912,False
26,"(26,)",DR_both_correct,0.8007684253543982,0.00971543902507595,0.7817261648652494,0.819810685843547,True
26,"(26,)",DR_propensity_correct_Q_wrong,0.7999734549096904,0.010237098921732798,0.7799087410230942,0.8200381687962867,True
26,"(26,)",DR_Q_correct_propensity_wrong,0.74195057913082,0.05710130671583362,0.6300320179677861,0.8538691402938539,True
26,"(26,)",DR_both_wrong,1.38104035390625,0.057701326053807796,1.2679457548407866,1.4941349529717132,False
26,"(26,)",IPW_propensity_correct,0.8164151741953789,0.03894154479101035,0.7400897464049986,0.8927406019857592,True
26,"(26,)",IPW_propensity_wrong,1.312936996875,0.07750942647134844,1.161018520991157,1.464855472758843,False
26,"(26,)",Direct_Q_correct,0.8023451420299256,0.0064039456600553995,0.789793408536217,0.8148968755236341,True
26,"(26,)",Direct_Q_wrong,0.5901209374999989,0.01061205031447882,0.5693213188836205,0.6109205561163774,False
27,"(27,)",DR_both_correct,0.8133484770845559,0.009144807052876095,0.7954246552609188,0.8312722989081931,True
27,"(27,)",DR_propensity_correct_Q_wrong,0.8162801471841573,0.009973677696041138,0.7967317388999167,0.835828555468398,True
27,"(27,)",DR_Q_correct_propensity_wrong,0.8209635059583988,0.05054005920040034,0.7219049899256141,0.9200220219911835,True
27,"(27,)",DR_both_wrong,1.4235514003906249,0.052182207546475214,1.3212742735995335,1.5258285271817162,False
27,"(27,)",IPW_propensity_correct,0.807969943219518,0.038112961770430644,0.7332685381494739,0.8826713482895621,True
27,"(27,)",IPW_propensity_wrong,1.3727631492187515,0.07833666983114067,1.219223276349716,1.5263030220877871,False
27,"(27,)",Direct_Q_correct,0.8081888188586746,0.006376064292948952,0.7956917328444946,0.8206859048728545,True
27,"(27,)",Direct_Q_wrong,0.5991246874999993,0.010617626067031864,0.5783141404086168,0.6199352345913817,False
28,"(28,)",DR_both_correct,0.7972345174201204,0.009698427293186608,0.7782255999254747,0.8162434349147661,True
28,"(28,)",DR_propensity_correct_Q_wrong,0.7953516070154585,0.01075058674066098,0.7742804570037629,0.8164227570271541,True
28,"(28,)",DR_Q_correct_propensity_wrong,0.7574330989555854,0.05395256596404907,0.6516860696660493,0.8631801282451216,True
28,"(28,)",DR_both_wrong,1.368378415234373,0.053863364733725896,1.2628062203562702,1.4739506101124757,False
28,"(28,)",IPW_propensity_correct,0.7515472284379566,0.03656574119932287,0.6798783756872838,0.8232160811886294,True
28,"(28,)",IPW_propensity_wrong,1.2363457031250031,0.07021958432722175,1.0987153178436486,1.3739760884063577,False
28,"(28,)",Direct_Q_correct,0.7983599257709411,0.006442657196721544,0.7857323176653669,0.8109875338765152,True
28,"(28,)",Direct_Q_wrong,0.5863693749999992,0.010606903419383775,0.565579844298007,0.6071589057019914,False
29,"(29,)",DR_both_correct,0.7873318507594936,0.010254820802425447,0.7672324019867398,0.8074312995322475,True
29,"(29,)",DR_propensity_correct_Q_wrong,0.7893780632987855,0.010735709044813161,0.7683360735709517,0.8104200530266192,True
29,"(29,)",DR_Q_correct_propensity_wrong,0.7513230768103508,0.05602594200674159,0.6415122304771373,0.8611339231435643,True
29,"(29,)",DR_both_wrong,1.3945559320312484,0.05691106641127704,1.2830102418651455,1.5061016221973513,False
29,"(29,)",IPW_propensity_correct,0.7941581039290484,0.03736403333311207,0.7209245985961488,0.867391609261948,True
29,"(29,)",IPW_propensity_wrong,1.391210960156252,0.07837189491595754,1.2376020461209751,1.5448198741915287,False
29,"(29,)",Direct_Q_correct,0.7952297994946137,0.006437610145808152,0.7826120836088297,0.8078475153803977,True
29,"(29,)",Direct_Q_wrong,0.5803668749999991,0.010595205700446489,0.5596002718271239,0.6011334781728742,False
30,"(30,)",DR_both_correct,0.7919983995159451,0.010368578762226972,0.7716759851419802,0.81232081388991,True
30,"(30,)",DR_propensity_correct_Q_wrong,0.7973950170378243,0.01092354859139301,0.7759848617986941,0.8188051722769546,True
30,"(30,)",DR_Q_correct_propensity_wrong,0.7142321242024994,0.058268046079167544,0.600026753887331,0.8284374945176678,True
30,"(30,)",DR_both_wrong,1.3319449703125008,0.05788402519452713,1.2184922809312275,1.445397659693774,False
30,"(30,)",IPW_propensity_correct,0.8074088305952587,0.037982428908369906,0.7329632699348537,0.8818543912556637,True
30,"(30,)",IPW_propensity_wrong,1.3005191308593762,0.07566977619443963,1.1522063695182745,1.448831892200478,False
30,"(30,)",Direct_Q_correct,0.8039621505073478,0.006401181497057395,0.7914158347731153,0.8165084662415802,True
30,"(30,)",Direct_Q_wrong,0.593122187499999,0.01061497131203704,0.5723168437284064,0.6139275312715916,False
31,"(31,)",DR_both_correct,0.7905551655918649,0.009992860416066257,0.770969159176375,0.8101411720073548,True
31,"(31,)",DR_propensity_correct_Q_wrong,0.7915453970124259,0.010431714297633945,0.7710992369890634,0.8119915570357884,True
31,"(31,)",DR_Q_correct_propensity_wrong,0.7288357169550774,0.061056768690338374,0.6091644503220142,0.8485069835881407,True
31,"(31,)",DR_both_wrong,1.3941359347656248,0.05942732471304065,1.277658378328065,1.5106134912031846,False
31,"(31,)",IPW_propensity_correct,0.8452015040767223,0.04065761582809215,0.7655125770536617,0.924890431099783,True
31,"(31,)",IPW_propensity_wrong,1.405903492968752,0.07962453636222226,1.2498394016987964,1.5619675842387075,False
31,"(31,)",Direct_Q_correct,0.7930736419353167,0.006468869477671173,0.7803946577590812,0.8057526261115522,True
31,"(31,)",Direct_Q_wrong,0.5796165624999999,0.010593443277301799,0.5588534136764884,0.6003797113235114,False
32,"(32,)",DR_both_correct,0.8119192138175637,0.009290473268945023,0.7937098862104315,0.8301285414246959,True
32,"(32,)",DR_propensity_correct_Q_wrong,0.812520232109071,0.009803662424954823,0.7933050537561596,0.8317354104619824,True
32,"(32,)",DR_Q_correct_propensity_wrong,0.7784289759014448,0.052347737865665524,0.6758274096847403,0.8810305421181492,True
32,"(32,)",DR_both_wrong,1.3988844761718735,0.05267537362439202,1.295640743868065,1.502128208475682,False
32,"(32,)",IPW_propensity_correct,0.830854194014556,0.03949006333615672,0.7534536698756888,0.9082547181534231,True
32,"(32,)",IPW_propensity_wrong,1.376588719921877,0.07717218797758678,1.225331231485807,1.527846208357947,False
32,"(32,)",Direct_Q_correct,0.7994266885930503,0.006340264435439806,0.7869997702995883,0.8118536068865123,True
32,"(32,)",Direct_Q_wrong,0.5803668749999992,0.010595205700446489,0.559600271827124,0.6011334781728743,False
33,"(33,)",DR_both_correct,0.8049392926572487,0.009749385837143933,0.7858304964164466,0.8240480888980508,True
33,"(33,)",DR_propensity_correct_Q_wrong,0.800934081432698,0.010231275711276739,0.7808807810385956,0.8209873818268003,True
33,"(33,)",DR_Q_correct_propensity_wrong,0.7853771656242964,0.05667221144777606,0.6742996311866554,0.8964547000619374,True
33,"(33,)",DR_both_wrong,1.4204471757812518,0.05741174173368547,1.3079201619832284,1.5329741895792752,False
33,"(33,)",IPW_propensity_correct,0.7951102471873015,0.0387850487840682,0.7190915515705278,0.8711289428040752,True
33,"(33,)",IPW_propensity_wrong,1.3611608226562526,0.08041907310113015,1.2035394393780374,1.5187822059344678,False
33,"(33,)",Direct_Q_correct,0.8068300382719568,0.0063545339310289535,0.79437515176714,0.8192849247767735,True
33,"(33,)",Direct_Q_wrong,0.5953731249999981,0.01061646469340612,0.5745648542009221,0.616181395799074,False
34,"(34,)",DR_both_correct,0.8086487232466635,0.009697545271469765,0.7896415345145827,0.8276559119787442,True
34,"(34,)",DR_propensity_correct_Q_wrong,0.8077980650987575,0.01012163372496327,0.7879596629978295,0.8276364671996855,True
34,"(34,)",DR_Q_correct_propensity_wrong,0.7331550169024216,0.06092082010582446,0.6137502094950056,0.8525598243098376,True
34,"(34,)",DR_both_wrong,1.390446599609374,0.05954473411179178,1.273738920750262,1.507154278468486,False
34,"(34,)",IPW_propensity_correct,0.8351489663476721,0.03849094835118091,0.7597067075793575,0.9105912251159867,True
34,"(34,)",IPW_propensity_wrong,1.3162462839843776,0.07647578112198511,1.1663537529852868,1.4661388149834684,False
34,"(34,)",Direct_Q_correct,0.8061041524966447,0.006367832902854374,0.7936232000070501,0.8185851049862393,True
34,"(34,)",Direct_Q_wrong,0.5946228124999987,0.010616033293700044,0.5738153872443467,0.6154302377556508,False
35,"(35,)",DR_both_correct,0.8079738778818691,0.009658631514130921,0.7890429601141725,0.8269047956495658,True
35,"(35,)",DR_propensity_correct_Q_wrong,0.8128221697984531,0.010137190430311048,0.7929532765550434,0.8326910630418628,True
35,"(35,)",DR_Q_correct_propensity_wrong,0.7568589889917967,0.053712949741192034,0.6515816074990604,0.8621363704845331,True
35,"(35,)",DR_both_wrong,1.358394060156249,0.052507422357173775,1.2554795123361884,1.4613086079763096,False
35,"(35,)",IPW_propensity_correct,0.7610073738506835,0.03726557689499331,0.6879668431364966,0.8340479045648704,True
35,"(35,)",IPW_propensity_wrong,1.2230352445312525,0.07119716759332201,1.0834887960483413,1.3625816930141637,False
35,"(35,)",Direct_Q_correct,0.8075876101812536,0.006410724673406502,0.7950225898213769,0.8201526305411303,True
35,"(35,)",Direct_Q_wrong,0.5998749999999985,0.0106176592472689,0.5790643878753514,0.6206856121246456,False
36,"(36,)",DR_both_correct,0.8132051456259917,0.009436605451922072,0.7947093989402244,0.8317008923117589,True
36,"(36,)",DR_propensity_correct_Q_wrong,0.8069840604443685,0.0100199466564747,0.7873449649976781,0.826623155891059,True
36,"(36,)",DR_Q_correct_propensity_wrong,0.7885908539444527,0.0532359567029164,0.6842483788067366,0.8929333290821688,True
36,"(36,)",DR_both_wrong,1.3530835519531235,0.052590458734985246,1.2500062528325524,1.4561608510736945,False
36,"(36,)",IPW_propensity_correct,0.8493669687113784,0.039722884590473295,0.7715101149140507,0.927223822508706,True
36,"(36,)",IPW_propensity_wrong,1.3041440472656272,0.07515118304692558,1.156847728493653,1.4514403660376014,False
36,"(36,)",Direct_Q_correct,0.811027046508987,0.006367153265760498,0.7985474261080965,0.8235066669098776,True
36,"(36,)",Direct_Q_wrong,0.6036265624999986,0.010616829710235096,0.5828175762679377,0.6244355487320594,False
37,"(37,)",DR_both_correct,0.7929557459030093,0.010201572912587024,0.7729606629943387,0.8129508288116799,True
37,"(37,)",DR_propensity_correct_Q_wrong,0.7914668004717152,0.010782461939662865,0.770333175069976,0.8126004258734545,True
37,"(37,)",DR_Q_correct_propensity_wrong,0.7329894111602335,0.05891998524087669,0.6175062400881153,0.8484725822323518,True
37,"(37,)",DR_both_wrong,1.3509312582031243,0.057184115302914625,1.2388503922094116,1.463012124196837,False
37,"(37,)",IPW_propensity_correct,0.7497175544087802,0.03688309037071789,0.6774266972821731,0.8220084115353873,True
37,"(37,)",IPW_propensity_wrong,1.2513835019531272,0.07341393384429079,1.1074921916183174,1.395274812287937,False
37,"(37,)",Direct_Q_correct,0.8054518616585195,0.006417499709362251,0.7928735622281694,0.8180301610888695,True
37,"(37,)",Direct_Q_wrong,0.5968737499999991,0.010617128351033739,0.576064178431973,0.6176833215680252,False
38,"(38,)",DR_both_correct,0.8065977527193213,0.009472693439859544,0.7880312735771966,0.825164231861446,True
38,"(38,)",DR_propensity_correct_Q_wrong,0.8083450928993957,0.01004181829045034,0.788663129050113,0.8280270567486784,True
38,"(38,)",DR_Q_correct_propensity_wrong,0.8745222782152337,0.050815794444157146,0.7749233211046856,0.9741212353257817,True
38,"(38,)",DR_both_wrong,1.4733955339843725,0.054849220229715986,1.3658910623341292,1.5809000056346159,False
38,"(38,)",IPW_propensity_correct,0.8618813645556682,0.0390203943850167,0.7854013915610355,0.9383613375503009,True
38,"(38,)",IPW_propensity_wrong,1.4781847148437506,0.0806212154501483,1.32016713256146,1.6362022971260413,False
38,"(38,)",Direct_Q_correct,0.8072515184881296,0.0063893356341270914,0.7947284206452405,0.8197746163310187,True
38,"(38,)",Direct_Q_wrong,0.5976240624999983,0.010617360621403095,0.5768140356820483,0.6184340893179484,False
39,"(39,)",DR_both_correct,0.8053758891488889,0.00970459790120173,0.7863548772625335,0.8243969010352443,True
39,"(39,)",DR_propensity_correct_Q_wrong,0.8054805849316025,0.010044070558261599,0.7857942066374097,0.8251669632257952,True
39,"(39,)",DR_Q_correct_propensity_wrong,0.9061338051117189,0.05409779138505647,0.8001021339970082,1.0121654762264296,False
39,"(39,)",DR_both_wrong,1.5431790863281256,0.058819727696702434,1.4278924200425889,1.6584657526136624,False
39,"(39,)",IPW_propensity_correct,0.7860281061673351,0.0361870231406577,0.715101540811646,0.8569546715230242,True
39,"(39,)",IPW_propensity_wrong,1.5098787328124998,0.08051960493123214,1.3520603071472848,1.667697158477715,False
39,"(39,)",Direct_Q_correct,0.7979526011247693,0.0064045956832520035,0.7853995935855954,0.8105056086639432,True
39,"(39,)",Direct_Q_wrong,0.5833681249999999,0.010601587874476336,0.5625890127660262,0.6041472372339736,False
40,"(40,)",DR_both_correct,0.7916280790240251,0.010121430264803926,0.7717900757050093,0.8114660823430409,True
40,"(40,)",DR_propensity_correct_Q_wrong,0.796169083962042,0.010865342852021448,0.7748730119720799,0.8174651559520041,True
40,"(40,)",DR_Q_correct_propensity_wrong,0.7864688144717953,0.054073014238764094,0.6804857065638177,0.8924519223797729,True
40,"(40,)",DR_both_wrong,1.401816610546875,0.056654423181097924,1.290773941111923,1.512859279981827,False
40,"(40,)",IPW_propensity_correct,0.7979043206140338,0.03801104249240879,0.7234026773289126,0.872405963899155,True
40,"(40,)",IPW_propensity_wrong,1.3670060425781276,0.08072329114539646,1.2087883919331506,1.5252236932231047,False
40,"(40,)",Direct_Q_correct,0.8011140361522693,0.006419411596119979,0.7885319894238741,0.8136960828806644,True
40,"(40,)",Direct_Q_wrong,0.5893706249999997,0.010611153938118477,0.5685727632812875,0.6101684867187119,False
41,"(41,)",DR_both_correct,0.7856418360131436,0.010213867879231862,0.7656226549698492,0.8056610170564381,True
41,"(41,)",DR_propensity_correct_Q_wrong,0.7834842093236012,0.01063087848546349,0.7626476874920928,0.8043207311551096,True
41,"(41,)",DR_Q_correct_propensity_wrong,0.8142152628693747,0.056490318789194915,0.7034942380425527,0.9249362876961967,True
41,"(41,)",DR_both_wrong,1.466781923046876,0.058715639919035986,1.3516992688055653,1.5818645772881865,False
41,"(41,)",IPW_propensity_correct,0.7606686769489014,0.037113053559539755,0.6879270919722035,0.8334102619255993,True
41,"(41,)",IPW_propensity_wrong,1.4338979425781255,0.08149382976543812,1.2741700362378667,1.5936258489183843,False
41,"(41,)",Direct_Q_correct,0.7897901500382855,0.00638689466240304,0.7772718364999754,0.8023084635765955,True
41,"(41,)",Direct_Q_wrong,0.5698625,0.010564437562511506,0.5491562023774775,0.5905687976225226,False
42,"(42,)",DR_both_correct,0.7995898994476828,0.009581853075899838,0.7808094674189191,0.8183703314764464,True
42,"(42,)",DR_propensity_correct_Q_wrong,0.8000116064830795,0.010243329667641401,0.7799346803345023,0.8200885326316566,True
42,"(42,)",DR_Q_correct_propensity_wrong,0.7742015978910544,0.05663670507382358,0.6631936559463601,0.8852095398357486,True
42,"(42,)",DR_both_wrong,1.4166262046875007,0.057779931892151776,1.3033775381788832,1.529874871196118,False
42,"(42,)",IPW_propensity_correct,0.7917228573117963,0.03835475800186746,0.716547531628136,0.8668981829954565,True
42,"(42,)",IPW_propensity_wrong,1.3775790937500023,0.07874149207389808,1.2232457692851622,1.5319124182148425,False
42,"(42,)",Direct_Q_correct,0.794367065652738,0.006392994481728875,0.7818367964685493,0.8068973348369266,True
42,"(42,)",Direct_Q_wrong,0.5773656249999993,0.010587754968439972,0.556613625261857,0.5981176247381417,False
43,"(43,)",DR_both_correct,0.8126693673881334,0.009087582783769664,0.7948577051319449,0.830481029644322,True
43,"(43,)",DR_propensity_correct_Q_wrong,0.8175694152108904,0.009692399301472107,0.7985723125800052,0.8365665178417757,True
43,"(43,)",DR_Q_correct_propensity_wrong,0.8263931166924995,0.05256765115228391,0.723360520434023,0.929425712950976,True
43,"(43,)",DR_both_wrong,1.4365178695312482,0.05348552579569175,1.3316862389716924,1.541349500090804,False
43,"(43,)",IPW_propensity_correct,0.8034240001957659,0.03708037724757569,0.7307464607905175,0.8761015396010142,True
43,"(43,)",IPW_propensity_wrong,1.3053806320312538,0.07219258508426683,1.1638831652660908,1.4468780987964167,False
43,"(43,)",Direct_Q_correct,0.7987566089467215,0.0063783004012131946,0.7862551401603437,0.8112580777330993,True
43,"(43,)",Direct_Q_wrong,0.5826178124999992,0.010600092397204533,0.5618416314014784,0.6033939935985201,False
44,"(44,)",DR_both_correct,0.8179840144045355,0.009131750389362413,0.8000857836413852,0.8358822451676858,False
44,"(44,)",DR_propensity_correct_Q_wrong,0.8200872670638074,0.009661980423771142,0.801149785433216,0.8390247486943988,False
44,"(44,)",DR_Q_correct_propensity_wrong,0.8184525729799611,0.054450125798090644,0.7117303264157034,0.9251748195442188,True
44,"(44,)",DR_both_wrong,1.4398801992187495,0.057614343751394854,1.3269560854660156,1.5528043129714835,False
44,"(44,)",IPW_propensity_correct,0.7969039820843011,0.037296634868680845,0.7238025777416867,0.8700053864269156,True
44,"(44,)",IPW_propensity_wrong,1.355623216406252,0.07782050021236936,1.203095035990008,1.508151396822496,False
44,"(44,)",Direct_Q_correct,0.8095343377466441,0.006335106411811229,0.7971175291794941,0.8219511463137941,True
44,"(44,)",Direct_Q_wrong,0.5983743749999986,0.010617526525698757,0.5775640230096291,0.6191847269903681,False
45,"(45,)",DR_both_correct,0.8025272057694507,0.009715650052697587,0.7834845316661634,0.821569879872738,True
45,"(45,)",DR_propensity_correct_Q_wrong,0.7965771323277729,0.01015080800591927,0.7766815486361712,0.8164727160193747,True
45,"(45,)",DR_Q_correct_propensity_wrong,0.826494150237578,0.05474645016036101,0.7191911079232705,0.9337971925518855,True
45,"(45,)",DR_both_wrong,1.4324648355468756,0.05683891210014626,1.321060567830589,1.5438691032631624,False
45,"(45,)",IPW_propensity_correct,0.7948941508003843,0.03860904654328369,0.7192204195755483,0.8705678820252203,True
45,"(45,)",IPW_propensity_wrong,1.392029003906253,0.08019904248987374,1.2348388806261006,1.5492191271864055,False
45,"(45,)",Direct_Q_correct,0.8022238399260195,0.006457404721657624,0.7895673266715706,0.8148803531804685,True
45,"(45,)",Direct_Q_wrong,0.5938724999999988,0.010615535503023767,0.5730660504140722,0.6146789495859254,False
46,"(46,)",DR_both_correct,0.7901782333529103,0.00968337939453753,0.7711988097396167,0.8091576569662038,True
46,"(46,)",DR_propensity_correct_Q_wrong,0.7914688948318114,0.010106197482068185,0.7716607477669577,0.811277041896665,True
46,"(46,)",DR_Q_correct_propensity_wrong,0.8328741933790635,0.05436727862975396,0.7263143272647458,0.9394340594933813,True
46,"(46,)",DR_both_wrong,1.5139054984375004,0.058441632429615385,1.3993598988754543,1.6284510979995466,False
46,"(46,)",IPW_propensity_correct,0.6792725796661253,0.034425189541613666,0.6117992081645626,0.746745951167688,False
46,"(46,)",IPW_propensity_wrong,1.4065791738281255,0.08372895855024051,1.2424704150696542,1.5706879325865968,False
46,"(46,)",Direct_Q_correct,0.7977375532913316,0.0063902337679892915,0.7852126951060725,0.8102624114765906,True
46,"(46,)",Direct_Q_wrong,0.5818674999999983,0.010598530228984868,0.561094380751188,0.6026406192488086,False
47,"(47,)",DR_both_correct,0.7852616563740679,0.010172378625829707,0.7653237942674417,0.805199518480694,True
47,"(47,)",DR_propensity_correct_Q_wrong,0.7869402320867903,0.010965392052467009,0.765448063663955,0.8084324005096256,True
47,"(47,)",DR_Q_correct_propensity_wrong,0.8251450731181634,0.055333292155017,0.7166918204943301,0.9335983257419967,True
47,"(47,)",DR_both_wrong,1.4741382148437507,0.057280251866200546,1.3618689211859976,1.586407508501504,False
47,"(47,)",IPW_propensity_correct,0.8452791091100639,0.03865362089053278,0.7695180121646197,0.9210402060555081,True
47,"(47,)",IPW_propensity_wrong,1.5049442414062517,0.07834131017630963,1.3513952734606849,1.6584932093518185,False
47,"(47,)",Direct_Q_correct,0.7946902730299257,0.0064114278672914,0.7821238744100345,0.8072566716498168,True
47,"(47,)",Direct_Q_wrong,0.5788662499999988,0.01059161403755101,0.5581066864863988,0.5996258135135988,False
48,"(48,)",DR_both_correct,0.7747125235935843,0.010381845719376474,0.7543641059836065,0.7950609412035622,False
48,"(48,)",DR_propensity_correct_Q_wrong,0.7767435927050842,0.01077114570120249,0.7556321471307273,0.797855038279441,False
48,"(48,)",DR_Q_correct_propensity_wrong,0.6538682885811711,0.06400333553760691,0.5284217509274616,0.7793148262348806,False
48,"(48,)",DR_both_wrong,1.3333189089843724,0.06071497396312361,1.2143175600166503,1.4523202579520946,False
48,"(48,)",IPW_propensity_correct,0.7817645724276829,0.038231823258683025,0.7068301988406642,0.8566989460147016,True
48,"(48,)",IPW_propensity_wrong,1.4068694343750021,0.08285658505162717,1.2444705276738128,1.5692683410761914,False
48,"(48,)",Direct_Q_correct,0.7909302495533622,0.0063843962362997355,0.7784168329302147,0.8034436661765098,True
48,"(48,)",Direct_Q_wrong,0.5713631249999993,0.010569638467464075,0.5506466336037698,0.5920796163962289,False
49,"(49,)",DR_both_correct,0.7910550781448608,0.009739759492389482,0.7719651495397774,0.8101450067499442,True
49,"(49,)",DR_propensity_correct_Q_wrong,0.7903561478079796,0.010089587319045273,0.7705805566626508,0.8101317389533084,True
49,"(49,)",DR_Q_correct_propensity_wrong,0.7410791120554685,0.05834915811573411,0.6267147621486296,0.8554434619623074,True
49,"(49,)",DR_both_wrong,1.417788626562501,0.05976792475085965,1.300643494050816,1.534933759074186,False
49,"(49,)",IPW_propensity_correct,0.8504443738579937,0.03999414550183959,0.772055848674388,0.9288328990415993,True
49,"(49,)",IPW_propensity_wrong,1.4162465460937506,0.07832795742551102,1.262723749539749,1.5697693426477521,False
49,"(49,)",Direct_Q_correct,0.7951143734744568,0.006406209041596708,0.7825582037529273,0.8076705431959863,True
49,"(49,)",Direct_Q_wrong,0.5788662499999994,0.010591614037550929,0.5581066864863995,0.5996258135135992,False
50,"(50,)",DR_both_correct,0.8064748999606762,0.009861424634289689,0.7871465076774684,0.825803292243884,True
50,"(50,)",DR_propensity_correct_Q_wrong,0.8093371626732042,0.010341506419962372,0.789067810090078,0.8296065152563304,True
50,"(50,)",DR_Q_correct_propensity_wrong,0.7158990895174995,0.06065429995680234,0.5970166616021669,0.834781517432832,True
50,"(50,)",DR_both_wrong,1.349891757812501,0.058750180378499106,1.2347414042706426,1.4650421113543592,False
50,"(50,)",IPW_propensity_correct,0.7800523332237016,0.036757964284206836,0.7080067232266563,0.852097943220747,True
50,"(50,)",IPW_propensity_wrong,1.265802457031251,0.07473298151375382,1.1193258132642934,1.4122791007982085,False
50,"(50,)",Direct_Q_correct,0.8067152478788319,0.006319639014478835,0.7943287554104533,0.8191017403472104,True
50,"(50,)",Direct_Q_wrong,0.593122187499999,0.010614971312037038,0.5723168437284064,0.6139275312715916,False
51,"(51,)",DR_both_correct,0.792491248981222,0.010107598096455601,0.7726803567121691,0.812302141250275,True
51,"(51,)",DR_propensity_correct_Q_wrong,0.7972612744228519,0.01067272416508018,0.7763427350592947,0.818179813786409,True
51,"(51,)",DR_Q_correct_propensity_wrong,0.712337531192695,0.058873123644373845,0.5969462088497223,0.8277288535356678,True
51,"(51,)",DR_both_wrong,1.3582591859374997,0.05721795075418394,1.246112002459299,1.4704063694157004,False
51,"(51,)",IPW_propensity_correct,0.7689993242046593,0.03696428865251803,0.696549318445724,0.8414493299635947,True
51,"(51,)",IPW_propensity_wrong,1.3258267757812519,0.07784854244456792,1.1732436325898987,1.478409918972605,False
51,"(51,)",Direct_Q_correct,0.7994551965918785,0.006426419795970949,0.7868594137917754,0.8120509793919816,True
51,"(51,)",Direct_Q_wrong,0.5878699999999987,0.010609161719499216,0.5670760430297802,0.6086639569702171,False
52,"(52,)",DR_both_correct,0.7909636296238424,0.009668962885801886,0.7720124623676706,0.8099147968800141,True
52,"(52,)",DR_propensity_correct_Q_wrong,0.7881864890473629,0.01042703241136805,0.7677495055210815,0.8086234725736443,True
52,"(52,)",DR_Q_correct_propensity_wrong,0.7975475384717189,0.05753023965162756,0.6847882687545288,0.910306808188909,True
52,"(52,)",DR_both_wrong,1.4420487226562495,0.05814282273047863,1.3280887901045113,1.5560086552079877,False
52,"(52,)",IPW_propensity_correct,0.7730589447022915,0.03845282428413825,0.6976914091053805,0.8484264802992025,True
52,"(52,)",IPW_propensity_wrong,1.3641196125000017,0.07848443752005792,1.2102901149606882,1.5179491100393152,False
52,"(52,)",Direct_Q_correct,0.7939742739593784,0.006409630498805903,0.7814113981817188,0.8065371497370379,True
52,"(52,)",Direct_Q_wrong,0.5773656250000001,0.010587754968439984,0.5566136252618578,0.5981176247381425,False
53,"(53,)",DR_both_correct,0.7984611879141106,0.009649885943097609,0.7795474114656392,0.817374964362582,True
53,"(53,)",DR_propensity_correct_Q_wrong,0.8004308251459712,0.0101235800065245,0.7805886083331832,0.8202730419587592,True
53,"(53,)",DR_Q_correct_propensity_wrong,0.774972691188398,0.060519280572988055,0.6563549012653414,0.8935904811114546,True
53,"(53,)",DR_both_wrong,1.440761664453126,0.06081716122265078,1.3215600284567306,1.5599633004495215,False
53,"(53,)",IPW_propensity_correct,0.8136130011058867,0.037714835547178006,0.7396919234334178,0.8875340787783557,True
53,"(53,)",IPW_propensity_wrong,1.4205435410156262,0.08097805688770772,1.261826549515719,1.5792605325155333,False
53,"(53,)",Direct_Q_correct,0.7920776155448469,0.006409244011100265,0.7795154972830903,0.8046397338066035,True
53,"(53,)",Direct_Q_wrong,0.5743643749999987,0.010579233420768304,0.5536290774952928,0.5950996725047046,False
54,"(54,)",DR_both_correct,0.7887796613119734,0.009759255239764635,0.7696515210420347,0.8079078015819121,True
54,"(54,)",DR_propensity_correct_Q_wrong,0.7915151081526762,0.01058571585451689,0.7707671050778231,0.8122631112275294,True
54,"(54,)",DR_Q_correct_propensity_wrong,0.7965717298040227,0.056000575180760695,0.6868106024497317,0.9063328571583137,True
54,"(54,)",DR_both_wrong,1.4389356765624988,0.05764671664764285,1.3259481119331187,1.5519232411918789,False
54,"(54,)",IPW_propensity_correct,0.7856282632355834,0.03782976932888573,0.7114819153509674,0.8597746111201995,True
54,"(54,)",IPW_propensity_wrong,1.420585300781253,0.07976035168434006,1.2642550114799465,1.5769155900825595,False
54,"(54,)",Direct_Q_correct,0.7947548751335978,0.006396806835302259,0.7822171337364053,0.8072926165307902,True
54,"(54,)",Direct_Q_wrong,0.5773656249999982,0.010587754968439993,0.5566136252618559,0.5981176247381406,False
55,"(55,)",DR_both_correct,0.7956073102892602,0.009642314436472664,0.7767083739937738,0.8145062465847467,True
55,"(55,)",DR_propensity_correct_Q_wrong,0.7987907828389602,0.010004504097735562,0.7791819548073985,0.8183996108705219,True
55,"(55,)",DR_Q_correct_propensity_wrong,0.8489170126692194,0.056846183640644754,0.7374984927335556,0.9603355326048831,True
55,"(55,)",DR_both_wrong,1.5062019921874998,0.058249260110132164,1.3920334423716407,1.620370542003359,False
55,"(55,)",IPW_propensity_correct,0.8600953276585589,0.03923003466945415,0.7832044597064287,0.9369861956106891,True
55,"(55,)",IPW_propensity_wrong,1.6041492093749992,0.08457101083077909,1.4383900281466722,1.7699083906033262,False
55,"(55,)",Direct_Q_correct,0.7890408576152373,0.006410477338054006,0.7764763220326515,0.8016053931978232,True
55,"(55,)",Direct_Q_wrong,0.5698624999999992,0.010564437562511509,0.5491562023774766,0.5905687976225217,False
56,"(56,)",DR_both_correct,0.8166487437127278,0.009392761882303917,0.7982389304234121,0.8350585570020435,True
56,"(56,)",DR_propensity_correct_Q_wrong,0.8134265870651164,0.009883389788341931,0.7940551430799662,0.8327980310502666,True
56,"(56,)",DR_Q_correct_propensity_wrong,0.8707391746443359,0.0517385053028503,0.7693317042507494,0.9721466450379225,True
56,"(56,)",DR_both_wrong,1.4611410050781266,0.05451475646292291,1.3542920824107978,1.5679899277454554,False
56,"(56,)",IPW_propensity_correct,0.8128147044474402,0.03954098635863689,0.7353143711845119,0.8903150377103685,True
56,"(56,)",IPW_propensity_wrong,1.385812067578126,0.0769665853923961,1.2349575602090297,1.5366665749472224,False
56,"(56,)",Direct_Q_correct,0.8134583268959418,0.00637775223993724,0.8009579325056648,0.8259587212862187,False
56,"(56,)",Direct_Q_wrong,0.6088787499999985,0.010612880225085504,0.5880775047588309,0.629679995241166,False
57,"(57,)",DR_both_correct,0.8141389505196558,0.008964281353447782,0.7965689590668982,0.8317089419724134,True
57,"(57,)",DR_propensity_correct_Q_wrong,0.8109119648237901,0.009849276850754606,0.7916073821963111,0.8302165474512692,True
57,"(57,)",DR_Q_correct_propensity_wrong,0.858422016578125,0.04689362251891909,0.7665105164410436,0.9503335167152064,True
57,"(57,)",DR_both_wrong,1.4390514011718742,0.05036198493242449,1.3403419107043222,1.5377608916394263,False
57,"(57,)",IPW_propensity_correct,0.8158394748761143,0.03852313132014928,0.7403341374886218,0.8913448122636068,True
57,"(57,)",IPW_propensity_wrong,1.340152903125002,0.07552387199119584,1.192126114022258,1.4881796922277457,False
57,"(57,)",Direct_Q_correct,0.8073590424048476,0.0063963225994106135,0.7948222501100027,0.8198958346996924,True
57,"(57,)",Direct_Q_wrong,0.5983743749999989,0.01061752652569876,0.5775640230096293,0.6191847269903685,False
58,"(58,)",DR_both_correct,0.7778687455590115,0.010458969946971234,0.7573691644629479,0.7983683266550752,False
58,"(58,)",DR_propensity_correct_Q_wrong,0.7841072667319361,0.010779000116810584,0.7629804265029874,0.8052341069608848,True
58,"(58,)",DR_Q_correct_propensity_wrong,0.7733537837185542,0.06057082170003664,0.6546349731864824,0.892072594250626,True
58,"(58,)",DR_both_wrong,1.4686694035156236,0.06200373035237221,1.3471420920249741,1.590196715006273,False
58,"(58,)",IPW_propensity_correct,0.7335191838185986,0.0360614352186923,0.6628387707899617,0.8041995968472355,True
58,"(58,)",IPW_propensity_wrong,1.3768318101562529,0.08019552003193649,1.2196485908936574,1.5340150294188484,False
58,"(58,)",Direct_Q_correct,0.7863243094516449,0.006411777333338891,0.7737572258783006,0.7988913930249891,True
58,"(58,)",Direct_Q_wrong,0.5653606249999984,0.010547216298329873,0.5446880810552719,0.5860331689447249,False
59,"(59,)",DR_both_correct,0.7914274212452799,0.009732276277407892,0.7723521597415604,0.8105026827489994,True
59,"(59,)",DR_propensity_correct_Q_wrong,0.7921870203881086,0.010337188730785409,0.7719261304757692,0.812447910300448,True
59,"(59,)",DR_Q_correct_propensity_wrong,0.8497796122387894,0.05601615118933869,0.7399879559076856,0.9595712685698932,True
59,"(59,)",DR_both_wrong,1.5210812343749998,0.058589179399042915,1.4062464427528756,1.635916025997124,False
59,"(59,)",IPW_propensity_correct,0.7716770466293522,0.037337621734581695,0.698495308029572,0.8448587852291324,True
59,"(59,)",IPW_propensity_wrong,1.5038768074218754,0.07878624930397497,1.3494557587860845,1.6582978560576662,False
59,"(59,)",Direct_Q_correct,0.7927734638230501,0.006379902553558228,0.7802688548180761,0.8052780728280242,True
59,"(59,)",Direct_Q_wrong,0.5736140624999989,0.010576935422746367,0.552883269071416,0.5943448559285818,False
60,"(60,)",DR_both_correct,0.8014425141513142,0.009856605066711831,0.782123568220559,0.8207614600820694,True
60,"(60,)",DR_propensity_correct_Q_wrong,0.8044871491111009,0.010414066521008843,0.7840755787299235,0.8248987194922782,True
60,"(60,)",DR_Q_correct_propensity_wrong,0.8615653783643737,0.05229111560103841,0.7590747917863385,0.964055964942409,True
60,"(60,)",DR_both_wrong,1.4712927812500012,0.054397079653200835,1.3646745051297275,1.5779110573702748,False
60,"(60,)",IPW_propensity_correct,0.8779458147894437,0.04006247026995552,0.7994233730603308,0.9564682565185565,False
60,"(60,)",IPW_propensity_wrong,1.5000545320312535,0.08096178422724885,1.3413694349458458,1.6587396291166612,False
60,"(60,)",Direct_Q_correct,0.8037138093214108,0.006413224355242098,0.7911438895851363,0.8162837290576853,True
60,"(60,)",Direct_Q_wrong,0.5931221874999981,0.010614971312037038,0.5723168437284055,0.6139275312715907,False
61,"(61,)",DR_both_correct,0.7990621542166045,0.009669644089755675,0.7801096518006834,0.8180146566325257,True
61,"(61,)",DR_propensity_correct_Q_wrong,0.7980759260860647,0.009992034731712299,0.7784915380119086,0.8176603141602208,True
61,"(61,)",DR_Q_correct_propensity_wrong,0.7571763320586716,0.05799014298689306,0.6435156518043612,0.870837012312982,True
61,"(61,)",DR_both_wrong,1.4019582808593765,0.057388109390744756,1.2894775864535168,1.514438975265236,False
61,"(61,)",IPW_propensity_correct,0.7795752533876622,0.03722829079139133,0.7066078034365352,0.8525427033387892,True
61,"(61,)",IPW_propensity_wrong,1.365380452734376,0.07689814246582441,1.2146600935013603,1.5161008119673918,False
61,"(61,)",Direct_Q_correct,0.8005794141798481,0.006400955649924182,0.7880335411059968,0.8131252872536995,True
61,"(61,)",Direct_Q_wrong,0.5871196874999992,0.010608065839780098,0.5663278784540302,0.6079114965459682,False
62,"(62,)",DR_both_correct,0.8061011045990248,0.009429231475070672,0.7876198109078864,0.8245823982901633,True
62,"(62,)",DR_propensity_correct_Q_wrong,0.8072889565295871,0.009836820875716449,0.7880087876131828,0.8265691254459914,True
62,"(62,)",DR_Q_correct_propensity_wrong,0.9312055556692964,0.05410807785573125,0.8251537230720631,1.0372573882665297,False
62,"(62,)",DR_both_wrong,1.560586114062499,0.057507052742774525,1.447872290686661,1.673299937438337,False
62,"(62,)",IPW_propensity_correct,0.8384053778602681,0.03880116727930774,0.762355089992825,0.9144556657277113,True
62,"(62,)",IPW_propensity_wrong,1.4660264695312513,0.07831175395793225,1.3125354317737041,1.6195175072887984,False
62,"(62,)",Direct_Q_correct,0.7956489954468787,0.006425219043867541,0.7830555661208983,0.8082424247728591,True
62,"(62,)",Direct_Q_wrong,0.5811171874999992,0.010596901340322998,0.5603472608729662,0.6018871141270322,False
63,"(63,)",DR_both_correct,0.8034714937370547,0.009150373546310873,0.7855367615862854,0.8214062258878241,True
63,"(63,)",DR_propensity_correct_Q_wrong,0.7984533511228581,0.009824327742120137,0.7791976687483027,0.8177090334974135,True
63,"(63,)",DR_Q_correct_propensity_wrong,0.8738332829839847,0.055380249328079785,0.7652879943009483,0.982378571667021,True
63,"(63,)",DR_both_wrong,1.5039138937499983,0.05959874113141842,1.3871003611324182,1.6207274263675784,False
63,"(63,)",IPW_propensity_correct,0.8209670292868738,0.038157888126555524,0.746177568558825,0.8957564900149226,True
63,"(63,)",IPW_propensity_wrong,1.4418108796875007,0.0806051411634565,1.283824803007126,1.5997969563678753,False
63,"(63,)",Direct_Q_correct,0.7978652280003942,0.006428718459043803,0.7852649398206684,0.81046551618012,True
63,"(63,)",Direct_Q_wrong,0.5848687499999993,0.010604378867778442,0.5640841674191536,0.605653332580845,False
64,"(64,)",DR_both_correct,0.8178998762492904,0.009409408451873819,0.7994574356836177,0.8363423168149631,False
64,"(64,)",DR_propensity_correct_Q_wrong,0.8196180064452553,0.010163081662661005,0.7996983663864398,0.8395376465040708,False
64,"(64,)",DR_Q_correct_propensity_wrong,0.9012036976909008,0.051798534282334406,0.7996785704975253,1.0027288248842763,False
64,"(64,)",DR_both_wrong,1.4992346750000016,0.05495059606434096,1.3915315067138934,1.60693784328611,False
64,"(64,)",IPW_propensity_correct,0.8329352152050841,0.03864857130963604,0.7571840154381975,0.9086864149719707,True
64,"(64,)",IPW_propensity_wrong,1.4490079722656264,0.07918009531239717,1.2938149854533278,1.604200959077925,False
64,"(64,)",Direct_Q_correct,0.811309316674457,0.006324870266459534,0.7989125709521964,0.8237060623967177,False
64,"(64,)",Direct_Q_wrong,0.6013756249999989,0.010617526525698756,0.5805652730096293,0.6221859769903684,False
65,"(65,)",DR_both_correct,0.7977728139796908,0.009766928724356954,0.7786296336799512,0.8169159942794304,True
65,"(65,)",DR_propensity_correct_Q_wrong,0.7959512673687871,0.01018110736951361,0.7759962969245404,0.8159062378130337,True
65,"(65,)",DR_Q_correct_propensity_wrong,0.7894043917666792,0.05533882126536046,0.6809403020865727,0.8978684814467857,True
65,"(65,)",DR_both_wrong,1.4066503582031258,0.05653600442192069,1.2958397895361613,1.5174609268700903,False
65,"(65,)",IPW_propensity_correct,0.8127730032032325,0.03828734846852239,0.7377298002049286,0.8878162062015365,True
65,"(65,)",IPW_propensity_wrong,1.3774228757812508,0.07702128039469537,1.226461166207648,1.5283845853548537,False
65,"(65,)",Direct_Q_correct,0.7964800431547693,0.006400346567116885,0.7839353638832202,0.8090247224263184,True
65,"(65,)",Direct_Q_wrong,0.5803668749999992,0.010595205700446484,0.559600271827124,0.6011334781728743,False
66,"(66,)",DR_both_correct,0.7892627887356405,0.009870728507644993,0.7699161608606563,0.8086094166106247,True
66,"(66,)",DR_propensity_correct_Q_wrong,0.7877502282548042,0.010748343395426116,0.7666834751997691,0.8088169813098394,True
66,"(66,)",DR_Q_correct_propensity_wrong,0.7850231563016404,0.05774481789286776,0.6718433132316196,0.8982029993716613,True
66,"(66,)",DR_both_wrong,1.4507258015624993,0.06036568176724077,1.3324090652987075,1.569042537826291,False
66,"(66,)",IPW_propensity_correct,0.7820402392820323,0.038237365042498445,0.7070950037987354,0.8569854747653292,True
66,"(66,)",IPW_propensity_wrong,1.4046498398437506,0.07924574870493548,1.249328172382077,1.559971507305424,False
66,"(66,)",Direct_Q_correct,0.7952011109718,0.006385360455816933,0.7826858044783989,0.8077164174652012,True
66,"(66,)",Direct_Q_wrong,0.5781159374999989,0.010589717946569044,0.5573600903247236,0.5988717846752742,False
67,"(67,)",DR_both_correct,0.8149233964959689,0.009483031441088231,0.796336654871436,0.8335101381205018,True
67,"(67,)",DR_propensity_correct_Q_wrong,0.8151956923948357,0.009911249816508814,0.7957696427544784,0.834621742035193,True
67,"(67,)",DR_Q_correct_propensity_wrong,0.8108418938407814,0.05276381572890157,0.7074248150121344,0.9142589726694285,True
67,"(67,)",DR_both_wrong,1.434309100000001,0.055824368605719835,1.32489333753279,1.543724862467212,False
67,"(67,)",IPW_propensity_correct,0.7635434289828154,0.036890274699318375,0.6912384905721514,0.8358483673934793,True
67,"(67,)",IPW_propensity_wrong,1.3467981281250017,0.07640552673437861,1.1970432957256196,1.4965529605243837,False
67,"(67,)",Direct_Q_correct,0.809104242079769,0.006307012739826289,0.7967424971097096,0.8214659870498285,True
67,"(67,)",Direct_Q_wrong,0.5953731249999997,0.010616464693406125,0.5745648542009237,0.6161813957990757,False
68,"(68,)",DR_both_correct,0.8002232881702173,0.00977154669639654,0.7810710566452801,0.8193755196951544,True
68,"(68,)",DR_propensity_correct_Q_wrong,0.8038935550747064,0.010425396453137788,0.7834597780265563,0.8243273321228565,True
68,"(68,)",DR_Q_correct_propensity_wrong,0.8237608026628519,0.057633843730064346,0.7107984689519258,0.936723136373778,True
68,"(68,)",DR_both_wrong,1.4822566734375004,0.0584976686980499,1.3676012427893227,1.5969121040856782,False
68,"(68,)",IPW_propensity_correct,0.802497012768935,0.03636150923768042,0.7312284546630814,0.8737655708747887,True
68,"(68,)",IPW_propensity_wrong,1.4600605078124989,0.08096758144176372,1.301364048186642,1.6187569674383557,False
68,"(68,)",Direct_Q_correct,0.7947516192782067,0.0064408563931038516,0.7821275407477232,0.8073756978086902,True
68,"(68,)",Direct_Q_wrong,0.5803668749999985,0.010595205700446478,0.5596002718271234,0.6011334781728737,False
69,"(69,)",DR_both_correct,0.8138931270047054,0.009298226344204056,0.7956686033700654,0.8321176506393454,True
69,"(69,)",DR_propensity_correct_Q_wrong,0.8135208373760586,0.009958591036303248,0.7940019989449043,0.8330396758072129,True
69,"(69,)",DR_Q_correct_propensity_wrong,0.8789826328119517,0.05243252402707624,0.7762148857188822,0.9817503799050211,True
69,"(69,)",DR_both_wrong,1.4814939937499998,0.05448998574418753,1.3746936216913923,1.5882943658086073,False
69,"(69,)",IPW_propensity_correct,0.8396875648932602,0.03841923617024381,0.7643858619995824,0.9149892677869381,True
69,"(69,)",IPW_propensity_wrong,1.432292353125,0.07611454987239,1.2831078353751155,1.5814768708748845,False
69,"(69,)",Direct_Q_correct,0.8044261751537536,0.0063998921833568765,0.7918823864743741,0.816969963833133,True
69,"(69,)",Direct_Q_wrong,0.593872499999999,0.01061553550302375,0.5730660504140724,0.6146789495859256,False
70,"(70,)",DR_both_correct,0.8097899549159417,0.00957765721882042,0.7910177467670537,0.8285621630648298,True
70,"(70,)",DR_propensity_correct_Q_wrong,0.8099175563724345,0.01043838802699183,0.7894583158395305,0.8303767969053384,True
70,"(70,)",DR_Q_correct_propensity_wrong,0.8465058885885535,0.05031118575880684,0.747895964501292,0.9451158126758149,True
70,"(70,)",DR_both_wrong,1.4738286015624993,0.053636866235593,1.368700343740737,1.5789568593842616,False
70,"(70,)",IPW_propensity_correct,0.7844720701465707,0.037520744385198646,0.7109314111515814,0.85801272914156,True
70,"(70,)",IPW_propensity_wrong,1.3674534726562526,0.07724899380057589,1.2160454448071238,1.5188615005053814,False
70,"(70,)",Direct_Q_correct,0.803919228694301,0.006379351518328342,0.7914156997183774,0.8164227576702245,True
70,"(70,)",Direct_Q_wrong,0.5908712499999981,0.010612880225085592,0.5700700047588303,0.6116724952411658,False
71,"(71,)",DR_both_correct,0.802693546875352,0.009658453044385526,0.7837629789083563,0.8216241148423477,True
71,"(71,)",DR_propensity_correct_Q_wrong,0.8091944012776523,0.010182301281678673,0.7892370907655621,0.8291517117897425,True
71,"(71,)",DR_Q_correct_propensity_wrong,0.7559433066869132,0.05860998761128091,0.6410677309688027,0.8708188824050238,True
71,"(71,)",DR_both_wrong,1.4218195351562488,0.058318930605248065,1.3075144311699627,1.536124639142535,False
71,"(71,)",IPW_propensity_correct,0.7870457238449924,0.037989337112552195,0.71258662310439,0.8615048245855947,True
71,"(71,)",IPW_propensity_wrong,1.3597196976562507,0.0777163904968814,1.207395572282363,1.5120438230301383,False
71,"(71,)",Direct_Q_correct,0.7940741540168781,0.006330975715750889,0.7816654416140063,0.8064828664197499,True
71,"(71,)",Direct_Q_wrong,0.5728637499999997,0.010574570294777715,0.5521375922222354,0.593589907777764,False
72,"(72,)",DR_both_correct,0.8209799059444356,0.00979251937850119,0.8017865679625733,0.8401732439262979,False
72,"(72,)",DR_propensity_correct_Q_wrong,0.8132157222375256,0.01032541847932806,0.7929779020180426,0.8334535424570085,True
72,"(72,)",DR_Q_correct_propensity_wrong,0.7972874161079679,0.051765323602414356,0.6958273818472358,0.8987474503687001,True
72,"(72,)",DR_both_wrong,1.3171311761718756,0.051845930931001996,1.2155131515471116,1.4187492007966396,False
72,"(72,)",IPW_propensity_correct,0.8447046375727949,0.03889552882494729,0.7684694010758982,0.9209398740696916,True
72,"(72,)",IPW_propensity_wrong,1.2242457046875022,0.06800888595568264,1.0909482882143642,1.3575431211606401,False
72,"(72,)",Direct_Q_correct,0.8162071968205515,0.006428012540431088,0.8036082922413066,0.8288061013997965,False
72,"(72,)",Direct_Q_wrong,0.6163818749999982,0.010601587874476315,0.5956027627660246,0.6371609872339717,False
73,"(73,)",DR_both_correct,0.7988173994093011,0.009887087061571972,0.77943870876862,0.8181960900499822,True
73,"(73,)",DR_propensity_correct_Q_wrong,0.8038922852297133,0.01042377482143004,0.7834616865797105,0.8243228838797162,True
73,"(73,)",DR_Q_correct_propensity_wrong,0.7876277991423817,0.057903161277481366,0.6741376030385182,0.9011179952462451,True
73,"(73,)",DR_both_wrong,1.441597563671875,0.05722942467994956,1.329427891299174,1.553767236044576,False
73,"(73,)",IPW_propensity_correct,0.8237987850548989,0.03762887977681563,0.7500461806923403,0.8975513894174575,True
73,"(73,)",IPW_propensity_wrong,1.447546748437502,0.07958631859380233,1.2915575639936494,1.6035359328813545,False
73,"(73,)",Direct_Q_correct,0.7998060794820353,0.006442107899327002,0.7871795479993544,0.8124326109647162,True
73,"(73,)",Direct_Q_wrong,0.5886203124999987,0.01061019107915905,0.567824337984847,0.6094162870151504,False
74,"(74,)",DR_both_correct,0.7994872755409201,0.009663267238266538,0.7805472717539177,0.8184272793279226,True
74,"(74,)",DR_propensity_correct_Q_wrong,0.7983942975770766,0.010114416174617077,0.7785700418748271,0.818218553279326,True
74,"(74,)",DR_Q_correct_propensity_wrong,0.8719815431698834,0.05447378803725452,0.7652129186168646,0.9787501677229022,True
74,"(74,)",DR_both_wrong,1.5049590874999998,0.05733901340882414,1.3925746212187045,1.6173435537812952,False
74,"(74,)",IPW_propensity_correct,0.8099694137555339,0.038193993100752735,0.7351091872780585,0.8848296402330093,True
74,"(74,)",IPW_propensity_wrong,1.4397396773437519,0.07904918472009366,1.2848032752923684,1.5946760793951353,False
74,"(74,)",Direct_Q_correct,0.7890745283505497,0.006442251088604487,0.7764477162168849,0.8017013404842145,True
74,"(74,)",Direct_Q_wrong,0.5721134374999987,0.01057213799180873,0.5513920470360536,0.5928348279639437,False
75,"(75,)",DR_both_correct,0.7884199163552027,0.009905315768777553,0.7690054974483987,0.8078343352620067,True
75,"(75,)",DR_propensity_correct_Q_wrong,0.7888799359202817,0.010822137431693805,0.7676685465541618,0.8100913252864016,True
75,"(75,)",DR_Q_correct_propensity_wrong,0.7738507447339845,0.05637965550072537,0.6633466199525628,0.8843548695154062,True
75,"(75,)",DR_both_wrong,1.431259824609374,0.058676702259918806,1.316253488179933,1.5462661610388149,False
75,"(75,)",IPW_propensity_correct,0.756143600482146,0.0376566142116625,0.6823366366272875,0.8299505643370045,True
75,"(75,)",IPW_propensity_wrong,1.3646851921875014,0.07826366882394276,1.2112884012925735,1.5180819830824293,False
75,"(75,)",Direct_Q_correct,0.791593440106097,0.00637799460832815,0.7790925706737738,0.8040943095384202,True
75,"(75,)",Direct_Q_wrong,0.5713631249999989,0.010569638467464079,0.5506466336037693,0.5920796163962284,False
76,"(76,)",DR_both_correct,0.8009276772982911,0.009851608528325397,0.7816185245827733,0.8202368300138089,True
76,"(76,)",DR_propensity_correct_Q_wrong,0.8038207335331158,0.010402368597792509,0.7834320910814425,0.824209375984789,True
76,"(76,)",DR_Q_correct_propensity_wrong,0.7595844980943744,0.06021416637480475,0.6415647319997572,0.8776042641889917,True
76,"(76,)",DR_both_wrong,1.4026371640625,0.059716416697441654,1.2855929873355143,1.5196813407894856,False
76,"(76,)",IPW_propensity_correct,0.7572063926243463,0.037340270647542,0.684019462155164,0.8303933230935286,True
76,"(76,)",IPW_propensity_wrong,1.33234780078125,0.07971498370849499,1.1761064327125998,1.4885891688499,False
76,"(76,)",Direct_Q_correct,0.8000240057880501,0.006354201048741412,0.787569771732517,0.8124782398435832,True
76,"(76,)",Direct_Q_wrong,0.5833681249999986,0.010601587874476324,0.562589012766025,0.6041472372339721,False
77,"(77,)",DR_both_correct,0.7866585954288076,0.009880284958179454,0.7672932369107759,0.8060239539468392,True
77,"(77,)",DR_propensity_correct_Q_wrong,0.7848503028152912,0.010453819072866312,0.7643608174324733,0.8053397881981091,True
77,"(77,)",DR_Q_correct_propensity_wrong,0.8281490238730855,0.05511760487185735,0.7201185183242451,0.936179529421926,True
77,"(77,)",DR_both_wrong,1.4584105562500014,0.05723843751061822,1.3462232187291896,1.5705978937708132,False
77,"(77,)",IPW_propensity_correct,0.7958851195963506,0.038010084353404916,0.7213853542636769,0.8703848849290242,True
77,"(77,)",IPW_propensity_wrong,1.421938096875001,0.07541724164187771,1.2741203032569208,1.5697558904930813,False
77,"(77,)",Direct_Q_correct,0.7980264543061754,0.0063798949461171565,0.7855218602117857,0.810531048400565,True
77,"(77,)",Direct_Q_wrong,0.5818674999999992,0.0105985302289848,0.561094380751189,0.6026406192488094,False
78,"(78,)",DR_both_correct,0.8063497740187506,0.009389982003301621,0.7879454092922794,0.8247541387452219,True
78,"(78,)",DR_propensity_correct_Q_wrong,0.8040251793615447,0.010050801729756614,0.7843256079712217,0.8237247507518677,True
78,"(78,)",DR_Q_correct_propensity_wrong,0.8390597010085158,0.05178049847801853,0.7375699239915995,0.9405494780254321,True
78,"(78,)",DR_both_wrong,1.4282778191406231,0.0545657379747814,1.3213289727100517,1.5352266655711946,False
78,"(78,)",IPW_propensity_correct,0.8258632964004693,0.03925989019726962,0.7489139116138208,0.9028126811871178,True
78,"(78,)",IPW_propensity_wrong,1.3735417031249988,0.07408639446144613,1.2283323699805644,1.5187510362694332,False
78,"(78,)",Direct_Q_correct,0.8011215608728957,0.006385722241805775,0.7886055452789563,0.813637576466835,True
78,"(78,)",Direct_Q_wrong,0.5863693749999989,0.010606903419383775,0.5655798442980067,0.607158905701991,False
79,"(79,)",DR_both_correct,0.8111933168798778,0.009244789891814457,0.7930735286919215,0.8293131050678342,True
79,"(79,)",DR_propensity_correct_Q_wrong,0.8062569702541487,0.009926467935524456,0.7868010931005207,0.8257128474077766,True
79,"(79,)",DR_Q_correct_propensity_wrong,0.8659750400876567,0.053218030731465554,0.7616676998539842,0.9702823803213292,True
79,"(79,)",DR_both_wrong,1.461306383593748,0.05602985058548778,1.351487876446192,1.5711248907413042,False
79,"(79,)",IPW_propensity_correct,0.884940543269098,0.040288591359996614,0.8059749042035046,0.9639061823346914,False
79,"(79,)",IPW_propensity_wrong,1.4335423933593772,0.07757251490448144,1.2815002641465936,1.5855845225721608,False
79,"(79,)",Direct_Q_correct,0.8041376515217226,0.006468173144546065,0.7914600321584123,0.8168152708850328,True
79,"(79,)",Direct_Q_wrong,0.5976240624999983,0.010617360621403091,0.5768140356820483,0.6184340893179484,False
80,"(80,)",DR_both_correct,0.8015689850965961,0.010175092795736333,0.781625803216953,0.8215121669762393,True
80,"(80,)",DR_propensity_correct_Q_wrong,0.8027011346611868,0.010655795483629073,0.7818157755132737,0.8235864938090998,True
80,"(80,)",DR_Q_correct_propensity_wrong,0.8448470252748822,0.056185615389757665,0.7347232191109572,0.9549708314388072,True
80,"(80,)",DR_both_wrong,1.501038851171875,0.06083601716002361,1.3818002575382289,1.6202774448055213,False
80,"(80,)",IPW_propensity_correct,0.7980485282247851,0.03812517900717659,0.723323177370719,0.8727738790788512,True
80,"(80,)",IPW_propensity_wrong,1.432894524609376,0.08118800889340566,1.273766027178301,1.5920230220404512,False
80,"(80,)",Direct_Q_correct,0.800111120668207,0.00639140911423904,0.7875839588042984,0.8126382825321156,True
80,"(80,)",Direct_Q_wrong,0.5863693749999994,0.010606903419383773,0.5655798442980072,0.6071589057019916,False
81,"(81,)",DR_both_correct,0.7919005739424725,0.00958708763062969,0.7731098821864383,0.8106912656985067,True
81,"(81,)",DR_propensity_correct_Q_wrong,0.7931436705851379,0.01023873182457584,0.7730757562089693,0.8132115849613065,True
81,"(81,)",DR_Q_correct_propensity_wrong,0.7563587631646473,0.05636071244547278,0.6458917667715207,0.866825759557774,True
81,"(81,)",DR_both_wrong,1.4081252628906247,0.05708864118308517,1.2962315261717778,1.5200189996094715,False
81,"(81,)",IPW_propensity_correct,0.7538613647895002,0.037349980673268446,0.680655402669894,0.8270673269091063,True
81,"(81,)",IPW_propensity_wrong,1.3256562773437506,0.07695820600199364,1.174818193579843,1.4764943611076582,False
81,"(81,)",Direct_Q_correct,0.8007743112209404,0.00638382093021026,0.7882620221977283,0.8132866002441526,True
81,"(81,)",Direct_Q_wrong,0.5863693749999985,0.010606903419383674,0.5655798442980066,0.6071589057019905,False
82,"(82,)",DR_both_correct,0.8037692335398527,0.009523470792326749,0.7851032307868924,0.8224352362928131,True
82,"(82,)",DR_propensity_correct_Q_wrong,0.8058547091960889,0.010013488760505005,0.7862282712254991,0.8254811471666788,True
82,"(82,)",DR_Q_correct_propensity_wrong,0.8833283784407038,0.05276985013309036,0.7798994721798467,0.9867572847015609,True
82,"(82,)",DR_both_wrong,1.541036112890627,0.05787877562525039,1.4275937126651361,1.6544785131161177,False
82,"(82,)",IPW_propensity_correct,0.8183169267173469,0.038091080099382384,0.7436584097225575,0.8929754437121363,True
82,"(82,)",IPW_propensity_wrong,1.4701343953125012,0.07736203263941399,1.31850481133925,1.6217639792857526,False
82,"(82,)",Direct_Q_correct,0.7985943696310972,0.006372493386084735,0.7861042825943712,0.8110844566678233,True
82,"(82,)",Direct_Q_wrong,0.5826178124999998,0.010600092397204528,0.5618416314014789,0.6033939935985206,False
83,"(83,)",DR_both_correct,0.8000795272853012,0.009639669540734553,0.7811857749854615,0.8189732795851409,True
83,"(83,)",DR_propensity_correct_Q_wrong,0.7969097851069148,0.010361050342009693,0.7766021264365758,0.8172174437772538,True
83,"(83,)",DR_Q_correct_propensity_wrong,0.7944358430322269,0.05399615289939368,0.6886033833494153,0.9002683027150385,True
83,"(83,)",DR_both_wrong,1.412350370312501,0.05521782962223557,1.3041234242529194,1.5205773163720828,False
83,"(83,)",IPW_propensity_correct,0.8451886570127235,0.03910655666006033,0.7685398059590053,0.9218375080664417,True
83,"(83,)",IPW_propensity_wrong,1.423636887890626,0.07807299596602348,1.27061381579722,1.576659959984032,False
83,"(83,)",Direct_Q_correct,0.7967923508173478,0.006377248746483735,0.7842929432742397,0.8092917583604559,True
83,"(83,)",Direct_Q_wrong,0.5796165624999994,0.010593443277301799,0.5588534136764879,0.6003797113235109,False
84,"(84,)",DR_both_correct,0.8086218399629962,0.009689123712865996,0.7896311574857788,0.8276125224402135,True
84,"(84,)",DR_propensity_correct_Q_wrong,0.8085546789334159,0.010555252373014771,0.7878663842823069,0.8292429735845249,True
84,"(84,)",DR_Q_correct_propensity_wrong,0.7439092386768361,0.0571393678349654,0.6319160777203039,0.8559023996333683,True
84,"(84,)",DR_both_wrong,1.33978939140625,0.05530941879269858,1.2313829305725608,1.4481958522399392,False
84,"(84,)",IPW_propensity_correct,0.8211878325011037,0.03898325499553765,0.7447806527098499,0.8975950122923575,True
84,"(84,)",IPW_propensity_wrong,1.3482093386718776,0.08069432772133264,1.1900484563380656,1.5063702210056897,False
84,"(84,)",Direct_Q_correct,0.8095320949010971,0.006434194555539259,0.7969210735722402,0.8221431162299541,True
84,"(84,)",Direct_Q_wrong,0.604376874999998,0.010616464693406123,0.583568604200922,0.625185145799074,False
85,"(85,)",DR_both_correct,0.8157085999442911,0.008739592833721617,0.7985789979901967,0.8328382018983855,True
85,"(85,)",DR_propensity_correct_Q_wrong,0.8123057323780116,0.009522639439194253,0.7936413590771909,0.8309701056788323,True
85,"(85,)",DR_Q_correct_propensity_wrong,0.8966721179342962,0.05018013396884033,0.7983190553553692,0.9950251805132233,True
85,"(85,)",DR_both_wrong,1.486604414062501,0.05483307853784409,1.3791315801283266,1.5940772479966754,False
85,"(85,)",IPW_propensity_correct,0.8167785420414693,0.037984522681024556,0.7423288775866611,0.8912282064962774,True
85,"(85,)",IPW_propensity_wrong,1.3833046722656277,0.07714301756051029,1.2321043578470277,1.5345049866842277,False
85,"(85,)",Direct_Q_correct,0.8039750348232845,0.006404952545635596,0.7914213278338387,0.8165287418127303,True
85,"(85,)",Direct_Q_wrong,0.593872499999999,0.010615535503023747,0.5730660504140724,0.6146789495859256,False
86,"(86,)",DR_both_correct,0.8168237539391179,0.008921392314790033,0.7993378250021295,0.8343096828761063,False
86,"(86,)",DR_propensity_correct_Q_wrong,0.8147331529801799,0.009602497386191533,0.7959122581032445,0.8335540478571153,True
86,"(86,)",DR_Q_correct_propensity_wrong,0.8685212601321072,0.05248872057665641,0.7656433678018606,0.9713991524623538,True
86,"(86,)",DR_both_wrong,1.4682034578124996,0.054017718126282734,1.3623287302849854,1.5740781853400139,False
86,"(86,)",IPW_propensity_correct,0.7638569657631102,0.03714605831217697,0.6910506914712434,0.836663240054977,True
86,"(86,)",IPW_propensity_wrong,1.346846123437501,0.07553402175525606,1.1987994407971991,1.494892806077803,False
86,"(86,)",Direct_Q_correct,0.8046243280502375,0.006338146883822128,0.7922015601579462,0.8170470959425289,True
86,"(86,)",Direct_Q_wrong,0.5901209374999993,0.01061205031447882,0.5693213188836208,0.6109205561163777,False
87,"(87,)",DR_both_correct,0.8037637235928733,0.009653427174685066,0.7848430063304905,0.822684440855256,True
87,"(87,)",DR_propensity_correct_Q_wrong,0.8067722646525788,0.010057968494665328,0.7870586464030347,0.8264858829021229,True
87,"(87,)",DR_Q_correct_propensity_wrong,0.8358992980023426,0.0543709064309862,0.7293323213976097,0.9424662746070755,True
87,"(87,)",DR_both_wrong,1.4595178769531247,0.0578579692491068,1.3461162572248755,1.572919496681374,False
87,"(87,)",IPW_propensity_correct,0.9049468622345966,0.040559965581755494,0.8254493296943559,0.9844443947748374,False
87,"(87,)",IPW_propensity_wrong,1.4657169773437502,0.08025777293437925,1.308411742392367,1.6230222122951334,False
87,"(87,)",Direct_Q_correct,0.8012314467737537,0.006413226152853586,0.7886615235141606,0.8138013700333467,True
87,"(87,)",Direct_Q_wrong,0.5893706249999984,0.010611153938118451,0.5685727632812863,0.6101684867187105,False
88,"(88,)",DR_both_correct,0.8085282400943637,0.009681165655049433,0.7895531554104669,0.8275033247782606,True
88,"(88,)",DR_propensity_correct_Q_wrong,0.80736365565329,0.010303953179648242,0.7871679074211795,0.8275594038854006,True
88,"(88,)",DR_Q_correct_propensity_wrong,0.8598498235485162,0.05452247671421523,0.7529857691886543,0.9667138779083781,True
88,"(88,)",DR_both_wrong,1.497026262890623,0.05666667620423884,1.3859595775303148,1.6080929482509312,False
88,"(88,)",IPW_propensity_correct,0.8507518617571417,0.03884646141409356,0.7746127973855184,0.926890926128765,True
88,"(88,)",IPW_propensity_wrong,1.4888139878906241,0.07956769999816797,1.332861295894215,1.6447666798870333,False
88,"(88,)",Direct_Q_correct,0.8043562134547687,0.0063771244134503535,0.7918570496044061,0.8168553773051314,True
88,"(88,)",Direct_Q_wrong,0.5916215624999989,0.010613643685530267,0.5708188208763595,0.6124243041236382,False
89,"(89,)",DR_both_correct,0.7807663722639042,0.010384385137238716,0.7604129773949163,0.8011197671328921,True
89,"(89,)",DR_propensity_correct_Q_wrong,0.7885361700218381,0.010726878978327536,0.7675114872243161,0.8095608528193601,True
89,"(89,)",DR_Q_correct_propensity_wrong,0.7313150600661328,0.06340318949416102,0.6070448086575772,0.8555853114746884,True
89,"(89,)",DR_both_wrong,1.3929458117187503,0.06264180919444431,1.2701678656976394,1.5157237577398612,False
89,"(89,)",IPW_propensity_correct,0.8003668290038248,0.038327781020892245,0.725244378202876,0.8754892798047736,True
89,"(89,)",IPW_propensity_wrong,1.3551452625000007,0.07729429305581641,1.2036484481106005,1.5066420768894009,False
89,"(89,)",Direct_Q_correct,0.7972260797224254,0.0064198287131848044,0.7846432154445833,0.8098089440002676,True
89,"(89,)",Direct_Q_wrong,0.5833681249999997,0.010601587874476334,0.562589012766026,0.6041472372339733,False
90,"(90,)",DR_both_correct,0.7992293961260422,0.009724507215176124,0.780169361984297,0.8182894302677873,True
90,"(90,)",DR_propensity_correct_Q_wrong,0.8033020360845269,0.010621498037157149,0.7824838999316989,0.8241201722373549,True
90,"(90,)",DR_Q_correct_propensity_wrong,0.8367703720760538,0.0534331521602127,0.7320413938420369,0.9414993503100706,True
90,"(90,)",DR_both_wrong,1.4600782628906246,0.05514865356019772,1.3519869019126372,1.568169623868612,False
90,"(90,)",IPW_propensity_correct,0.8636991925156124,0.03848059091470441,0.7882772343227918,0.939121150708433,True
90,"(90,)",IPW_propensity_wrong,1.5006257589843768,0.08063297921016573,1.3425851197324519,1.6586663982363017,False
90,"(90,)",Direct_Q_correct,0.7949755408065662,0.006387494160485352,0.7824560522520149,0.8074950293611175,True
90,"(90,)",Direct_Q_wrong,0.5781159374999995,0.01058971794656906,0.5573600903247241,0.5988717846752748,False
91,"(91,)",DR_both_correct,0.7957032759923784,0.009771756154041454,0.7765506339304572,0.8148559180542997,True
91,"(91,)",DR_propensity_correct_Q_wrong,0.7925873411966539,0.010758036771327837,0.7715015891248513,0.8136730932684564,True
91,"(91,)",DR_Q_correct_propensity_wrong,0.8056622757566799,0.05420771093021917,0.6994151623334504,0.9119093891799095,True
91,"(91,)",DR_both_wrong,1.4080979898437485,0.0563076649893164,1.2977349664646882,1.5184610132228087,False
91,"(91,)",IPW_propensity_correct,0.7204686916496889,0.03688371403208631,0.6481766121467997,0.792760771152578,False
91,"(91,)",IPW_propensity_wrong,1.2121295906250023,0.07384907645177481,1.0673854007795236,1.356873780470481,False
91,"(91,)",Direct_Q_correct,0.7972363438100034,0.006464204011725034,0.7845665039470223,0.8099061836729845,True
91,"(91,)",Direct_Q_wrong,0.5863693749999989,0.010606903419383772,0.5655798442980067,0.607158905701991,False
92,"(92,)",DR_both_correct,0.803841260839202,0.00988491693877136,0.7844668236392102,0.8232156980391939,True
92,"(92,)",DR_propensity_correct_Q_wrong,0.809426230788424,0.010664344475878397,0.7885241156157023,0.8303283459611457,True
92,"(92,)",DR_Q_correct_propensity_wrong,0.8053878867950001,0.05651855708187547,0.6946115149145241,0.916164258675476,True
92,"(92,)",DR_both_wrong,1.4314709382812496,0.058020361616781355,1.3177510295123582,1.545190847050141,False
92,"(92,)",IPW_propensity_correct,0.7961547617396776,0.03793628209453149,0.7217996488343958,0.8705098746449593,True
92,"(92,)",IPW_propensity_wrong,1.3200869015625016,0.07625454758131783,1.1706279883031188,1.4695458148218845,False
92,"(92,)",Direct_Q_correct,0.7932252397805499,0.0063724975245587736,0.7807351446324148,0.8057153349286851,True
92,"(92,)",Direct_Q_wrong,0.5728637499999997,0.010574570294777718,0.5521375922222354,0.593589907777764,False
93,"(93,)",DR_both_correct,0.8028375026807575,0.009482355426377737,0.7842520860450571,0.8214229193164578,True
93,"(93,)",DR_propensity_correct_Q_wrong,0.8043519907469587,0.010162905880840421,0.7844326952205115,0.824271286273406,True
93,"(93,)",DR_Q_correct_propensity_wrong,0.8390619287539052,0.05191034982452635,0.7373176430978335,0.9408062144099768,True
93,"(93,)",DR_both_wrong,1.4399262320312485,0.05416342301497226,1.3337659229219028,1.5460865411405942,False
93,"(93,)",IPW_propensity_correct,0.8291425729662453,0.038943838785185224,0.7528126489472823,0.9054724969852083,True
93,"(93,)",IPW_propensity_wrong,1.3664003789062535,0.0766142392326656,1.216236470010229,1.516564287802278,False
93,"(93,)",Direct_Q_correct,0.8074322599592222,0.006374772497739419,0.794937705863653,0.8199268140547914,True
93,"(93,)",Direct_Q_wrong,0.5976240624999989,0.010617360621403074,0.5768140356820488,0.618434089317949,False
94,"(94,)",DR_both_correct,0.8021546726176418,0.009903250825033476,0.7827443010005762,0.8215650442347074,True
94,"(94,)",DR_propensity_correct_Q_wrong,0.8043131624803003,0.010517085314294785,0.7836996752642825,0.824926649696318,True
94,"(94,)",DR_Q_correct_propensity_wrong,0.7598271254383201,0.05961390753531276,0.6429838666691071,0.8766703842075331,True
94,"(94,)",DR_both_wrong,1.3728460281249997,0.05999856159715333,1.255248847394579,1.4904432088554203,False
94,"(94,)",IPW_propensity_correct,0.7446656875660855,0.03741006743441546,0.6713419553946313,0.8179894197375398,True
94,"(94,)",IPW_propensity_wrong,1.2268512093750024,0.07646815127386715,1.0769736328782227,1.376728785871782,False
94,"(94,)",Direct_Q_correct,0.803515279042113,0.006416659619919749,0.7909386261870702,0.8160919318971557,True
94,"(94,)",Direct_Q_wrong,0.5931221874999988,0.010614971312037038,0.5723168437284062,0.6139275312715914,False
95,"(95,)",DR_both_correct,0.812401394401061,0.009721712608510505,0.7933468376883803,0.8314559511137416,True
95,"(95,)",DR_propensity_correct_Q_wrong,0.8152629580732205,0.010506558171711736,0.7946701040566655,0.8358558120897754,True
95,"(95,)",DR_Q_correct_propensity_wrong,0.8379626188668751,0.0523371784999482,0.7353817490069766,0.9405434887267735,True
95,"(95,)",DR_both_wrong,1.4344676058593748,0.05560755476777783,1.3254767985145304,1.5434584132042193,False
95,"(95,)",IPW_propensity_correct,0.8522645374852144,0.03914492427559259,0.7755404859050529,0.9289885890653758,True
95,"(95,)",IPW_propensity_wrong,1.3873981710937506,0.07948142849907756,1.2316145712355586,1.5431817709519426,False
95,"(95,)",Direct_Q_correct,0.8036264361970352,0.006437412663664351,0.7910091073762531,0.8162437650178174,True
95,"(95,)",Direct_Q_wrong,0.5946228124999987,0.010616033293700042,0.5738153872443467,0.6154302377556508,False
96,"(96,)",DR_both_correct,0.8040715861354557,0.009290956924102069,0.7858613105642156,0.8222818617066958,True
96,"(96,)",DR_propensity_correct_Q_wrong,0.799997787024386,0.009671197315419008,0.7810422402861646,0.8189533337626073,True
96,"(96,)",DR_Q_correct_propensity_wrong,0.8350280107302345,0.05381386985508662,0.7295528258142647,0.9405031956462042,True
96,"(96,)",DR_both_wrong,1.4481316828124986,0.05556911271538921,1.3392162218903358,1.5570471437346614,False
96,"(96,)",IPW_propensity_correct,0.8067641015177662,0.03771022538614974,0.7328520597609127,0.8806761432746197,True
96,"(96,)",IPW_propensity_wrong,1.4097125085937514,0.07913053848886092,1.254616653155584,1.5648083640319188,False
96,"(96,)",Direct_Q_correct,0.7977207774929725,0.006433848217656056,0.7851104349863667,0.8103311199995784,True
96,"(96,)",Direct_Q_wrong,0.5848687499999982,0.010604378867778446,0.5640841674191525,0.6056533325808439,False
97,"(97,)",DR_both_correct,0.8201387459114257,0.009679819107050925,0.8011663004616059,0.8391111913612455,False
97,"(97,)",DR_propensity_correct_Q_wrong,0.8134053055362448,0.010309836759792823,0.7931980254870509,0.8336125855854387,True
97,"(97,)",DR_Q_correct_propensity_wrong,0.8578280825730848,0.04998075807853276,0.7598657967391607,0.955790368407009,True
97,"(97,)",DR_both_wrong,1.4084149933593741,0.05091247233688328,1.3086265475790828,1.5082034391396655,False
97,"(97,)",IPW_propensity_correct,0.849716805426823,0.039459973405435084,0.7723752575521703,0.9270583533014758,True
97,"(97,)",IPW_propensity_wrong,1.3337320113281275,0.07169444782037673,1.193210893600189,1.4742531290560659,False
97,"(97,)",Direct_Q_correct,0.8094387265543799,0.006424453890042152,0.7968467969298972,0.8220306561788625,True
97,"(97,)",Direct_Q_wrong,0.6028762499999982,0.010617128351033718,0.5820666784319721,0.6236858215680243,False
98,"(98,)",DR_both_correct,0.8153449943630136,0.0089484792278291,0.7978059750764686,0.8328840136495586,True
98,"(98,)",DR_propensity_correct_Q_wrong,0.8127687837013569,0.009569794004119366,0.7940119874532829,0.8315255799494308,True
98,"(98,)",DR_Q_correct_propensity_wrong,0.8454872542168753,0.05011395197809785,0.7472639083398035,0.9437106000939471,True
98,"(98,)",DR_both_wrong,1.4347930828125015,0.05210308416574949,1.3326710378476325,1.5369151277773705,False
98,"(98,)",IPW_propensity_correct,0.8097804752607125,0.037342319866705505,0.7365895283219697,0.8829714221994553,True
98,"(98,)",IPW_propensity_wrong,1.3587385101562526,0.07374072998196814,1.214206679391595,1.50327034092091,False
98,"(98,)",Direct_Q_correct,0.811031951001254,0.006374352577735558,0.7985382199488923,0.8235256820536158,True
98,"(98,)",Direct_Q_wrong,0.602876249999998,0.010617128351033739,0.5820666784319719,0.6236858215680241,False
99,"(99,)",DR_both_correct,0.7978239546008138,0.009800327798210584,0.7786153121163211,0.8170325970853065,True
99,"(99,)",DR_propensity_correct_Q_wrong,0.7947303579579933,0.010818085501030182,0.7735269103759741,0.8159338055400125,True
99,"(99,)",DR_Q_correct_propensity_wrong,0.8618822847413273,0.05171552067173899,0.760519864224719,0.9632447052579357,True
99,"(99,)",DR_both_wrong,1.43820294296875,0.056058915574108394,1.3283274684434976,1.5480784174940023,False
99,"(99,)",IPW_propensity_correct,0.8350405876417668,0.0380990357460728,0.7603664775794641,0.9097146977040695,True
99,"(99,)",IPW_propensity_wrong,1.411732586718752,0.0783856043160302,1.2580968022593328,1.5653683711781712,False
99,"(99,)",Direct_Q_correct,0.79938598965852,0.0065185183309795615,0.7866096937298,0.81216228558724,True
99,"(99,)",Direct_Q_wrong,0.5931221874999995,0.01061497131203704,0.5723168437284069,0.613927531271592,False
100,"(100,)",DR_both_correct,0.8000660902713445,0.009529337694720334,0.7813885883896926,0.8187435921529963,True
100,"(100,)",DR_propensity_correct_Q_wrong,0.8002121009690355,0.010066739874258152,0.7804812908154896,0.8199429111225814,True
100,"(100,)",DR_Q_correct_propensity_wrong,0.7766571209039834,0.05367859020882295,0.6714470840946904,0.8818671577132764,True
100,"(100,)",DR_both_wrong,1.3917461300781244,0.05401248828780816,1.2858816530340205,1.4976106071222284,False
100,"(100,)",IPW_propensity_correct,0.7858504911093318,0.03713492728406453,0.7130660336325654,0.8586349485860982,True
100,"(100,)",IPW_propensity_wrong,1.3468686316406278,0.07896000886376926,1.19210701426764,1.5016302490136155,False
100,"(100,)",Direct_Q_correct,0.8077927713099256,0.006437885513804577,0.7951745157028686,0.8204110269169825,True
100,"(100,)",Direct_Q_wrong,0.6021259374999984,0.010617360621403102,0.5813159106820484,0.6229359643179485,False
101,"(101,)",DR_both_correct,0.7977501121786804,0.009882207307289998,0.778380985856392,0.8171192385009688,True
101,"(101,)",DR_propensity_correct_Q_wrong,0.7942085876251416,0.010434784936125723,0.7737564091503352,0.814660766099948,True
101,"(101,)",DR_Q_correct_propensity_wrong,0.7882942397994134,0.056297973459408256,0.6779502118189732,0.8986382677798536,True
101,"(101,)",DR_both_wrong,1.4069537656249989,0.05679343786483094,1.2956386274099303,1.5182689038400674,False
101,"(101,)",IPW_propensity_correct,0.8255160706242094,0.03803139635915827,0.7509745337602591,0.9000576074881597,True
101,"(101,)",IPW_propensity_wrong,1.4581076203125005,0.08124571610494823,1.298866016746802,1.617349223878199,False
101,"(101,)",Direct_Q_correct,0.8059959929528943,0.006364112644487609,0.7935223321696986,0.8184696537360899,True
101,"(101,)",Direct_Q_wrong,0.5946228124999986,0.010616033293700044,0.5738153872443466,0.6154302377556506,False
102,"(102,)",DR_both_correct,0.8140013457065602,0.009155171778740706,0.7960572090202285,0.831945482392892,True
102,"(102,)",DR_propensity_correct_Q_wrong,0.8183021127846534,0.009580143981209852,0.799525030581482,0.8370791949878247,False
102,"(102,)",DR_Q_correct_propensity_wrong,0.8486059312394141,0.05361265445343431,0.7435251285106829,0.9536867339681453,True
102,"(102,)",DR_both_wrong,1.4767636468750025,0.0558335652444607,1.3673298589958596,1.5861974347541454,False
102,"(102,)",IPW_propensity_correct,0.8790116721882191,0.03951399903231906,0.8015642340848738,0.9564591102915644,False
102,"(102,)",IPW_propensity_wrong,1.4968041867187512,0.08096173651579332,1.3381191831477963,1.655489190289706,False
102,"(102,)",Direct_Q_correct,0.8082600518117219,0.006392168060847418,0.795731402412461,0.8207887012109828,True
102,"(102,)",Direct_Q_wrong,0.5998749999999989,0.010617659247268907,0.5790643878753519,0.620685612124646,False
103,"(103,)",DR_both_correct,0.8009539752927496,0.009729586572494302,0.7818839856106607,0.8200239649748384,True
103,"(103,)",DR_propensity_correct_Q_wrong,0.8042716637870089,0.010029242684955017,0.784614348124497,0.8239289794495207,True
103,"(103,)",DR_Q_correct_propensity_wrong,0.7359600193658598,0.058955570464707216,0.6204071012550336,0.8515129374766859,True
103,"(103,)",DR_both_wrong,1.3907742234374982,0.05693512873932962,1.2791813711084121,1.5023670757665843,False
103,"(103,)",IPW_propensity_correct,0.7416002702730878,0.03580700720839169,0.6714185361446401,0.8117820044015356,True
103,"(103,)",IPW_propensity_wrong,1.3275136757812525,0.07714493730609154,1.176309598661313,1.478717752901192,False
103,"(103,)",Direct_Q_correct,0.804103603403597,0.00637872763006598,0.7916012972486677,0.8166059095585263,True
103,"(103,)",Direct_Q_wrong,0.5916215624999985,0.010613643685530257,0.5708188208763593,0.6124243041236378,False
104,"(104,)",DR_both_correct,0.7925533569612142,0.009845961404139547,0.7732552726091007,0.8118514413133278,True
104,"(104,)",DR_propensity_correct_Q_wrong,0.7932152219021218,0.010463796416142207,0.772706180926483,0.8137242628777606,True
104,"(104,)",DR_Q_correct_propensity_wrong,0.7789615299830861,0.05468260247480965,0.6717836291324591,0.886139430833713,True
104,"(104,)",DR_both_wrong,1.4166097449218733,0.0558425659946766,1.3071583155723072,1.5260611742714394,False
104,"(104,)",IPW_propensity_correct,0.7295082914162968,0.03732196879455957,0.6563572325789601,0.8026593502536336,True
104,"(104,)",IPW_propensity_wrong,1.2810951082031274,0.07777841531744019,1.1286494141809447,1.4335408022253102,False
104,"(104,)",Direct_Q_correct,0.7906947926833626,0.00639964508468242,0.7781514883173851,0.8032380970493401,True
104,"(104,)",Direct_Q_wrong,0.5721134374999991,0.010572137991808733,0.5513920470360539,0.5928348279639443,False
105,"(105,)",DR_both_correct,0.7901188603223646,0.0098793568375066,0.7707553209208516,0.8094823997238775,True
105,"(105,)",DR_propensity_correct_Q_wrong,0.7888632226231249,0.010749394046952352,0.7677944102910983,0.8099320349551515,True
105,"(105,)",DR_Q_correct_propensity_wrong,0.7807075850906628,0.05392747451573542,0.6750097350398214,0.8864054351415043,True
105,"(105,)",DR_both_wrong,1.4181266484374995,0.05509294797969925,1.3101444703972889,1.52610882647771,False
105,"(105,)",IPW_propensity_correct,0.8300857342919024,0.03731170839931863,0.7569547858292378,0.9032166827545669,True
105,"(105,)",IPW_propensity_wrong,1.44344650078125,0.07790302494836489,1.2907565718824547,1.5961364296800453,False
105,"(105,)",Direct_Q_correct,0.7875979597595345,0.006363716923583799,0.7751250745893102,0.8000708449297588,True
105,"(105,)",Direct_Q_wrong,0.5646103124999997,0.01054410947431866,0.5439438579303352,0.5852767670696642,False
106,"(106,)",DR_both_correct,0.7986323903147167,0.009834424632074788,0.77935691803585,0.8179078625935833,True
106,"(106,)",DR_propensity_correct_Q_wrong,0.8043347561730332,0.010529645474888969,0.7836966510422508,0.8249728613038155,True
106,"(106,)",DR_Q_correct_propensity_wrong,0.8267374647177735,0.057262010076410484,0.714503924968009,0.9389710044675381,True
106,"(106,)",DR_both_wrong,1.4625993660156251,0.06032505598880145,1.3443622562775743,1.580836475753676,False
106,"(106,)",IPW_propensity_correct,0.7391585862389225,0.03614003760120787,0.6683241125405551,0.8099930599372899,True
106,"(106,)",IPW_propensity_wrong,1.4553325382812508,0.08584631484140144,1.287073761192104,1.6235913153703976,False
106,"(106,)",Direct_Q_correct,0.8041175007293786,0.006437090988247859,0.7915008023924128,0.8167341990663444,True
106,"(106,)",Direct_Q_wrong,0.5953731249999986,0.010616464693406213,0.5745648542009224,0.6161813957990748,False
107,"(107,)",DR_both_correct,0.784970205671609,0.009932043857428444,0.7655033997110493,0.8044370116321687,True
107,"(107,)",DR_propensity_correct_Q_wrong,0.7867646180711924,0.01031456796464584,0.7665480648604865,0.8069811712818982,True
107,"(107,)",DR_Q_correct_propensity_wrong,0.6906835924267568,0.05628516451987631,0.5803646699677992,0.8010025148857144,True
107,"(107,)",DR_both_wrong,1.3393216480468748,0.055106545324517225,1.2313128192108211,1.4473304768829285,False
107,"(107,)",IPW_propensity_correct,0.7669769553817991,0.037173523483479305,0.6941168493541796,0.8398370614094186,True
107,"(107,)",IPW_propensity_wrong,1.2841929984375005,0.07547320592482075,1.1362655148248517,1.4321204820501492,False
107,"(107,)",Direct_Q_correct,0.7943739547463309,0.006362499109221988,0.7819034564922558,0.806844453000406,True
107,"(107,)",Direct_Q_wrong,0.5751146874999996,0.01058146433257966,0.5543750174081434,0.5958543575918558,False
108,"(108,)",DR_both_correct,0.7901992568931725,0.010182009601947095,0.7702425180733562,0.8101559957129888,True
108,"(108,)",DR_propensity_correct_Q_wrong,0.7843905417824453,0.010531020527079394,0.7637497415493697,0.8050313420155208,True
108,"(108,)",DR_Q_correct_propensity_wrong,0.7396492372403505,0.056529761281097005,0.6288509051294003,0.8504475693513006,True
108,"(108,)",DR_both_wrong,1.3748175578124986,0.055467555978458,1.2661011480947209,1.4835339675302763,False
108,"(108,)",IPW_propensity_correct,0.802329190962569,0.03788488936330487,0.7280748078104915,0.8765835741146466,True
108,"(108,)",IPW_propensity_wrong,1.3429094226562521,0.07649097577962835,1.1929871101281806,1.4928317351843237,False
108,"(108,)",Direct_Q_correct,0.7948291056978165,0.006430080797860687,0.7822261473340095,0.8074320640616235,True
108,"(108,)",Direct_Q_wrong,0.5796165624999996,0.0105934432773018,0.5588534136764881,0.6003797113235111,False
109,"(109,)",DR_both_correct,0.790528773454534,0.010117671643524041,0.7706981370332269,0.8103594098758411,True
109,"(109,)",DR_propensity_correct_Q_wrong,0.7902806679005043,0.010685304287737637,0.7693374714965385,0.8112238643044701,True
109,"(109,)",DR_Q_correct_propensity_wrong,0.7885889174781637,0.05687494194642823,0.6771140312631644,0.9000638036931631,True
109,"(109,)",DR_both_wrong,1.4351110152343762,0.05817492459953531,1.321088163019287,1.5491338674494655,False
109,"(109,)",IPW_propensity_correct,0.766538075497312,0.03699152140339057,0.6940346935466665,0.8390414574479576,True
109,"(109,)",IPW_propensity_wrong,1.3764263050781258,0.07776562744657342,1.2240056752828419,1.5288469348734097,False
109,"(109,)",Direct_Q_correct,0.8000679406109421,0.006430784144969649,0.7874636036868016,0.8126722775350826,True
109,"(109,)",Direct_Q_wrong,0.5886203124999984,0.010610191079159045,0.5678243379848467,0.60941628701515,False
110,"(110,)",DR_both_correct,0.7936822323140953,0.009660750020754588,0.7747471622734163,0.8126173023547743,True
110,"(110,)",DR_propensity_correct_Q_wrong,0.7944469822507785,0.01025430532014507,0.7743485438232941,0.8145454206782629,True
110,"(110,)",DR_Q_correct_propensity_wrong,0.8192654182349604,0.05753718708286207,0.7064925315525508,0.9320383049173699,True
110,"(110,)",DR_both_wrong,1.488994181640625,0.05898401272713661,1.3733855166954372,1.6046028465858126,False
110,"(110,)",IPW_propensity_correct,0.7524874486385319,0.037985012839272005,0.6780368234735588,0.826938073803505,True
110,"(110,)",IPW_propensity_wrong,1.4183253714843769,0.08020539002491955,1.2611228070355345,1.5755279359332193,False
110,"(110,)",Direct_Q_correct,0.7890606310247699,0.006383893919808656,0.7765481989419449,0.8015730631075948,True
110,"(110,)",Direct_Q_wrong,0.568361874999999,0.010558967182310712,0.54766629932267,0.5890574506773281,False
111,"(111,)",DR_both_correct,0.7923645199516811,0.010168053076977053,0.772435135920806,0.8122939039825562,True
111,"(111,)",DR_propensity_correct_Q_wrong,0.7992953214795672,0.01087802460217395,0.7779743932593062,0.8206162496998282,True
111,"(111,)",DR_Q_correct_propensity_wrong,0.7842339562713667,0.056892267564138586,0.6727251118456551,0.8957428006970783,True
111,"(111,)",DR_both_wrong,1.4436320964843736,0.057711322029210144,1.3305179053071217,1.5567462876616256,False
111,"(111,)",IPW_propensity_correct,0.8103139156707041,0.03869022095183331,0.7344810826051108,0.8861467487362974,True
111,"(111,)",IPW_propensity_wrong,1.4445094593750014,0.0813465090837619,1.285070301570828,1.6039486171791748,False
111,"(111,)",Direct_Q_correct,0.798853610531644,0.006402103586864991,0.7863054875013886,0.8114017335618995,True
111,"(111,)",Direct_Q_wrong,0.5848687499999998,0.01060437886777845,0.564084167419154,0.6056533325808456,False
112,"(112,)",DR_both_correct,0.7854745983644058,0.010307715639659569,0.765271475710673,0.8056777210181386,True
112,"(112,)",DR_propensity_correct_Q_wrong,0.7881515341168095,0.010891824402579907,0.7668035582877529,0.8094995099458661,True
112,"(112,)",DR_Q_correct_propensity_wrong,0.844433445612031,0.054822384487964275,0.7369815720156211,0.951885319208441,True
112,"(112,)",DR_both_wrong,1.5003872570312489,0.057943889262440776,1.386817234076865,1.6139572799856328,False
112,"(112,)",IPW_propensity_correct,0.817875044631413,0.039405660830889,0.7406399494028706,0.8951101398599555,True
112,"(112,)",IPW_propensity_wrong,1.3966118812500021,0.07603313520341579,1.2475869362513072,1.545636826248697,False
112,"(112,)",Direct_Q_correct,0.7906310844509405,0.006349449541674841,0.7781861633492578,0.8030760055526233,True
112,"(112,)",Direct_Q_wrong,0.5683618749999998,0.010558967182310705,0.5476662993226709,0.5890574506773287,False
113,"(113,)",DR_both_correct,0.7964787716426186,0.009779655726076147,0.7773106464195093,0.8156468968657279,True
113,"(113,)",DR_propensity_correct_Q_wrong,0.7965661384597166,0.01032599491398561,0.7763271884283047,0.8168050884911284,True
113,"(113,)",DR_Q_correct_propensity_wrong,0.7908943408058193,0.05540521364329906,0.6823001220649532,0.8994885595466855,True
113,"(113,)",DR_both_wrong,1.4122196328124985,0.056262303654902646,1.3019455176488894,1.5224937479761076,False
113,"(113,)",IPW_propensity_correct,0.7821137501886392,0.036926159764348813,0.7097384770505155,0.8544890233267628,True
113,"(113,)",IPW_propensity_wrong,1.3749143484375026,0.07865773883104656,1.2207451803286513,1.5290835165463539,False
113,"(113,)",Direct_Q_correct,0.798184802139379,0.0064331289220116395,0.7855758694522362,0.8107937348265218,True
113,"(113,)",Direct_Q_wrong,0.5856190624999987,0.0106056744364307,0.5648319406045945,0.606406184395403,False
114,"(114,)",DR_both_correct,0.8110173368328953,0.009214202612972401,0.7929574997114694,0.8290771739543212,True
114,"(114,)",DR_propensity_correct_Q_wrong,0.8127767552838356,0.00993439955704658,0.7933053321520244,0.8322481784156469,True
114,"(114,)",DR_Q_correct_propensity_wrong,0.7998766592943745,0.05231195265274617,0.697345232094992,0.9024080864937569,True
114,"(114,)",DR_both_wrong,1.388175968749998,0.05411168024981254,1.2821170754603655,1.4942348620396304,False
114,"(114,)",IPW_propensity_correct,0.7454705363037979,0.03577720559196876,0.6753472133435391,0.8155938592640567,True
114,"(114,)",IPW_propensity_wrong,1.2775875902343763,0.07601949572664847,1.1285893786101453,1.4265858018586073,False
114,"(114,)",Direct_Q_correct,0.7986089025839103,0.006427639146596579,0.7860107298565809,0.8112070753112396,True
114,"(114,)",Direct_Q_wrong,0.5856190624999996,0.0106056744364307,0.5648319406045954,0.6064061843954038,False
115,"(115,)",DR_both_correct,0.8026128097204165,0.00945551580865071,0.7840799987354611,0.8211456207053719,True
115,"(115,)",DR_propensity_correct_Q_wrong,0.8017914536992972,0.010282993108887375,0.7816367872058779,0.8219461201927164,True
115,"(115,)",DR_Q_correct_propensity_wrong,0.7908906034328511,0.05358606466757896,0.6858619166843963,0.8959192901813059,True
115,"(115,)",DR_both_wrong,1.404819824218749,0.05588340817957698,1.2952883441867782,1.51435130425072,False
115,"(115,)",IPW_propensity_correct,0.7902692159033475,0.037459010004484615,0.7168495562945577,0.8636888755121374,True
115,"(115,)",IPW_propensity_wrong,1.2708797109375032,0.07490822073983164,1.1240595982874333,1.417699823587573,False
115,"(115,)",Direct_Q_correct,0.7990755474586752,0.006386002131533734,0.786558983280869,0.8115921116364813,True
115,"(115,)",Direct_Q_wrong,0.584118437499999,0.01060301668901891,0.563336524789522,0.6049003502104761,False
116,"(116,)",DR_both_correct,0.8208378345072466,0.008817822811196023,0.8035549017973024,0.8381207672171908,False
116,"(116,)",DR_propensity_correct_Q_wrong,0.8127243500792255,0.009509469996860441,0.7940857888853791,0.8313629112730719,True
116,"(116,)",DR_Q_correct_propensity_wrong,0.9097864694471882,0.05141493774083801,0.8090131914751457,1.0105597474192307,False
116,"(116,)",DR_both_wrong,1.5227659617187488,0.055627389348329004,1.413736278596024,1.6317956448414737,False
116,"(116,)",IPW_propensity_correct,0.8168693570363048,0.03816062979233247,0.7420745226433332,0.8916641914292764,True
116,"(116,)",IPW_propensity_wrong,1.422079181250001,0.07891838748102392,1.2673991417871942,1.576759220712808,False
116,"(116,)",Direct_Q_correct,0.8070186818464875,0.006364344744171637,0.7945445661479111,0.8194927975450639,True
116,"(116,)",Direct_Q_wrong,0.5961234374999983,0.01061682971023509,0.5753144512679376,0.616932423732059,False
117,"(117,)",DR_both_correct,0.7701056769202627,0.010496648534888528,0.7495322457918812,0.7906791080486442,False
117,"(117,)",DR_propensity_correct_Q_wrong,0.7699012901198443,0.010812878940746184,0.7487080473959818,0.7910945328437068,False
117,"(117,)",DR_Q_correct_propensity_wrong,0.6394838206537485,0.06241524964954033,0.5171499313406495,0.7618177099668476,False
117,"(117,)",DR_both_wrong,1.3393762156249998,0.059907357822471814,1.221957794292955,1.4567946369570446,False
117,"(117,)",IPW_propensity_correct,0.77611978806596,0.03566314197535372,0.7062200297942668,0.8460195463376533,True
117,"(117,)",IPW_propensity_wrong,1.3857538066406283,0.07718129335744549,1.2344784716600352,1.5370291416212214,False
117,"(117,)",Direct_Q_correct,0.7883050851351601,0.00643437115370238,0.7756937176739034,0.8009164525964168,True
117,"(117,)",Direct_Q_wrong,0.5698624999999994,0.010564437562511513,0.5491562023774769,0.5905687976225219,False
118,"(118,)",DR_both_correct,0.8036823295763316,0.009444191628766656,0.7851717139839489,0.8221929451687142,True
118,"(118,)",DR_propensity_correct_Q_wrong,0.8012255104883961,0.01009573799762212,0.7814378640130567,0.8210131569637354,True
118,"(118,)",DR_Q_correct_propensity_wrong,0.8334513661098822,0.053698329303944914,0.7282026406741502,0.9387000915456143,True
118,"(118,)",DR_both_wrong,1.463898324999999,0.05587758694914026,1.354378254579684,1.573418395420314,False
118,"(118,)",IPW_propensity_correct,0.7506914709976114,0.0359039859695672,0.6803196584972596,0.8210632834979631,True
118,"(118,)",IPW_propensity_wrong,1.3756182445312544,0.07851454735519002,1.221729731715082,1.5295067573474268,False
118,"(118,)",Direct_Q_correct,0.8031046985405509,0.006423032973639092,0.7905155539122183,0.8156938431688835,True
118,"(118,)",Direct_Q_wrong,0.5931221874999989,0.01061497131203704,0.5723168437284063,0.6139275312715915,False
119,"(119,)",DR_both_correct,0.7837623346839605,0.009866444533814052,0.764424103397685,0.803100565970236,True
119,"(119,)",DR_propensity_correct_Q_wrong,0.7877066107353723,0.0107852423351594,0.7665675357584598,0.8088456857122848,True
119,"(119,)",DR_Q_correct_propensity_wrong,0.8112249132095307,0.05696008029027061,0.6995831558406003,0.9228666705784612,True
119,"(119,)",DR_both_wrong,1.4737017058593744,0.06093771512062174,1.354263784222956,1.593139627495793,False
119,"(119,)",IPW_propensity_correct,0.7488201915284507,0.03756560696538752,0.6751916018762911,0.8224487811806103,True
119,"(119,)",IPW_propensity_wrong,1.4106798855468756,0.08531010327635,1.2434720831252297,1.5778876879685215,False
119,"(119,)",Direct_Q_correct,0.7902053767878947,0.006449848177254821,0.7775636743604752,0.8028470792153142,True
119,"(119,)",Direct_Q_wrong,0.5736140624999989,0.010576935422746368,0.552883269071416,0.5943448559285818,False
120,"(120,)",DR_both_correct,0.8018745106237213,0.009598179631874216,0.7830620785452478,0.8206869427021948,True
120,"(120,)",DR_propensity_correct_Q_wrong,0.8040808933195652,0.010034747499808833,0.7844127882199399,0.8237489984191906,True
120,"(120,)",DR_Q_correct_propensity_wrong,0.7974824254182422,0.05760334622769979,0.6845798668119506,0.9103849840245338,True
120,"(120,)",DR_both_wrong,1.4520770386718727,0.059591094949344926,1.3352784925711565,1.5688755847725888,False
120,"(120,)",IPW_propensity_correct,0.8140319890716262,0.039066627547675724,0.7374613990781818,0.8906025790650707,True
120,"(120,)",IPW_propensity_wrong,1.3497444632812527,0.07722045032262244,1.1983923806489127,1.5010965459135928,False
120,"(120,)",Direct_Q_correct,0.800888088604222,0.006363760406325478,0.7884151182078241,0.81336105900062,True
120,"(120,)",Direct_Q_wrong,0.5856190624999986,0.0106056744364307,0.5648319406045944,0.6064061843954028,False
121,"(121,)",DR_both_correct,0.8002599200539372,0.009511946865430089,0.7816165041976942,0.8189033359101802,True
121,"(121,)",DR_propensity_correct_Q_wrong,0.7999556745641647,0.010154491171669933,0.7800528718676917,0.8198584772606378,True
121,"(121,)",DR_Q_correct_propensity_wrong,0.8000248456169133,0.051729463031222736,0.6986350980757168,0.9014145931581099,True
121,"(121,)",DR_both_wrong,1.4137871968749993,0.05370067019164412,1.308533883299377,1.5190405104506217,False
121,"(121,)",IPW_propensity_correct,0.801343507705345,0.038106085743899884,0.7266555796473012,0.8760314357633888,True
121,"(121,)",IPW_propensity_wrong,1.3858594406250015,0.07609905915708413,1.2367052846771167,1.5350135965728864,False
121,"(121,)",Direct_Q_correct,0.793856863337894,0.0064156531892710505,0.7812821830869227,0.8064315435888653,True
121,"(121,)",Direct_Q_wrong,0.577365624999999,0.010587754968439975,0.5566136252618566,0.5981176247381413,False
122,"(122,)",DR_both_correct,0.8211502901630869,0.009646083874522645,0.8022439657690226,0.8400566145571513,False
122,"(122,)",DR_propensity_correct_Q_wrong,0.8218797704363012,0.010222772221145386,0.8018431368828562,0.8419164039897462,False
122,"(122,)",DR_Q_correct_propensity_wrong,0.8044104301352729,0.05349584936731517,0.6995585653753352,0.9092622948952106,True
122,"(122,)",DR_both_wrong,1.3670999882812478,0.05351927391019738,1.2622022114172609,1.4719977651452347,False
122,"(122,)",IPW_propensity_correct,0.8701217903728988,0.03884853532001813,0.7939786611456633,0.9462649196001344,True
122,"(122,)",IPW_propensity_wrong,1.3390283144531268,0.07434850066236663,1.1933052531548882,1.4847513757513653,False
122,"(122,)",Direct_Q_correct,0.8138431387656295,0.006362963428278926,0.8013717304462028,0.8263145470850563,False
122,"(122,)",Direct_Q_wrong,0.6073781249999982,0.010614340710151576,0.5865740172081011,0.6281822327918953,False
123,"(123,)",DR_both_correct,0.813427437044732,0.008883414799718062,0.7960159440372846,0.8308389300521793,True
123,"(123,)",DR_propensity_correct_Q_wrong,0.8179004599072962,0.009652551681635726,0.7989814586112902,0.8368194612033022,False
123,"(123,)",DR_Q_correct_propensity_wrong,0.8509158671159366,0.052583259588282305,0.7478526783229033,0.9539790559089699,True
123,"(123,)",DR_both_wrong,1.4912389539062494,0.05544205263763129,1.382572530736492,1.5999053770760068,False
123,"(123,)",IPW_propensity_correct,0.8282622033264232,0.03741693498711178,0.7549250107516841,0.9015993959011623,True
123,"(123,)",IPW_propensity_wrong,1.4683930207031255,0.07858809996432511,1.3143603447730483,1.6224256966332027,False
123,"(123,)",Direct_Q_correct,0.8024460350972685,0.006380126020333436,0.789940988097415,0.8149510820971221,True
123,"(123,)",Direct_Q_wrong,0.5886203124999991,0.01061019107915905,0.5678243379848474,0.6094162870151508,False
124,"(124,)",DR_both_correct,0.8107559664047629,0.00891994927143457,0.7932728658327511,0.8282390669767746,True
124,"(124,)",DR_propensity_correct_Q_wrong,0.808574246308427,0.00956240628958739,0.7898319299808357,0.8273165626360183,True
124,"(124,)",DR_Q_correct_propensity_wrong,0.8789856331791018,0.05015385553448907,0.7806840763315033,0.9772871900267004,True
124,"(124,)",DR_both_wrong,1.4960895750000012,0.053894903699737186,1.3904555637485163,1.601723586251486,False
124,"(124,)",IPW_propensity_correct,0.7814971296998329,0.03721837375807085,0.708549117134014,0.8544451422656517,True
124,"(124,)",IPW_propensity_wrong,1.4173637542968778,0.07847117641747031,1.263560248518636,1.5711672600751196,False
124,"(124,)",Direct_Q_correct,0.7980139473730508,0.006434016528566658,0.7854032749770601,0.8106246197690414,True
124,"(124,)",Direct_Q_wrong,0.5848687499999994,0.010604378867778444,0.5640841674191537,0.6056533325808451,False
125,"(125,)",DR_both_correct,0.7928111473415691,0.009797110982499012,0.773608809815871,0.8120134848672672,True
125,"(125,)",DR_propensity_correct_Q_wrong,0.789645161827,0.010285210513433053,0.7694861492206712,0.8098041744333287,True
125,"(125,)",DR_Q_correct_propensity_wrong,0.8046646190227733,0.05587892711661035,0.695141921874217,0.9141873161713296,True
125,"(125,)",DR_both_wrong,1.4533268210937493,0.05723691104342813,1.3411424754486303,1.5655111667388684,False
125,"(125,)",IPW_propensity_correct,0.760546988163068,0.03561731192726897,0.6907370567856208,0.8303569195405152,True
125,"(125,)",IPW_propensity_wrong,1.3476739804687534,0.07647266748003853,1.1977875522078778,1.497560408729629,False
125,"(125,)",Direct_Q_correct,0.7908504011496129,0.006374743241884636,0.778355904395519,0.8033448979037068,True
125,"(125,)",Direct_Q_wrong,0.5698624999999994,0.010564437562511509,0.5491562023774769,0.5905687976225219,False
126,"(126,)",DR_both_correct,0.8033713437251753,0.009882275159333613,0.7840020844128814,0.8227406030374691,True
126,"(126,)",DR_propensity_correct_Q_wrong,0.8033092015680933,0.010613668985099613,0.7825064103572981,0.8241119927788885,True
126,"(126,)",DR_Q_correct_propensity_wrong,0.8705766816674599,0.053131771853888864,0.7664384088338377,0.9747149545010821,True
126,"(126,)",DR_both_wrong,1.5016145417968767,0.05651422520420526,1.3908466603966343,1.612382423197119,False
126,"(126,)",IPW_propensity_correct,0.7597524930988518,0.03611339300242302,0.6889702428141027,0.830534743383601,True
126,"(126,)",IPW_propensity_wrong,1.3439212746093774,0.07582985589379829,1.1952947570575327,1.492547792161222,False
126,"(126,)",Direct_Q_correct,0.8000409007250043,0.0064298318310685105,0.78743843033611,0.8126433711138986,True
126,"(126,)",Direct_Q_wrong,0.5886203124999989,0.010610191079159047,0.5678243379848472,0.6094162870151506,False
127,"(127,)",DR_both_correct,0.794291239790289,0.010511751999570672,0.7736882058711305,0.8148942737094476,True
127,"(127,)",DR_propensity_correct_Q_wrong,0.8048713422125292,0.01071283257294582,0.7838741903695554,0.825868494055503,True
127,"(127,)",DR_Q_correct_propensity_wrong,0.6328624416563274,0.0604237111538892,0.5144319677947046,0.7512929155179503,False
127,"(127,)",DR_both_wrong,1.245823521484374,0.056859409816771185,1.1343790782435026,1.3572679647252455,False
127,"(127,)",IPW_propensity_correct,0.7854224101342608,0.03769209317938075,0.7115459075026745,0.8592989127658471,True
127,"(127,)",IPW_propensity_wrong,1.1890207429687512,0.0729505679150149,1.046037629855322,1.3320038560821803,False
127,"(127,)",Direct_Q_correct,0.8112562499124255,0.006378140576969856,0.7987550943815646,0.8237574054432865,False
127,"(127,)",Direct_Q_wrong,0.6043768749999983,0.010616464693406122,0.5835686042009223,0.6251851457990742,False
128,"(128,)",DR_both_correct,0.8114750338637168,0.009396593655735424,0.7930577102984754,0.8298923574289582,True
128,"(128,)",DR_propensity_correct_Q_wrong,0.8121140015508463,0.00994978948762353,0.7926124141551042,0.8316155889465885,True
128,"(128,)",DR_Q_correct_propensity_wrong,0.841533861016757,0.05081535095164413,0.7419357731515345,0.9411319488819795,True
128,"(128,)",DR_both_wrong,1.4330364816406245,0.05163822775941322,1.3318255552321745,1.5342474080490744,False
128,"(128,)",IPW_propensity_correct,0.8334798351939535,0.039148899414264304,0.7567479923419955,0.9102116780459115,True
128,"(128,)",IPW_propensity_wrong,1.3728509601562515,0.07609644181133107,1.2237019342060427,1.5219999861064604,False
128,"(128,)",Direct_Q_correct,0.8032794447892999,0.006374471848134138,0.790785479966957,0.8157734096116428,True
128,"(128,)",Direct_Q_wrong,0.5901209374999989,0.01061205031447882,0.5693213188836205,0.6109205561163774,False
129,"(129,)",DR_both_correct,0.8011687980302168,0.009861370498654893,0.7818405118528532,0.8204970842075804,True
129,"(129,)",DR_propensity_correct_Q_wrong,0.8004451638783466,0.010565203809721245,0.779737364411293,0.8211529633454002,True
129,"(129,)",DR_Q_correct_propensity_wrong,0.8127529924179681,0.05431037780035494,0.7063046519292724,0.9192013329066637,True
129,"(129,)",DR_both_wrong,1.397408395703125,0.05416327450038839,1.2912483776823638,1.503568413723886,False
129,"(129,)",IPW_propensity_correct,0.8501278948853448,0.0400465213294193,0.771636713079683,0.9286190766910066,True
129,"(129,)",IPW_propensity_wrong,1.3392821765625025,0.07328906991237913,1.1956355995342394,1.4829287535907656,False
129,"(129,)",Direct_Q_correct,0.7984317943510192,0.006455455709094841,0.7857791011611933,0.8110844875408451,True
129,"(129,)",Direct_Q_wrong,0.5863693749999992,0.010606903419383772,0.565579844298007,0.6071589057019914,False
130,"(130,)",DR_both_correct,0.7966258231630191,0.00988379437794592,0.7772535861822452,0.8159980601437931,True
130,"(130,)",DR_propensity_correct_Q_wrong,0.793234370409168,0.01067007748003753,0.7723210185482945,0.8141477222700415,True
130,"(130,)",DR_Q_correct_propensity_wrong,0.6881225360450378,0.06038483138964133,0.5697682665213408,0.8064768055687348,True
130,"(130,)",DR_both_wrong,1.3125613988281237,0.05876983048405236,1.197372531079381,1.4277502665768664,False
130,"(130,)",IPW_propensity_correct,0.7892544093080117,0.03804045755056452,0.7146951125089053,0.8638137061071182,True
130,"(130,)",IPW_propensity_wrong,1.2652279511718776,0.076056485764112,1.116157239074218,1.4142986632695371,False
130,"(130,)",Direct_Q_correct,0.8065282529411752,0.006361626061121076,0.794059465861378,0.8189970400209725,True
130,"(130,)",Direct_Q_wrong,0.5946228124999988,0.010616033293700044,0.5738153872443468,0.6154302377556509,False
131,"(131,)",DR_both_correct,0.8063985577015039,0.010314512336484592,0.7861821135219941,0.8266150018810138,True
131,"(131,)",DR_propensity_correct_Q_wrong,0.7995138850887658,0.010705537197032555,0.7785310321825819,0.8204967379949496,True
131,"(131,)",DR_Q_correct_propensity_wrong,0.7345507546250775,0.05607827787797579,0.6246373299842449,0.84446417926591,True
131,"(131,)",DR_both_wrong,1.3259120320312479,0.0547776316375784,1.2185478740215943,1.4332761900409015,False
131,"(131,)",IPW_propensity_correct,0.8055560393638713,0.03909116954775047,0.7289373470502805,0.8821747316774622,True
131,"(131,)",IPW_propensity_wrong,1.246370101171877,0.07248286122305694,1.1043036931746855,1.3884365091690687,False
131,"(131,)",Direct_Q_correct,0.8104320912981293,0.006375041812916259,0.7979370093448135,0.8229271732514452,True
131,"(131,)",Direct_Q_wrong,0.6028762499999993,0.010617128351033723,0.5820666784319732,0.6236858215680254,False
132,"(132,)",DR_both_correct,0.7803848023574018,0.010025409866211503,0.7607349990196273,0.8000346056951764,True
132,"(132,)",DR_propensity_correct_Q_wrong,0.7835580012863881,0.010488374265176995,0.7630007877266411,0.804115214846135,True
132,"(132,)",DR_Q_correct_propensity_wrong,0.7141192027629681,0.058781410151848006,0.598907638865346,0.8293307666605902,True
132,"(132,)",DR_both_wrong,1.388279607812501,0.05833586371271467,1.2739413149355803,1.5026179006894218,False
132,"(132,)",IPW_propensity_correct,0.7511480315846751,0.03685181469063103,0.6789184747910383,0.823377588378312,True
132,"(132,)",IPW_propensity_wrong,1.3514424468750024,0.07787854131663052,1.1988005058944065,1.5040843878555983,False
132,"(132,)",Direct_Q_correct,0.7856446013447688,0.006399872838068307,0.7731008505821548,0.7981883521073827,False
132,"(132,)",Direct_Q_wrong,0.5638599999999989,0.010540934891435408,0.5431997676127855,0.5845202323872123,False
133,"(133,)",DR_both_correct,0.8079815532997336,0.00952188446288276,0.7893186597524834,0.8266444468469839,True
133,"(133,)",DR_propensity_correct_Q_wrong,0.8100772546062183,0.010255317653482162,0.7899768320053933,0.8301776772070433,True
133,"(133,)",DR_Q_correct_propensity_wrong,0.7423453024455478,0.055660112111246385,0.6332514827075049,0.8514391221835906,True
133,"(133,)",DR_both_wrong,1.3421605027343728,0.053982334518026746,1.2363551270790405,1.4479658783897051,False
133,"(133,)",IPW_propensity_correct,0.7727738706494763,0.03698297761168257,0.7002872345305785,0.8452605067683742,True
133,"(133,)",IPW_propensity_wrong,1.228572227343751,0.0688121593033459,1.093700395109193,1.3634440595783088,False
133,"(133,)",Direct_Q_correct,0.804413926464848,0.006392811580269023,0.7918840157675207,0.8169438371621753,True
133,"(133,)",Direct_Q_wrong,0.5923718749999991,0.010614340710151614,0.571567767208102,0.6131759827918962,False
134,"(134,)",DR_both_correct,0.7900942401686788,0.010321211164537821,0.7698646662861847,0.8103238140511729,True
134,"(134,)",DR_propensity_correct_Q_wrong,0.7878209875149201,0.01108327196968717,0.7660977744543332,0.809544200575507,True
134,"(134,)",DR_Q_correct_propensity_wrong,0.709849680340664,0.05732453218045179,0.5974935972669785,0.8222057634143495,True
134,"(134,)",DR_both_wrong,1.3113505789062494,0.05457737816211762,1.204378917708499,1.4183222401039999,False
134,"(134,)",IPW_propensity_correct,0.8285989086371758,0.038369760090736685,0.7533941788593319,0.9038036384150197,True
134,"(134,)",IPW_propensity_wrong,1.268731301953126,0.0697854549316447,1.1319518102871022,1.4055107936191495,False
134,"(134,)",Direct_Q_correct,0.8027649736092222,0.006387594994923092,0.7902452874191729,0.8152846597992714,True
134,"(134,)",Direct_Q_wrong,0.5901209374999993,0.01061205031447882,0.5693213188836208,0.6109205561163777,False
135,"(135,)",DR_both_correct,0.7867211878250988,0.009849227852326925,0.7674167012345381,0.8060256744156595,True
135,"(135,)",DR_propensity_correct_Q_wrong,0.7842674089377094,0.010161468506001966,0.7643509306659455,0.8041838872094733,True
135,"(135,)",DR_Q_correct_propensity_wrong,0.7751593696966786,0.054299167412046066,0.6687330015690683,0.881585737824289,True
135,"(135,)",DR_both_wrong,1.4157283031249974,0.054548425755164914,1.3088133886448743,1.5226432176051206,False
135,"(135,)",IPW_propensity_correct,0.8186425389103685,0.03934054605463182,0.7415350686432902,0.8957500091774468,True
135,"(135,)",IPW_propensity_wrong,1.3667828800781257,0.07608968635158328,1.2176470948290223,1.515918665327229,False
135,"(135,)",Direct_Q_correct,0.7911624505679725,0.006413337567777347,0.7785923089351289,0.8037325922008162,True
135,"(135,)",Direct_Q_wrong,0.5736140624999989,0.010576935422746367,0.552883269071416,0.5943448559285818,False
136,"(136,)",DR_both_correct,0.7829705852486138,0.010079270633512726,0.7632152148069289,0.8027259556902988,True
136,"(136,)",DR_propensity_correct_Q_wrong,0.7843904178888423,0.01058396994983109,0.7636458367871735,0.8051349989905112,True
136,"(136,)",DR_Q_correct_propensity_wrong,0.6839151106971866,0.061249635137193115,0.563865825828288,0.8039643955660851,True
136,"(136,)",DR_both_wrong,1.3454554527343732,0.057853397746826074,1.232062793150594,1.4588481123181523,False
136,"(136,)",IPW_propensity_correct,0.8155144023128004,0.0395229158333726,0.7380494872793901,0.8929793173462106,True
136,"(136,)",IPW_propensity_wrong,1.3956488273437495,0.0830056793034518,1.232957695908984,1.558339958778515,False
136,"(136,)",Direct_Q_correct,0.7926659399063312,0.006372589582680358,0.7801756643242777,0.8051562154883847,True
136,"(136,)",Direct_Q_wrong,0.5728637499999992,0.010574570294777706,0.5521375922222349,0.5935899077777635,False
137,"(137,)",DR_both_correct,0.7923085369316037,0.009722020803324958,0.7732533761570868,0.8113636977061207,True
137,"(137,)",DR_propensity_correct_Q_wrong,0.7915256381961264,0.010295800394150591,0.7713458694235913,0.8117054069686616,True
137,"(137,)",DR_Q_correct_propensity_wrong,0.807484182043749,0.05425876277732274,0.7011370070001964,0.9138313570873017,True
137,"(137,)",DR_both_wrong,1.4580631535156254,0.056192940119755876,1.347924990880904,1.568201316150347,False
137,"(137,)",IPW_propensity_correct,0.7837682409178096,0.03818941579347799,0.7089169859625928,0.8586194958730264,True
137,"(137,)",IPW_propensity_wrong,1.406939231250001,0.07857659635243147,1.2529291023992355,1.5609493601007667,False
137,"(137,)",Direct_Q_correct,0.7920512112859407,0.006404946389045007,0.7794975163634125,0.8046049062084689,True
137,"(137,)",Direct_Q_wrong,0.5736140624999989,0.010576935422746368,0.552883269071416,0.5943448559285818,False
138,"(138,)",DR_both_correct,0.7989931530715062,0.009260347281079348,0.7808428724005907,0.8171434337424217,True
138,"(138,)",DR_propensity_correct_Q_wrong,0.8019708569593555,0.009770842770789457,0.7828200051286082,0.8211217087901029,True
138,"(138,)",DR_Q_correct_propensity_wrong,0.8225702759403132,0.05608899839046369,0.7126358390950044,0.932504712785622,True
138,"(138,)",DR_both_wrong,1.474082736718751,0.05814547619849845,1.360117603369694,1.588047870067808,False
138,"(138,)",IPW_propensity_correct,0.8049036069343284,0.037107289444936464,0.732173319622253,0.8776338942464038,True
138,"(138,)",IPW_propensity_wrong,1.4525562609375025,0.08195087332264962,1.2919325492251093,1.6131799726498957,False
138,"(138,)",Direct_Q_correct,0.7939270832810971,0.0063772302687257094,0.7814277119543946,0.8064264546077995,True
138,"(138,)",Direct_Q_wrong,0.5751146874999994,0.010581464332579652,0.5543750174081433,0.5958543575918555,False
139,"(139,)",DR_both_correct,0.7988878588530784,0.009456775799890883,0.7803525782852924,0.8174231394208645,True
139,"(139,)",DR_propensity_correct_Q_wrong,0.7952375870446915,0.010532083153052759,0.7745947040647081,0.8158804700246749,True
139,"(139,)",DR_Q_correct_propensity_wrong,0.8562263606268746,0.05473666281598997,0.7489425015075343,0.963510219746215,True
139,"(139,)",DR_both_wrong,1.4896676562500002,0.0576716139916117,1.3766312928264413,1.6027040196735591,False
139,"(139,)",IPW_propensity_correct,0.7652516944999325,0.03681895856089737,0.6930865357205737,0.8374168532792913,True
139,"(139,)",IPW_propensity_wrong,1.3498709765625023,0.07586458916979275,1.2011763817897085,1.498565571335296,False
139,"(139,)",Direct_Q_correct,0.7930795180190664,0.006384167673825681,0.7805665493783681,0.8055924866597647,True
139,"(139,)",Direct_Q_wrong,0.5743643749999995,0.010579233420768313,0.5536290774952936,0.5950996725047054,False
140,"(140,)",DR_both_correct,0.8091810915986316,0.00878030527325297,0.7919716932630558,0.8263904899342074,True
140,"(140,)",DR_propensity_correct_Q_wrong,0.8090291010083509,0.009570859059000783,0.7902702172527094,0.8277879847639924,True
140,"(140,)",DR_Q_correct_propensity_wrong,0.9185921921694907,0.04863041258300177,0.8232765835068072,1.0139078008321742,False
140,"(140,)",DR_both_wrong,1.531551583984377,0.05303167827258489,1.4276094945701105,1.6354936733986434,False
140,"(140,)",IPW_propensity_correct,0.8516789781923063,0.03786153969136596,0.777470360397229,0.9258875959873836,True
140,"(140,)",IPW_propensity_wrong,1.5062861039062523,0.07447110269368068,1.3603227426266382,1.6522494651858664,False
140,"(140,)",Direct_Q_correct,0.7922755101971134,0.006409547675138475,0.779712796753842,0.8048382236403848,True
140,"(140,)",Direct_Q_wrong,0.5751146874999988,0.010581464332579633,0.5543750174081428,0.5958543575918549,False
141,"(141,)",DR_both_correct,0.8020632714120923,0.0094086449782832,0.7836223272546573,0.8205042155695274,True
141,"(141,)",DR_propensity_correct_Q_wrong,0.7983710111617445,0.01024332590110391,0.7782940923955808,0.8184479299279082,True
141,"(141,)",DR_Q_correct_propensity_wrong,0.8893810064717566,0.052789021968382026,0.7859145234137278,0.9928474895297853,True
141,"(141,)",DR_both_wrong,1.5159442285156248,0.05622195662461604,1.4057491935313773,1.6261392634998724,False
141,"(141,)",IPW_propensity_correct,0.725004655254157,0.035911784779418185,0.6546175570864974,0.7953917534218167,False
141,"(141,)",IPW_propensity_wrong,1.3346027742187518,0.07389202370656882,1.189774407753877,1.4794311406836267,False
141,"(141,)",Direct_Q_correct,0.7926890883098465,0.006421090599446371,0.7801037507349317,0.8052744258847614,True
141,"(141,)",Direct_Q_wrong,0.5766153124999991,0.010585725065953991,0.5558672913707292,0.597363333629269,False
142,"(142,)",DR_both_correct,0.811678410135595,0.009324967353709676,0.7934014741223241,0.829955346148866,True
142,"(142,)",DR_propensity_correct_Q_wrong,0.8139659722455788,0.00989720409582119,0.7945674522177693,0.8333644922733883,True
142,"(142,)",DR_Q_correct_propensity_wrong,0.7827855093671872,0.056979097735538,0.6711064778055327,0.8944645409288416,True
142,"(142,)",DR_both_wrong,1.4167634238281241,0.05645695585497704,1.3061077903523692,1.527419057303879,False
142,"(142,)",IPW_propensity_correct,0.7761618106499065,0.03852192879232738,0.7006588302169449,0.8516647910828682,True
142,"(142,)",IPW_propensity_wrong,1.3318462593750018,0.07916056260916934,1.1766915566610299,1.4870009620889737,False
142,"(142,)",Direct_Q_correct,0.803521532508675,0.0063895758881194805,0.7909979637679608,0.8160451012493891,True
142,"(142,)",Direct_Q_wrong,0.5916215624999989,0.010613643685530269,0.5708188208763595,0.6124243041236382,False
143,"(143,)",DR_both_correct,0.8027786902265605,0.00943354221649315,0.7842889474822339,0.821268432970887,True
143,"(143,)",DR_propensity_correct_Q_wrong,0.800902416357738,0.010082037344187198,0.7811416231631311,0.8206632095523448,True
143,"(143,)",DR_Q_correct_propensity_wrong,0.8099516944782025,0.060258580792788174,0.6918448761243376,0.9280585128320673,True
143,"(143,)",DR_both_wrong,1.4424386699218734,0.061686538824326995,1.3215330538261925,1.5633442860175544,False
143,"(143,)",IPW_propensity_correct,0.8716807376225595,0.03842348727646003,0.7963707025606979,0.9469907726844211,True
143,"(143,)",IPW_propensity_wrong,1.5029813191406227,0.08214853318889319,1.341970194090392,1.6639924441908533,False
143,"(143,)",Direct_Q_correct,0.7986554576351604,0.006463016485032268,0.7859879453244972,0.8113229699458236,True
143,"(143,)",Direct_Q_wrong,0.5886203124999991,0.010610191079159049,0.5678243379848474,0.6094162870151508,False
144,"(144,)",DR_both_correct,0.798231883223909,0.009765391820930633,0.779091715254885,0.8173720511929331,True
144,"(144,)",DR_propensity_correct_Q_wrong,0.79348272161728,0.010181696767383725,0.7735265959532078,0.8134388472813521,True
144,"(144,)",DR_Q_correct_propensity_wrong,0.7636294030405457,0.055069986393493454,0.6556922297092985,0.8715665763717929,True
144,"(144,)",DR_both_wrong,1.3917469066406272,0.05489136806202179,1.2841598252390645,1.4993339880421899,False
144,"(144,)",IPW_propensity_correct,0.8261039638778135,0.038749869987742484,0.7501542187018382,0.9020537090537888,True
144,"(144,)",IPW_propensity_wrong,1.406417988281253,0.07745393062441576,1.2546082842573982,1.558227692305108,False
144,"(144,)",Direct_Q_correct,0.793819936747191,0.006427916872449449,0.78122121967719,0.8064186538171919,True
144,"(144,)",Direct_Q_wrong,0.5781159374999989,0.01058971794656905,0.5573600903247236,0.5988717846752742,False
145,"(145,)",DR_both_correct,0.7970351732088669,0.009963109995792644,0.7775074776171133,0.8165628688006205,True
145,"(145,)",DR_propensity_correct_Q_wrong,0.7948110614908624,0.010885162052804398,0.7734761438673659,0.816145979114359,True
145,"(145,)",DR_Q_correct_propensity_wrong,0.7954135285552733,0.05680664089732148,0.6840725123965231,0.9067545447140234,True
145,"(145,)",DR_both_wrong,1.4083335476562509,0.05723768869147534,1.2961476778209593,1.5205194174915424,False
145,"(145,)",IPW_propensity_correct,0.8489463911911502,0.038956251863682394,0.7725921375383328,0.9253006448439677,True
145,"(145,)",IPW_propensity_wrong,1.3885376015625028,0.07714257061524597,1.2373381631566207,1.539737039968385,False
145,"(145,)",Direct_Q_correct,0.8034305261460978,0.006400081938650267,0.7908863655463433,0.8159746867458523,True
145,"(145,)",Direct_Q_wrong,0.5923718749999979,0.010614340710151618,0.5715677672081008,0.613175982791895,False
146,"(146,)",DR_both_correct,0.8027562024005361,0.009561468356797,0.784015724421214,0.8214966803798582,True
146,"(146,)",DR_propensity_correct_Q_wrong,0.8027090217505175,0.010399190151346533,0.7823266090538783,0.8230914344471567,True
146,"(146,)",DR_Q_correct_propensity_wrong,0.8807429972979297,0.05458598417024517,0.7737544683242492,0.9877315262716102,True
146,"(146,)",DR_both_wrong,1.5153893132812482,0.05802309269674805,1.401664051595622,1.6291145749668743,False
146,"(146,)",IPW_propensity_correct,0.836639418208903,0.039290075628636116,0.7596308699767762,0.9136479664410297,True
146,"(146,)",IPW_propensity_wrong,1.4645149441406264,0.08210729057992958,1.3035846546039644,1.6254452336772884,False
146,"(146,)",Direct_Q_correct,0.8015473876745349,0.006403675677129928,0.7889961833473602,0.8140985920017096,True
146,"(146,)",Direct_Q_wrong,0.589370624999999,0.010611153938118498,0.5685727632812868,0.6101684867187113,False
147,"(147,)",DR_both_correct,0.7925576571908137,0.009938761960940758,0.7730776837473698,0.8120376306342576,True
147,"(147,)",DR_propensity_correct_Q_wrong,0.7922862203460792,0.010566187974303932,0.7715764919164435,0.8129959487757149,True
147,"(147,)",DR_Q_correct_propensity_wrong,0.7662651345942574,0.05868172647656254,0.6512489507001948,0.8812813184883199,True
147,"(147,)",DR_both_wrong,1.4155835507812495,0.05913702218415135,1.2996749873003128,1.5314921142621862,False
147,"(147,)",IPW_propensity_correct,0.7933746182562625,0.03775019295243437,0.7193842400694912,0.8673649964430339,True
147,"(147,)",IPW_propensity_wrong,1.382101995703126,0.07731276138428027,1.2305689833899367,1.5336350080163152,False
147,"(147,)",Direct_Q_correct,0.7867068370574252,0.0063508599677689565,0.774259151520598,0.7991545225942523,True
147,"(147,)",Direct_Q_wrong,0.5623593750000001,0.010534382202712004,0.5417119858826845,0.5830067641173157,False
148,"(148,)",DR_both_correct,0.7787895888174353,0.010315579069308137,0.7585710538415914,0.7990081237932792,True
148,"(148,)",DR_propensity_correct_Q_wrong,0.7753174618432875,0.010443026919767203,0.7548491290805438,0.7957857946060313,False
148,"(148,)",DR_Q_correct_propensity_wrong,0.719503973066132,0.05832368786734633,0.6051895448461332,0.8338184012861308,True
148,"(148,)",DR_both_wrong,1.3756424808593735,0.05794643851726363,1.2620674613655367,1.4892175003532102,False
148,"(148,)",IPW_propensity_correct,0.8179908758853661,0.03829827141137491,0.7429262639190712,0.893055487851661,True
148,"(148,)",IPW_propensity_wrong,1.4475852843750012,0.08126332881433618,1.2883091598989023,1.6068614088511002,False
148,"(148,)",Direct_Q_correct,0.7902251501974256,0.006423423211105472,0.7776352407036589,0.8028150596911923,True
148,"(148,)",Direct_Q_wrong,0.5721134374999991,0.01057213799180873,0.551392047036054,0.5928348279639442,False
149,"(149,)",DR_both_correct,0.8085108035585225,0.009272961111699495,0.7903357997795915,0.8266858073374534,True
149,"(149,)",DR_propensity_correct_Q_wrong,0.8123992444063465,0.009614673987711932,0.7935544833904311,0.8312440054222618,True
149,"(149,)",DR_Q_correct_propensity_wrong,0.8453571767834387,0.055044741819773195,0.7374694828166832,0.9532448707501942,True
149,"(149,)",DR_both_wrong,1.4723623152343748,0.05680404921168537,1.3610263787794714,1.5836982516892781,False
149,"(149,)",IPW_propensity_correct,0.7977846834781317,0.03742628100168079,0.7244291727148373,0.8711401942414261,True
149,"(149,)",IPW_propensity_wrong,1.357272215625001,0.0735995692031773,1.2130170599867736,1.5015273712632284,False
149,"(149,)",Direct_Q_correct,0.7975321339184417,0.006423801824691343,0.7849414823420466,0.8101227854948367,True
149,"(149,)",Direct_Q_wrong,0.5841184374999986,0.010603016689018991,0.5633365247895213,0.6049003502104758,False
150,"(150,)",DR_both_correct,0.7985737490177044,0.009929293432727221,0.779112333889559,0.8180351641458498,True
150,"(150,)",DR_propensity_correct_Q_wrong,0.7966572537740041,0.010422190514013633,0.7762297603665373,0.8170847471814708,True
150,"(150,)",DR_Q_correct_propensity_wrong,0.8401210338775776,0.054096093244942925,0.7340926911174895,0.9461493766376657,True
150,"(150,)",DR_both_wrong,1.4892338082031211,0.057484980645788844,1.376563246137375,1.6019043702688673,False
150,"(150,)",IPW_propensity_correct,0.8006360216209201,0.03834307080553905,0.7254836028420635,0.8757884403997767,True
150,"(150,)",IPW_propensity_wrong,1.4623832203125016,0.08281865194066652,1.300058662508795,1.624707778116208,False
150,"(150,)",Direct_Q_correct,0.7946675020092222,0.006420904413352502,0.7820825293590513,0.8072524746593931,True
150,"(150,)",Direct_Q_wrong,0.5788662499999991,0.010591614037551008,0.5581066864863992,0.5996258135135991,False
151,"(151,)",DR_both_correct,0.7909796846142746,0.009726111465693053,0.7719165061415162,0.810042863087033,True
151,"(151,)",DR_propensity_correct_Q_wrong,0.7953060262599783,0.010413118918126312,0.7748963131804507,0.8157157393395058,True
151,"(151,)",DR_Q_correct_propensity_wrong,0.8173167172788675,0.05600978172104123,0.7075375451056266,0.9270958894521083,True
151,"(151,)",DR_both_wrong,1.48389385078125,0.057847673736438475,1.3705124102578305,1.5972752913046695,False
151,"(151,)",IPW_propensity_correct,0.7856122960170492,0.03778525161306424,0.7115532028554433,0.859671389178655,True
151,"(151,)",IPW_propensity_wrong,1.4410200785156269,0.08191639778340652,1.2804639388601502,1.6015762181711035,False
151,"(151,)",Direct_Q_correct,0.7898175673070347,0.006445724621634517,0.777183947048631,0.8024511875654383,True
151,"(151,)",Direct_Q_wrong,0.5736140624999991,0.010576935422746367,0.5528832690714163,0.594344855928582,False
152,"(152,)",DR_both_correct,0.8091115238361973,0.009477777705246217,0.7905350795339148,0.8276879681384799,True
152,"(152,)",DR_propensity_correct_Q_wrong,0.8082399888843349,0.009869585460694837,0.788895601381373,0.8275843763872968,True
152,"(152,)",DR_Q_correct_propensity_wrong,0.8152824686198441,0.05483906470923487,0.7077979017897438,0.9227670354499444,True
152,"(152,)",DR_both_wrong,1.437420614843751,0.056463008772105354,1.3267531176504244,1.5480881120370775,False
152,"(152,)",IPW_propensity_correct,0.841805271473476,0.03842525463363982,0.7664917723915419,0.91711877055541,True
152,"(152,)",IPW_propensity_wrong,1.410211219921876,0.07673421052968776,1.259812167283688,1.560610272560064,False
152,"(152,)",Direct_Q_correct,0.8031781743391434,0.006340080844196548,0.7907516158845181,0.8156047327937687,True
152,"(152,)",Direct_Q_wrong,0.5878699999999984,0.010609161719499225,0.56707604302978,0.6086639569702169,False
153,"(153,)",DR_both_correct,0.80862610415159,0.009401315339254946,0.7901995260866503,0.8270526822165296,True
153,"(153,)",DR_propensity_correct_Q_wrong,0.8073135873130048,0.010240614200010116,0.7872419834809851,0.8273851911450246,True
153,"(153,)",DR_Q_correct_propensity_wrong,0.8167255877822656,0.05354989558233465,0.7117677924408896,0.9216833831236415,True
153,"(153,)",DR_both_wrong,1.4094688222656249,0.05456930066890896,1.3025129929545634,1.5164246515766864,False
153,"(153,)",IPW_propensity_correct,0.8236125377921624,0.03817316893389872,0.7487931266817209,0.8984319489026038,True
153,"(153,)",IPW_propensity_wrong,1.3378081816406273,0.07791220915278066,1.1851002517011773,1.4905161115800774,False
153,"(153,)",Direct_Q_correct,0.8044671123654726,0.006458988507358527,0.79180749489105,0.8171267298398953,True
153,"(153,)",Direct_Q_wrong,0.5976240624999986,0.010617360621403097,0.5768140356820485,0.6184340893179486,False
154,"(154,)",DR_both_correct,0.799602849944815,0.009753597842121074,0.7804857981742577,0.8187199017153723,True
154,"(154,)",DR_propensity_correct_Q_wrong,0.8049038105984523,0.01032282573949407,0.7846710721490439,0.8251365490478607,True
154,"(154,)",DR_Q_correct_propensity_wrong,0.721309520271561,0.057987444910074536,0.607654128247815,0.8349649122953071,True
154,"(154,)",DR_both_wrong,1.3708753730468752,0.057748679792469816,1.2576879606536344,1.484062785440116,False
154,"(154,)",IPW_propensity_correct,0.8230277396545255,0.037687475409254725,0.7491602878523862,0.8968951914566647,True
154,"(154,)",IPW_propensity_wrong,1.2774524167968757,0.07250380802144807,1.1353449530748374,1.419559880518914,False
154,"(154,)",Direct_Q_correct,0.8048793000855499,0.006357070318180753,0.7924194422619156,0.8173391579091841,True
154,"(154,)",Direct_Q_wrong,0.5923718749999985,0.01061434071015162,0.5715677672081014,0.6131759827918957,False
155,"(155,)",DR_both_correct,0.7896296549512379,0.010288615310765222,0.7694639689421381,0.8097953409603378,True
155,"(155,)",DR_propensity_correct_Q_wrong,0.7893601160103313,0.010995529961525948,0.7678088772857404,0.8109113547349222,True
155,"(155,)",DR_Q_correct_propensity_wrong,0.706775996145546,0.059591709432595494,0.5899762456576588,0.8235757466334331,True
155,"(155,)",DR_both_wrong,1.3128009730468748,0.05801770853085727,1.1990862643263946,1.426515681767355,False
155,"(155,)",IPW_propensity_correct,0.7981626326041854,0.03651519520717613,0.7265928499981202,0.8697324152102506,True
155,"(155,)",IPW_propensity_wrong,1.2873298968750033,0.07639324686340947,1.1375991330227209,1.4370606607272858,False
155,"(155,)",Direct_Q_correct,0.7945197956464102,0.006469801435789999,0.7818389848322618,0.8072006064605586,True
155,"(155,)",Direct_Q_wrong,0.5818674999999986,0.010598530228984895,0.5610943807511882,0.6026406192488091,False
156,"(156,)",DR_both_correct,0.7884726038136691,0.01020817580759582,0.7684645792307814,0.8084806283965569,True
156,"(156,)",DR_propensity_correct_Q_wrong,0.7925789383892631,0.011025469010880229,0.7709690191279378,0.8141888576505883,True
156,"(156,)",DR_Q_correct_propensity_wrong,0.8078968803025397,0.053043580977412776,0.7039314615868106,0.9118622990182688,True
156,"(156,)",DR_both_wrong,1.43217782734375,0.055956009263620085,1.3225040491870546,1.5418516055004454,False
156,"(156,)",IPW_propensity_correct,0.6846571309373646,0.03523284199774402,0.6156007606217863,0.7537135012529429,False
156,"(156,)",IPW_propensity_wrong,1.2310307167968777,0.07214217044771312,1.0896320627193599,1.3724293708743955,False
156,"(156,)",Direct_Q_correct,0.7912534569305507,0.00640307150065848,0.7787034367892601,0.8038034770718413,True
156,"(156,)",Direct_Q_wrong,0.572863749999999,0.010574570294777711,0.5521375922222347,0.5935899077777633,False
157,"(157,)",DR_both_correct,0.8062293738076236,0.009471430780260498,0.787665369478313,0.8247933781369342,True
157,"(157,)",DR_propensity_correct_Q_wrong,0.8075029794417877,0.009553162291157425,0.7887787813511191,0.8262271775324563,True
157,"(157,)",DR_Q_correct_propensity_wrong,0.8654902631110548,0.059333901105358765,0.7491958169445516,0.981784709277558,True
157,"(157,)",DR_both_wrong,1.5469737582031258,0.061727711866349524,1.4259874429450807,1.6679600734611708,False
157,"(157,)",IPW_propensity_correct,0.8126075518357484,0.038466293887781895,0.7372136158156959,0.8880014878558009,True
157,"(157,)",IPW_propensity_wrong,1.5632877011718782,0.08607695221494652,1.3945768748305831,1.7319985275131733,False
157,"(157,)",Direct_Q_correct,0.797808150617347,0.006409747211890393,0.7852450460820418,0.8103712551526522,True
157,"(157,)",Direct_Q_wrong,0.5833681249999991,0.010601587874476334,0.5625890127660255,0.6041472372339728,False
158,"(158,)",DR_both_correct,0.7971772585082678,0.009785717272606301,0.7779972526539595,0.8163572643625762,True
158,"(158,)",DR_propensity_correct_Q_wrong,0.7964502471247168,0.010170411682401466,0.7765162402272099,0.8163842540222237,True
158,"(158,)",DR_Q_correct_propensity_wrong,0.7539097563426946,0.059760354907530795,0.6367794607239343,0.871040051961455,True
158,"(158,)",DR_both_wrong,1.4113455539062494,0.05894835162465999,1.2958067847219157,1.526884323090583,False
158,"(158,)",IPW_propensity_correct,0.7710904397682675,0.036622608013483667,0.6993101280618396,0.8428707514746955,True
158,"(158,)",IPW_propensity_wrong,1.3561126816406266,0.07406657608168359,1.2109421925205268,1.5012831707607264,False
158,"(158,)",Direct_Q_correct,0.8026640805418787,0.0064113931674924865,0.7900977499335934,0.8152304111501639,True
158,"(158,)",Direct_Q_wrong,0.5916215624999999,0.010613643685530243,0.5708188208763606,0.6124243041236391,False
159,"(159,)",DR_both_correct,0.791082842924649,0.00969901182833907,0.7720727797411044,0.8100929061081936,True
159,"(159,)",DR_propensity_correct_Q_wrong,0.7953367300796687,0.010151148135669924,0.7754404797337556,0.8152329804255817,True
159,"(159,)",DR_Q_correct_propensity_wrong,0.7585194697254688,0.056668038947210994,0.6474501133889352,0.8695888260620024,True
159,"(159,)",DR_both_wrong,1.4099197128906242,0.05690622964498701,1.2983835027864497,1.5214559229947988,False
159,"(159,)",IPW_propensity_correct,0.8113558944977202,0.038014071332771945,0.7368483146854872,0.8858634743099532,True
159,"(159,)",IPW_propensity_wrong,1.4026633417968761,0.07782035669811922,1.2501354426685625,1.5551912409251898,False
159,"(159,)",Direct_Q_correct,0.7887582100669569,0.00639321047996379,0.7762275175262279,0.8012889026076859,True
159,"(159,)",Direct_Q_wrong,0.5683618749999995,0.01055896718231071,0.5476662993226704,0.5890574506773285,False
160,"(160,)",DR_both_correct,0.8084486258367636,0.009365183731837626,0.7900928657223618,0.8268043859511653,True
160,"(160,)",DR_propensity_correct_Q_wrong,0.8071551991594245,0.009817378994251991,0.7879131363306906,0.8263972619881583,True
160,"(160,)",DR_Q_correct_propensity_wrong,0.8432115119320709,0.056445904050245896,0.732577539993589,0.9538454838705528,True
160,"(160,)",DR_both_wrong,1.4623887058593772,0.05712189073085895,1.3504298000268937,1.5743476116918607,False
160,"(160,)",IPW_propensity_correct,0.7552278480992558,0.036899550231180495,0.682904729646142,0.8275509665523696,True
160,"(160,)",IPW_propensity_wrong,1.370399006250001,0.07854277110621449,1.2164551748818206,1.5243428376181816,False
160,"(160,)",Direct_Q_correct,0.8034783524514103,0.006428990814962235,0.7908775304540844,0.8160791744487362,True
160,"(160,)",Direct_Q_wrong,0.5938724999999985,0.010615535503023766,0.5730660504140719,0.6146789495859251,False
161,"(161,)",DR_both_correct,0.8088585041063547,0.009475311096947162,0.7902868943563383,0.8274301138563712,True
161,"(161,)",DR_propensity_correct_Q_wrong,0.8077596286682805,0.010091673747582188,0.7879799481230194,0.8275393092135417,True
161,"(161,)",DR_Q_correct_propensity_wrong,0.7180321414658196,0.054491995998455896,0.611227829308846,0.8248364536227932,True
161,"(161,)",DR_both_wrong,1.3016804996093754,0.052357960752250854,1.1990588965349638,1.404302102683787,False
161,"(161,)",IPW_propensity_correct,0.7829889224702246,0.03905677127881808,0.7064376507637411,0.859540194176708,True
161,"(161,)",IPW_propensity_wrong,1.1629039781250012,0.06871030830017939,1.0282317738566495,1.297576182393353,False
161,"(161,)",Direct_Q_correct,0.8108394159443014,0.006412286650663425,0.7982713341090011,0.8234074977796018,True
161,"(161,)",Direct_Q_wrong,0.605877499999998,0.010615535503023679,0.5850710504140716,0.6266839495859243,False
162,"(162,)",DR_both_correct,0.791775459996182,0.010069310255485917,0.7720396118954297,0.8115113080969344,True
162,"(162,)",DR_propensity_correct_Q_wrong,0.7894299248214389,0.010908778308192452,0.7680487193373817,0.8108111303054961,True
162,"(162,)",DR_Q_correct_propensity_wrong,0.7398871919490623,0.05886157382907359,0.624518507244078,0.8552558766540466,True
162,"(162,)",DR_both_wrong,1.351494885937498,0.05887062079807374,1.2361084691732735,1.4668813027017225,False
162,"(162,)",IPW_propensity_correct,0.8170840969220363,0.03772003081325856,0.7431528365280495,0.8910153573160231,True
162,"(162,)",IPW_propensity_wrong,1.336516473046877,0.07771088527419463,1.1842031379094555,1.4888298081842986,False
162,"(162,)",Direct_Q_correct,0.7992101112613311,0.006394127157858196,0.786677622031929,0.8117426004907332,True
162,"(162,)",Direct_Q_wrong,0.5848687499999992,0.010604378867778444,0.5640841674191535,0.6056533325808449,False
163,"(163,)",DR_both_correct,0.7968548612513703,0.010034353145328485,0.7771875290865264,0.8165221934162141,True
163,"(163,)",DR_propensity_correct_Q_wrong,0.7992440935553122,0.010715578377295832,0.7782415599358123,0.8202466271748121,True
163,"(163,)",DR_Q_correct_propensity_wrong,0.7276646624880861,0.06026349996783478,0.60954820255113,0.8457811224250423,True
163,"(163,)",DR_both_wrong,1.3568419757812493,0.05870099847408192,1.2417880187720487,1.47189593279045,False
163,"(163,)",IPW_propensity_correct,0.827752620919769,0.03779385847924087,0.7536766583004568,0.9018285835390811,True
163,"(163,)",IPW_propensity_wrong,1.3163783050781281,0.07606984290028161,1.1672814129935762,1.46547519716268,False
163,"(163,)",Direct_Q_correct,0.8004712546360976,0.00639713774689264,0.787932864652188,0.8130096446200071,True
163,"(163,)",Direct_Q_wrong,0.5871196874999982,0.010608065839780105,0.5663278784540292,0.6079114965459672,False
164,"(164,)",DR_both_correct,0.7977925784062896,0.009691856745735507,0.778796539184648,0.8167886176279312,True
164,"(164,)",DR_propensity_correct_Q_wrong,0.7957170337866484,0.01026200273494316,0.7756035084261598,0.815830559147137,True
164,"(164,)",DR_Q_correct_propensity_wrong,0.79697253749461,0.05524232694003304,0.6886975766921452,0.9052474982970747,True
164,"(164,)",DR_both_wrong,1.4226435441406244,0.05462920376862919,1.3155703047541112,1.5297167835271377,False
164,"(164,)",IPW_propensity_correct,0.8319653228025662,0.03847162195179927,0.7565609437770396,0.9073697018280927,True
164,"(164,)",IPW_propensity_wrong,1.414116664453126,0.07650595492750378,1.2641649927952185,1.5640683361110335,False
164,"(164,)",Direct_Q_correct,0.8047094583290665,0.006412979943737853,0.7921400176393403,0.8172788990187927,True
164,"(164,)",Direct_Q_wrong,0.5946228124999982,0.010616033293700039,0.5738153872443461,0.6154302377556502,False
165,"(165,)",DR_both_correct,0.790353618955209,0.010169849256542591,0.7704207144123855,0.8102865234980324,True
165,"(165,)",DR_propensity_correct_Q_wrong,0.7914900987398289,0.01068095138219464,0.7705554340307273,0.8124247634489304,True
165,"(165,)",DR_Q_correct_propensity_wrong,0.8018721516831637,0.057952311225836425,0.6882856216805243,0.9154586816858031,True
165,"(165,)",DR_both_wrong,1.4513928941406242,0.05976786427977685,1.3342478801522617,1.5685379081289867,False
165,"(165,)",IPW_propensity_correct,0.7714387688468963,0.038527134457589526,0.6959255853100208,0.8469519523837719,True
165,"(165,)",IPW_propensity_wrong,1.418334523828125,0.08344460127558394,1.2547831053279805,1.5818859423282696,False
165,"(165,)",Direct_Q_correct,0.793590733343753,0.0064162352784820804,0.7810149121979281,0.8061665544895779,True
165,"(165,)",Direct_Q_wrong,0.5773656249999994,0.010587754968439993,0.5566136252618571,0.5981176247381418,False
166,"(166,)",DR_both_correct,0.7929626974053149,0.010188306151102614,0.7729936173491537,0.812931777461476,True
166,"(166,)",DR_propensity_correct_Q_wrong,0.7911020665982126,0.011002004588663255,0.7695381376044326,0.8126659955919926,True
166,"(166,)",DR_Q_correct_propensity_wrong,0.8264515284383583,0.056116920535892935,0.7164623641880082,0.9364406926887084,True
166,"(166,)",DR_both_wrong,1.4597446593750005,0.058022937954829476,1.3460197009835349,1.5734696177664662,False
166,"(166,)",IPW_propensity_correct,0.778249180925172,0.037977052910128345,0.7038141572213205,0.8526842046290236,True
166,"(166,)",IPW_propensity_wrong,1.3774655894531256,0.07555231102078779,1.2293830598523816,1.5255481190538696,False
166,"(166,)",Direct_Q_correct,0.796085344580316,0.006427002783425311,0.7834884191248024,0.8086822700358296,True
166,"(166,)",Direct_Q_wrong,0.5826178124999989,0.010600092397204521,0.561841631401478,0.6033939935985198,False
167,"(167,)",DR_both_correct,0.809929620802303,0.009180005094949657,0.7919368108162017,0.8279224307884043,True
167,"(167,)",DR_propensity_correct_Q_wrong,0.8036848513798464,0.010208259288119866,0.7836766631751314,0.8236930395845613,True
167,"(167,)",DR_Q_correct_propensity_wrong,0.8115719012641006,0.05195315473591874,0.7097437179816999,0.9134000845465013,True
167,"(167,)",DR_both_wrong,1.3962179347656243,0.054312656775601834,1.2897651274854447,1.5026707420458039,False
167,"(167,)",IPW_propensity_correct,0.8589655628858539,0.03899133526201919,0.7825425457722963,0.9353885799994115,True
167,"(167,)",IPW_propensity_wrong,1.3850765777343772,0.07878922641977489,1.2306496939516185,1.539503461517136,False
167,"(167,)",Direct_Q_correct,0.8058456663617224,0.006454433732851191,0.7931949762453341,0.8184963564781107,True
167,"(167,)",Direct_Q_wrong,0.5998749999999988,0.010617659247268901,0.5790643878753517,0.6206856121246459,False
168,"(168,)",DR_both_correct,0.7927484205259993,0.00991574357355377,0.7733135631218339,0.8121832779301646,True
168,"(168,)",DR_propensity_correct_Q_wrong,0.7955931846641197,0.010487194791460038,0.775038282872858,0.8161480864553813,True
168,"(168,)",DR_Q_correct_propensity_wrong,0.8134295576883988,0.05515318138473653,0.7053293221743151,0.9215297932024824,True
168,"(168,)",DR_both_wrong,1.4634448636718738,0.05740085519729997,1.3509391874851657,1.5759505398585818,False
168,"(168,)",IPW_propensity_correct,0.7591205058986773,0.03760183816862185,0.6854209030881785,0.8328201087091761,True
168,"(168,)",IPW_propensity_wrong,1.4167033382812526,0.08079378667974296,1.2583475163889564,1.5750591601735489,False
168,"(168,)",Direct_Q_correct,0.7951886040386756,0.006439429234456551,0.7825673227391408,0.8078098853382105,True
168,"(168,)",Direct_Q_wrong,0.581117187499999,0.010596901340323003,0.5603472608729658,0.6018871141270321,False
169,"(169,)",DR_both_correct,0.8162213585102933,0.009160540706227316,0.7982666987260878,0.8341760182944988,True
169,"(169,)",DR_propensity_correct_Q_wrong,0.8118210896776001,0.010182929407150126,0.7918625480395859,0.8317796313156144,True
169,"(169,)",DR_Q_correct_propensity_wrong,0.9455918663385137,0.047164425598199444,0.8531495921660428,1.0380341405109845,False
169,"(169,)",DR_both_wrong,1.5408203414062518,0.05308802656653558,1.436767809335842,1.6448728734766616,False
169,"(169,)",IPW_propensity_correct,0.808203543860957,0.03784031129489793,0.7340365337229571,0.882370553998957,True
169,"(169,)",IPW_propensity_wrong,1.4750723531250016,0.07930738540870527,1.3196298777239392,1.630514828526064,False
169,"(169,)",Direct_Q_correct,0.8043467041328172,0.006448266517804491,0.7917081017579204,0.816985306507714,True
169,"(169,)",Direct_Q_wrong,0.5961234374999983,0.010616829710235094,0.5753144512679376,0.616932423732059,False
170,"(170,)",DR_both_correct,0.7878087291088605,0.010180116342709865,0.7678557010771492,0.8077617571405717,True
170,"(170,)",DR_propensity_correct_Q_wrong,0.7835757134321494,0.011341696896237438,0.761345987515524,0.8058054393487748,True
170,"(170,)",DR_Q_correct_propensity_wrong,0.7793344827308982,0.059939237655389506,0.6618535769263348,0.8968153885354616,True
170,"(170,)",DR_both_wrong,1.445701742968751,0.06173901453196482,1.3246932744861,1.5667102114514022,False
170,"(170,)",IPW_propensity_correct,0.7840941204573961,0.03750107404253389,0.7105920153340297,0.8575962255807625,True
170,"(170,)",IPW_propensity_wrong,1.4558478421875012,0.08369665221461409,1.2918024038468576,1.6198932805281447,False
170,"(170,)",Direct_Q_correct,0.7920366783331282,0.006349584761906419,0.7795914921997916,0.8044818644664647,True
170,"(170,)",Direct_Q_wrong,0.5706128124999996,0.010567071674042392,0.5499013520188766,0.5913242729811227,False
171,"(171,)",DR_both_correct,0.8094976019935332,0.009362003914972512,0.7911480743201871,0.8278471296668792,True
171,"(171,)",DR_propensity_correct_Q_wrong,0.8102637346310556,0.009896197540000417,0.7908671874526548,0.8296602818094564,True
171,"(171,)",DR_Q_correct_propensity_wrong,0.8548171146003127,0.05082173279085643,0.7552065183302341,0.9544277108703914,True
171,"(171,)",DR_both_wrong,1.4733021695312485,0.05430214662740282,1.366869962141539,1.579734376920958,False
171,"(171,)",IPW_propensity_correct,0.8933548196128003,0.04041277601912598,0.8141457786153133,0.9725638606102872,False
171,"(171,)",IPW_propensity_wrong,1.4740746187500002,0.07869999489451675,1.3198226287567474,1.628326608743253,False
171,"(171,)",Direct_Q_correct,0.8089733115153162,0.006313024426642684,0.7965997836390964,0.8213468393915359,True
171,"(171,)",Direct_Q_wrong,0.5953731249999984,0.010616464693406123,0.5745648542009224,0.6161813957990744,False
172,"(172,)",DR_both_correct,0.8157501760465742,0.008888443395321443,0.7983288269917441,0.8331715251014042,True
172,"(172,)",DR_propensity_correct_Q_wrong,0.816456018008099,0.00974805415317208,0.7973498318678817,0.8355622041483163,True
172,"(172,)",DR_Q_correct_propensity_wrong,0.9129344991741014,0.05125530174356794,0.8124741077567083,1.0133948905914947,False
172,"(172,)",DR_both_wrong,1.5077128148437493,0.05653229676810912,1.3969095131782554,1.6185161165092432,False
172,"(172,)",IPW_propensity_correct,0.7664808210136675,0.03636716211587167,0.6952011832665591,0.837760458760776,True
172,"(172,)",IPW_propensity_wrong,1.4080324382812512,0.07894815562782613,1.253294053250712,1.5627708233117905,False
172,"(172,)",Direct_Q_correct,0.8080948148849255,0.006369532011456072,0.7956105321424716,0.8205790976273795,True
172,"(172,)",Direct_Q_wrong,0.5983743749999982,0.01061752652569875,0.5775640230096287,0.6191847269903678,False
173,"(173,)",DR_both_correct,0.8053132351526243,0.009813030333072069,0.7860796956998031,0.8245467746054456,True
173,"(173,)",DR_propensity_correct_Q_wrong,0.805597567601398,0.010321602639258095,0.7853672264284521,0.8258279087743439,True
173,"(173,)",DR_Q_correct_propensity_wrong,0.7688120787374606,0.05535444816969379,0.6603173603248608,0.8773067971500604,True
173,"(173,)",DR_both_wrong,1.358305984375,0.05375423842931967,1.2529476770535335,1.4636642916964666,False
173,"(173,)",IPW_propensity_correct,0.7815226565971173,0.03762153876379392,0.7077844406200812,0.8552608725741534,True
173,"(173,)",IPW_propensity_wrong,1.3266451242187522,0.07949778844829475,1.1708294588600945,1.48246078957741,False
173,"(173,)",Direct_Q_correct,0.803474719213207,0.006415255175959403,0.7909008190683265,0.8160486193580875,True
173,"(173,)",Direct_Q_wrong,0.5931221874999981,0.010614971312037032,0.5723168437284055,0.6139275312715907,False
174,"(174,)",DR_both_correct,0.8107699947747163,0.009467337726513045,0.7922140128307508,0.8293259767186819,True
174,"(174,)",DR_propensity_correct_Q_wrong,0.8072605737609203,0.0101414481189417,0.7873833354477946,0.827137812074046,True
174,"(174,)",DR_Q_correct_propensity_wrong,0.759376261543281,0.05538614537600317,0.6508194166063148,0.8679331064802471,True
174,"(174,)",DR_both_wrong,1.3332343898437489,0.053565649609634766,1.2282457166088647,1.438223063078633,False
174,"(174,)",IPW_propensity_correct,0.8526164142222379,0.03993070446250692,0.7743522334757243,0.9308805949687514,True
174,"(174,)",IPW_propensity_wrong,1.2751555781250032,0.0707835454634206,1.136419829016699,1.4138913272333076,False
174,"(174,)",Direct_Q_correct,0.8115148551859417,0.006410384738072019,0.7989505010993205,0.8240792092725628,False
174,"(174,)",Direct_Q_wrong,0.6073781249999979,0.010614340710151595,0.5865740172081008,0.628182232791895,False
175,"(175,)",DR_both_correct,0.788986941742236,0.010560870094022425,0.768287636357952,0.80968624712652,True
175,"(175,)",DR_propensity_correct_Q_wrong,0.7872046933583732,0.011133315019850548,0.7653833959194661,0.8090259907972802,True
175,"(175,)",DR_Q_correct_propensity_wrong,0.7221353506048037,0.05695690331717877,0.6104998201031333,0.8337708811064741,True
175,"(175,)",DR_both_wrong,1.348110174609375,0.056035628620342545,1.2382803425135038,1.4579400067052464,False
175,"(175,)",IPW_propensity_correct,0.7707093629212015,0.0385057254440161,0.69523814105093,0.8461805847914731,True
175,"(175,)",IPW_propensity_wrong,1.232913257812501,0.07222258575268674,1.091356989737235,1.374469525887767,False
175,"(175,)",Direct_Q_correct,0.792073982306645,0.006395457855700723,0.7795388849094717,0.8046090797038185,True
175,"(175,)",Direct_Q_wrong,0.5736140624999994,0.01057693542274637,0.5528832690714165,0.5943448559285822,False
176,"(176,)",DR_both_correct,0.7905956001891907,0.009662563357348004,0.7716569760087887,0.8095342243695928,True
176,"(176,)",DR_propensity_correct_Q_wrong,0.7864201718973307,0.010700422804386508,0.7654473432007332,0.8073930005939283,True
176,"(176,)",DR_Q_correct_propensity_wrong,0.7819653397281252,0.05750635814175586,0.6692528777702837,0.8946778016859667,True
176,"(176,)",DR_both_wrong,1.4186916000000016,0.05757023077491456,1.305853947681169,1.5315292523188342,False
176,"(176,)",IPW_propensity_correct,0.743567513455561,0.03574762164181797,0.6735021750375978,0.8136328518735243,True
176,"(176,)",IPW_propensity_wrong,1.4076377531250026,0.07912495866411148,1.252552834143344,1.5627226721066612,False
176,"(176,)",Direct_Q_correct,0.7984608188382858,0.006419059606567533,0.7858794620094134,0.8110421756671582,True
176,"(176,)",Direct_Q_wrong,0.5848687499999989,0.010604378867778444,0.5640841674191532,0.6056533325808446,False
177,"(177,)",DR_both_correct,0.7905113794676123,0.010394423631556043,0.7701383091497624,0.8108844497854621,True
177,"(177,)",DR_propensity_correct_Q_wrong,0.7891897733459489,0.010586680454402834,0.7684398796553193,0.8099396670365784,True
177,"(177,)",DR_Q_correct_propensity_wrong,0.718056380692852,0.060405572320699874,0.5996614589442804,0.8364513024414237,True
177,"(177,)",DR_both_wrong,1.3727495585937504,0.05950535077811781,1.2561190710686394,1.4893800461188613,False
177,"(177,)",IPW_propensity_correct,0.838448339996156,0.0383185835529946,0.7633439162322866,0.9135527637600254,True
177,"(177,)",IPW_propensity_wrong,1.3970547316406254,0.08048308510784108,1.239307884829257,1.554801578451994,False
177,"(177,)",Direct_Q_correct,0.7942908504871912,0.006397218844328677,0.781752301552307,0.8068293994220753,True
177,"(177,)",Direct_Q_wrong,0.5766153124999984,0.010585725065954068,0.5558672913707284,0.5973633336292684,False
178,"(178,)",DR_both_correct,0.7916586827773306,0.009795122471489896,0.7724602427332105,0.8108571228214508,True
178,"(178,)",DR_propensity_correct_Q_wrong,0.7879178085380293,0.010260281922510184,0.7678076559699093,0.8080279611061493,True
178,"(178,)",DR_Q_correct_propensity_wrong,0.7669785637162501,0.058129949561321566,0.6530438625760598,0.8809132648564403,True
178,"(178,)",DR_both_wrong,1.4091876382812507,0.057229635749599765,1.297017552212035,1.5213577243504663,False
178,"(178,)",IPW_propensity_correct,0.8021403800375322,0.03892537224720997,0.7258466504330007,0.8784341096420637,True
178,"(178,)",IPW_propensity_wrong,1.3762194609374998,0.07694224827787743,1.22541265431286,1.5270262675621395,False
178,"(178,)",Direct_Q_correct,0.7942229925281279,0.00645577978214336,0.7815696641551269,0.8068763209011289,True
178,"(178,)",Direct_Q_wrong,0.5811171874999995,0.010596901340323001,0.5603472608729665,0.6018871141270326,False
179,"(179,)",DR_both_correct,0.7789603182317317,0.00991563065098707,0.7595256821557971,0.7983949543076664,False
179,"(179,)",DR_propensity_correct_Q_wrong,0.7775134319923254,0.010602488896439588,0.7567325537553038,0.7982943102293469,False
179,"(179,)",DR_Q_correct_propensity_wrong,0.7201720374664846,0.054927059128874654,0.6125150015738903,0.827829073359079,True
179,"(179,)",DR_both_wrong,1.379277990234374,0.05518904036522002,1.2711074711185426,1.4874485093502052,False
179,"(179,)",IPW_propensity_correct,0.7969833560214784,0.03703544055569298,0.7243938925323201,0.8695728195106367,True
179,"(179,)",IPW_propensity_wrong,1.330787364843751,0.07415177698481494,1.1854498819535135,1.4761248477339883,False
179,"(179,)",Direct_Q_correct,0.7915123204482849,0.006374978190613946,0.7790173631946815,0.8040072777018883,True
179,"(179,)",Direct_Q_wrong,0.5713631249999994,0.010569638467464079,0.5506466336037699,0.592079616396229,False
180,"(180,)",DR_both_correct,0.7924513724726819,0.009973721032505085,0.7729028792489719,0.8119998656963919,True
180,"(180,)",DR_propensity_correct_Q_wrong,0.7882905782493446,0.010451840820489685,0.7678049702411848,0.8087761862575044,True
180,"(180,)",DR_Q_correct_propensity_wrong,0.8215565911159769,0.05492212223934299,0.7139092315268647,0.9292039507050891,True
180,"(180,)",DR_both_wrong,1.4288699371093738,0.05589035797570575,1.3193248354769906,1.538415038741757,False
180,"(180,)",IPW_propensity_correct,0.8432237207478527,0.03814205930216203,0.7684652845156151,0.9179821569800902,True
180,"(180,)",IPW_propensity_wrong,1.4362649917968766,0.07393059015970932,1.2913610350838463,1.581168948509907,False
180,"(180,)",Direct_Q_correct,0.7976967352182068,0.006449865467356405,0.7850549989021883,0.8103384715342253,True
180,"(180,)",Direct_Q_wrong,0.5863693749999992,0.010606903419383768,0.565579844298007,0.6071589057019914,False
181,"(181,)",DR_both_correct,0.8026339763724545,0.009611870934029529,0.7837947093417567,0.8214732434031523,True
181,"(181,)",DR_propensity_correct_Q_wrong,0.7994885387157546,0.010369487634630208,0.7791643429518794,0.8198127344796299,True
181,"(181,)",DR_Q_correct_propensity_wrong,0.7530136515265621,0.05594787359209474,0.6433558192860563,0.8626714837670678,True
181,"(181,)",DR_both_wrong,1.3753640078124991,0.05588709242900725,1.265825306651645,1.4849027089733533,False
181,"(181,)",IPW_propensity_correct,0.8077087906664768,0.03904247259098318,0.7311855443881498,0.8842320369448039,True
181,"(181,)",IPW_propensity_wrong,1.2825814429687532,0.07507946084185795,1.1354256997187115,1.4297371862187949,False
181,"(181,)",Direct_Q_correct,0.7974780541465649,0.00642186811584338,0.7848911926395119,0.8100649156536179,True
181,"(181,)",Direct_Q_wrong,0.5841184374999986,0.010603016689018994,0.5633365247895213,0.6049003502104758,False
182,"(182,)",DR_both_correct,0.8229867134971162,0.008779613323803358,0.8057786713824616,0.8401947556117707,False
182,"(182,)",DR_propensity_correct_Q_wrong,0.8283529713130892,0.00950309004211598,0.8097269148305418,0.8469790277956365,False
182,"(182,)",DR_Q_correct_propensity_wrong,0.8391096337355076,0.05281018778775273,0.7356016656715123,0.9426176017995029,True
182,"(182,)",DR_both_wrong,1.421722876171875,0.05539079741836902,1.3131569132318717,1.5302888391118783,False
182,"(182,)",IPW_propensity_correct,0.8003731780285923,0.03692550788075109,0.7279991825823202,0.8727471734748644,True
182,"(182,)",IPW_propensity_wrong,1.313981629687502,0.07521034792772126,1.1665693477491683,1.4613939116258357,False
182,"(182,)",Direct_Q_correct,0.8117446942164104,0.006417980633658726,0.7991654521744392,0.8243239362583815,False
182,"(182,)",Direct_Q_wrong,0.6073781249999982,0.010614340710151573,0.5865740172081011,0.6281822327918953,False
183,"(183,)",DR_both_correct,0.7914202062996536,0.009976790125922536,0.7718656976528454,0.8109747149464618,True
183,"(183,)",DR_propensity_correct_Q_wrong,0.7907889592188898,0.01050893936083812,0.7701914380716471,0.8113864803661325,True
183,"(183,)",DR_Q_correct_propensity_wrong,0.7209584802311716,0.05844929948594502,0.6063978532387193,0.8355191072236239,True
183,"(183,)",DR_both_wrong,1.342224249218752,0.057156540710299054,1.2301974294265658,1.454251069010938,False
183,"(183,)",IPW_propensity_correct,0.848668263802352,0.04173508037636181,0.7668675062646829,0.9304690213400212,True
183,"(183,)",IPW_propensity_wrong,1.3869292265625,0.07838262011551153,1.2332992911360974,1.5405591619889025,False
183,"(183,)",Direct_Q_correct,0.797825681181332,0.006481475747513217,0.7851219887162061,0.8105293736464579,True
183,"(183,)",Direct_Q_wrong,0.5878700000000004,0.01060916171949924,0.567076043029782,0.6086639569702189,False
184,"(184,)",DR_both_correct,0.809018242463394,0.009242305243523326,0.7909033241860883,0.8271331607406998,True
184,"(184,)",DR_propensity_correct_Q_wrong,0.8145883077711497,0.00958042626524491,0.7958106722912697,0.8333659432510296,True
184,"(184,)",DR_Q_correct_propensity_wrong,0.8320682583090228,0.05714111611678187,0.7200716707201303,0.9440648458979152,True
184,"(184,)",DR_both_wrong,1.4779896675781257,0.059300727837208564,1.361760241017197,1.5942190941390544,False
184,"(184,)",IPW_propensity_correct,0.776914353835228,0.03793119962248546,0.7025692025751565,0.8512595050952995,True
184,"(184,)",IPW_propensity_wrong,1.3989494929687507,0.07725101995788908,1.2475374938512882,1.5503614920862132,False
184,"(184,)",Direct_Q_correct,0.804287978112894,0.006378097010181642,0.7917869079729379,0.81678904825285,True
184,"(184,)",Direct_Q_wrong,0.592371874999998,0.01061434071015162,0.5715677672081008,0.6131759827918952,False
185,"(185,)",DR_both_correct,0.783308142931617,0.010375010162249301,0.7629731230136083,0.8036431628496257,True
185,"(185,)",DR_propensity_correct_Q_wrong,0.7829067217879546,0.010974117195101248,0.7613974520855562,0.804415991490353,True
185,"(185,)",DR_Q_correct_propensity_wrong,0.729738940073047,0.05908555426827363,0.6139312537072307,0.8455466264388632,True
185,"(185,)",DR_both_wrong,1.3849633398437513,0.05865096781517503,1.2700074429260082,1.4999192367614944,False
185,"(185,)",IPW_propensity_correct,0.7477845283197346,0.03681157712477408,0.6756338371551774,0.8199352194842918,True
185,"(185,)",IPW_propensity_wrong,1.3337662089843783,0.07985205446781456,1.1772561822274616,1.4902762357412949,False
185,"(185,)",Direct_Q_correct,0.8005824117910197,0.0064180199009165806,0.7880030927852233,0.8131617307968162,True
185,"(185,)",Direct_Q_wrong,0.5886203124999995,0.010610191079159047,0.5678243379848478,0.6094162870151512,False
186,"(186,)",DR_both_correct,0.7928954690720073,0.009624907920649753,0.7740306495475338,0.8117602885964808,True
186,"(186,)",DR_propensity_correct_Q_wrong,0.7927859751215542,0.010048585328918608,0.7730907478768738,0.8124812023662347,True
186,"(186,)",DR_Q_correct_propensity_wrong,0.7527730547141007,0.05739269299952393,0.6402833764350339,0.8652627329931676,True
186,"(186,)",DR_both_wrong,1.4336463207031267,0.05843106462164947,1.3191214340446937,1.5481712073615597,False
186,"(186,)",IPW_propensity_correct,0.6881460243690491,0.03409419394996596,0.6213214042271159,0.7549706445109824,False
186,"(186,)",IPW_propensity_wrong,1.3498096136718782,0.077510985666955,1.1978880817646465,1.50173114557911,False
186,"(186,)",Direct_Q_correct,0.7984495417408631,0.006319250295978516,0.7860638111607452,0.8108352723209811,True
186,"(186,)",Direct_Q_wrong,0.5788662499999994,0.010591614037550929,0.5581066864863995,0.5996258135135992,False
187,"(187,)",DR_both_correct,0.7930295614913834,0.010434549294775861,0.7725778448736227,0.8134812781091441,True
187,"(187,)",DR_propensity_correct_Q_wrong,0.7924601304387993,0.010919141254711233,0.7710586135795653,0.8138616472980332,True
187,"(187,)",DR_Q_correct_propensity_wrong,0.7344060278267187,0.05854026304987885,0.6196671122489561,0.8491449434044813,True
187,"(187,)",DR_both_wrong,1.3811994964843748,0.059202259548132824,1.2651630677700345,1.497235925198715,False
187,"(187,)",IPW_propensity_correct,0.7559144349581922,0.037227255025457644,0.6829490151082952,0.8288798548080892,True
187,"(187,)",IPW_propensity_wrong,1.299805333593752,0.07825754398765514,1.146420547377948,1.453190119809556,False
187,"(187,)",Direct_Q_correct,0.7976132535762537,0.006426700229123692,0.7850169211271713,0.8102095860253361,True
187,"(187,)",Direct_Q_wrong,0.5841184374999996,0.010603016689018911,0.5633365247895226,0.6049003502104766,False
188,"(188,)",DR_both_correct,0.8016598343651937,0.009686043834122469,0.7826751884503137,0.8206444802800738,True
188,"(188,)",DR_propensity_correct_Q_wrong,0.8067388774896236,0.010271604102960455,0.786606533447821,0.8268712215314261,True
188,"(188,)",DR_Q_correct_propensity_wrong,0.8811924105218745,0.05087446488797121,0.7814784593414509,0.9809063617022981,True
188,"(188,)",DR_both_wrong,1.484616609765624,0.05532046999990687,1.3761884885658064,1.5930447309654414,False
188,"(188,)",IPW_propensity_correct,0.8376926229462573,0.03926862873895881,0.7607261106178981,0.9146591352746166,True
188,"(188,)",IPW_propensity_wrong,1.4609947945312516,0.08000026399931624,1.3041942770925918,1.6177953119699113,False
188,"(188,)",Direct_Q_correct,0.7987500972359414,0.00646635662373201,0.7860760382534266,0.8114241562184561,True
188,"(188,)",Direct_Q_wrong,0.5886203124999994,0.010610191079159049,0.5678243379848477,0.609416287015151,False
189,"(189,)",DR_both_correct,0.7924128389198802,0.009821612330746337,0.7731624787516174,0.8116631990881431,True
189,"(189,)",DR_propensity_correct_Q_wrong,0.7975576373242508,0.010136344502857013,0.777690402098651,0.8174248725498505,True
189,"(189,)",DR_Q_correct_propensity_wrong,0.757154332534569,0.05676037449396821,0.6459039985263912,0.8684046665427467,True
189,"(189,)",DR_both_wrong,1.4210222738281255,0.05601881256416311,1.3112254012023659,1.5308191464538852,False
189,"(189,)",IPW_propensity_correct,0.8043360464086418,0.03684033271786942,0.7321289942816177,0.8765430985356658,True
189,"(189,)",IPW_propensity_wrong,1.3957304226562532,0.078040758739218,1.242770535527386,1.5486903097851206,False
189,"(189,)",Direct_Q_correct,0.7977583397107071,0.006418274019281696,0.785178522632915,0.8103381567884992,True
189,"(189,)",Direct_Q_wrong,0.5833681249999991,0.010601587874476336,0.5625890127660255,0.6041472372339728,False
190,"(190,)",DR_both_correct,0.7902816225537453,0.009848717422334181,0.7709781364059703,0.8095851087015203,True
190,"(190,)",DR_propensity_correct_Q_wrong,0.790072817488306,0.0106907396537023,0.7691189677670496,0.8110266672095625,True
190,"(190,)",DR_Q_correct_propensity_wrong,0.7811953788894135,0.05639304297021763,0.6706650146677869,0.89172574311104,True
190,"(190,)",DR_both_wrong,1.4100086457031253,0.05782466269647417,1.296672306818036,1.5233449845882148,False
190,"(190,)",IPW_propensity_correct,0.8116015761737033,0.038051023900396774,0.7370215693289256,0.886181583018481,True
190,"(190,)",IPW_propensity_wrong,1.3828390593750033,0.07664159832458338,1.2326215266588199,1.5330565920911867,False
190,"(190,)",Direct_Q_correct,0.8023814329935974,0.006394882435360089,0.7898474634202917,0.8149154025669032,True
190,"(190,)",Direct_Q_wrong,0.5901209374999982,0.010612050314478823,0.5693213188836197,0.6109205561163766,False
191,"(191,)",DR_both_correct,0.7960260902205831,0.009704697855226353,0.7770048824243395,0.8150472980168267,True
191,"(191,)",DR_propensity_correct_Q_wrong,0.7973030368468141,0.010074950227507568,0.7775561344008993,0.817049939292729,True
191,"(191,)",DR_Q_correct_propensity_wrong,0.7852222444383199,0.05507788001236616,0.6772695996140823,0.8931748892625575,True
191,"(191,)",DR_both_wrong,1.4164623878906264,0.05701806432938544,1.304706981805031,1.5282177939762218,False
191,"(191,)",IPW_propensity_correct,0.7920689468070414,0.037926250045170876,0.7177334967185065,0.8664043968955764,True
191,"(191,)",IPW_propensity_wrong,1.3545569414062524,0.07953592828384279,1.1986665219699204,1.5104473608425844,False
191,"(191,)",Direct_Q_correct,0.7953970210227381,0.006423090902280085,0.7828077628542691,0.8079862791912071,True
191,"(191,)",Direct_Q_wrong,0.5803668749999985,0.010595205700446487,0.5596002718271234,0.6011334781728737,False
192,"(192,)",DR_both_correct,0.7920243209657063,0.010227656505089553,0.7719781142157308,0.8120705277156818,True
192,"(192,)",DR_propensity_correct_Q_wrong,0.7952613173531563,0.010978460978182633,0.7737435338359183,0.8167791008703943,True
192,"(192,)",DR_Q_correct_propensity_wrong,0.7487895174143362,0.057922204975212846,0.6352619956629191,0.8623170391657533,True
192,"(192,)",DR_both_wrong,1.3763522847656244,0.05906018105401253,1.26059432989976,1.492110239631489,False
192,"(192,)",IPW_propensity_correct,0.7975317921168368,0.03789944781455389,0.7232488744003112,0.8718147098333624,True
192,"(192,)",IPW_propensity_wrong,1.3335923964843754,0.07568992751430247,1.1852401385563427,1.4819446544124082,False
192,"(192,)",Direct_Q_correct,0.8040172432890674,0.006457458716527513,0.7913606242046735,0.8166738623734614,True
192,"(192,)",Direct_Q_wrong,0.5961234374999983,0.010616829710235094,0.5753144512679376,0.616932423732059,False
193,"(193,)",DR_both_correct,0.8072313445217412,0.009526644957622852,0.7885591204048004,0.825903568638682,True
193,"(193,)",DR_propensity_correct_Q_wrong,0.8041274051287188,0.010198163390170817,0.784139004883984,0.8241158053734536,True
193,"(193,)",DR_Q_correct_propensity_wrong,0.7953843575592972,0.05311869090786813,0.6912717233798756,0.8994969917387187,True
193,"(193,)",DR_both_wrong,1.3879593191406239,0.053526699544085246,1.2830469880342168,1.492871650247031,False
193,"(193,)",IPW_propensity_correct,0.8625710780631658,0.039310152229002374,0.7855231796943212,0.9396189764320104,True
193,"(193,)",IPW_propensity_wrong,1.390966693359376,0.07812390157249997,1.237843846277276,1.544089540441476,False
193,"(193,)",Direct_Q_correct,0.8102180564745355,0.006415901201475049,0.7976428901196444,0.8227932228294266,True
193,"(193,)",Direct_Q_wrong,0.6043768749999981,0.010616464693406122,0.5835686042009222,0.6251851457990741,False
194,"(194,)",DR_both_correct,0.8099163316172663,0.010016722760710691,0.7902835550062733,0.8295491082282592,True
194,"(194,)",DR_propensity_correct_Q_wrong,0.8081204903286786,0.010500743563425148,0.7875390329443653,0.8287019477129919,True
194,"(194,)",DR_Q_correct_propensity_wrong,0.7779338539512107,0.05462209049947848,0.6708745565722329,0.8849931513301885,True
194,"(194,)",DR_both_wrong,1.355690015625,0.05463732989673562,1.2486008490273983,1.4627791822226017,False
194,"(194,)",IPW_propensity_correct,0.7764004615632857,0.03727534650707182,0.7033407824094249,0.8494601407171465,True
194,"(194,)",IPW_propensity_wrong,1.2491480226562515,0.07307118263898749,1.105928504683836,1.3923675406286669,False
194,"(194,)",Direct_Q_correct,0.807194182860864,0.00643161570314354,0.7945882160827027,0.8198001496390253,True
194,"(194,)",Direct_Q_wrong,0.6006253124999984,0.01061762606703184,0.579814765408616,0.6214358595913808,False
195,"(195,)",DR_both_correct,0.798189745925525,0.00983503650247504,0.778913074380674,0.8174664174703761,True
195,"(195,)",DR_propensity_correct_Q_wrong,0.7956677652882383,0.010529939660723882,0.7750290835532195,0.8163064470232572,True
195,"(195,)",DR_Q_correct_propensity_wrong,0.7585640196903121,0.056696976210077674,0.6474379463185598,0.8696900930620644,True
195,"(195,)",DR_both_wrong,1.3832650808593738,0.05719913871001491,1.2711547689877447,1.495375392731003,False
195,"(195,)",IPW_propensity_correct,0.8205251721555533,0.0384470678527165,0.745168919164229,0.8958814251468776,True
195,"(195,)",IPW_propensity_wrong,1.3100197312500022,0.07234086571991237,1.1682316344389738,1.4518078280610305,False
195,"(195,)",Direct_Q_correct,0.8012683733644574,0.006400880810693843,0.7887226469754975,0.8138140997534173,True
195,"(195,)",Direct_Q_wrong,0.5886203124999989,0.010610191079159049,0.5678243379848472,0.6094162870151506,False
196,"(196,)",DR_both_correct,0.8126045776990126,0.009687662192847259,0.793616759801032,0.8315923955969933,True
196,"(196,)",DR_propensity_correct_Q_wrong,0.8107931167465035,0.010175925847142784,0.7908483020861036,0.8307379314069033,True
196,"(196,)",DR_Q_correct_propensity_wrong,0.8230847976817973,0.05575248037956474,0.7138099361378505,0.9323596592257442,True
196,"(196,)",DR_both_wrong,1.4378776273437501,0.05668734063063711,1.3267704397077014,1.548984814979799,False
196,"(196,)",IPW_propensity_correct,0.7559075434196779,0.037474132958605896,0.6824582428208104,0.8293568440185455,True
196,"(196,)",IPW_propensity_wrong,1.2681564410156272,0.07261911784779654,1.125822970033946,1.4104899119973084,False
196,"(196,)",Direct_Q_correct,0.8068237848053943,0.006381770437526017,0.7943155147478433,0.8193320548629452,True
196,"(196,)",Direct_Q_wrong,0.596873749999999,0.010617128351033742,0.5760641784319729,0.6176833215680251,False
197,"(197,)",DR_both_correct,0.7966891249767982,0.009934997570297222,0.7772165297390157,0.8161617202145808,True
197,"(197,)",DR_propensity_correct_Q_wrong,0.7948298567743791,0.010535640242768773,0.7741800018985523,0.8154797116502059,True
197,"(197,)",DR_Q_correct_propensity_wrong,0.7709717384279676,0.05635352899993287,0.6605188215880992,0.8814246552678361,True
197,"(197,)",DR_both_wrong,1.393403148046876,0.05646205326796105,1.2827375236416725,1.5040687724520796,False
197,"(197,)",IPW_propensity_correct,0.8503323364322205,0.03866914963876828,0.7745408031402347,0.9261238697242064,True
197,"(197,)",IPW_propensity_wrong,1.4168330203125021,0.07840083220164411,1.2631673891972797,1.5704986514277246,False
197,"(197,)",Direct_Q_correct,0.8015044658614879,0.006381833903722164,0.7889960714101925,0.8140128603127834,True
197,"(197,)",Direct_Q_wrong,0.5871196874999989,0.010608065839780101,0.5663278784540299,0.6079114965459679,False
198,"(198,)",DR_both_correct,0.7865582175814613,0.010053540184264543,0.7668532788203027,0.8062631563426198,True
198,"(198,)",DR_propensity_correct_Q_wrong,0.7834757362160741,0.010475129904337872,0.7629444816035719,0.8040069908285764,True
198,"(198,)",DR_Q_correct_propensity_wrong,0.7311832574998823,0.05746194703733101,0.6185578413067135,0.8438086736930511,True
198,"(198,)",DR_both_wrong,1.3896827503906264,0.05641895084355686,1.279101606737255,1.5002638940439978,False
198,"(198,)",IPW_propensity_correct,0.7947384558320517,0.03766523128009132,0.7209146025230727,0.8685623091410307,True
198,"(198,)",IPW_propensity_wrong,1.3503175582031266,0.07714796844266143,1.1991075400555102,1.501527576350743,False
198,"(198,)",Direct_Q_correct,0.7983997308342221,0.006327905367506726,0.7859970363139089,0.8108024253545353,True
198,"(198,)",Direct_Q_wrong,0.5788662499999988,0.010591614037551008,0.5581066864863988,0.5996258135135988,False
199,"(199,)",DR_both_correct,0.7873698772129321,0.010309669995283696,0.767162924022176,0.8075768304036881,True
199,"(199,)",DR_propensity_correct_Q_wrong,0.7849097172453102,0.010998698342804198,0.763352268493414,0.8064671659972065,True
199,"(199,)",DR_Q_correct_propensity_wrong,0.7016302569338667,0.059489913275944384,0.5850300269130158,0.8182304869547177,True
199,"(199,)",DR_both_wrong,1.3375021285156246,0.05895120328508918,1.2219577700768498,1.4530464869543993,False
199,"(199,)",IPW_propensity_correct,0.7770744862449672,0.038578729261706336,0.7014601768920228,0.8526887955979117,True
199,"(199,)",IPW_propensity_wrong,1.2908522578125032,0.07963806171321273,1.1347616568546064,1.4469428587704,False
199,"(199,)",Direct_Q_correct,0.7985208938325044,0.006454963700487325,0.7858691649795492,0.8111726226854595,True
199,"(199,)",Direct_Q_wrong,0.5878699999999987,0.01060916171949922,0.5670760430297802,0.6086639569702171,False
200,"(200,)",DR_both_correct,0.810284338684475,0.009395165808946766,0.7918698136989394,0.8286988636700107,True
200,"(200,)",DR_propensity_correct_Q_wrong,0.8112045932527491,0.010308043152877996,0.7910008286731082,0.83140835783239,True
200,"(200,)",DR_Q_correct_propensity_wrong,0.8647245437194531,0.05310449212773295,0.7606397391490964,0.9688093482898097,True
200,"(200,)",DR_both_wrong,1.5094074730468738,0.05642587081393471,1.3988127662515617,1.620002179842186,False
200,"(200,)",IPW_propensity_correct,0.7943030855744473,0.03789850945334431,0.7200220070458925,0.8685841641030021,True
200,"(200,)",IPW_propensity_wrong,1.3887835851562513,0.07598957414552593,1.2398440198310205,1.5377231504814821,False
200,"(200,)",Direct_Q_correct,0.7984410454287542,0.006445534083455977,0.7858077986251805,0.8110742922323279,True
200,"(200,)",Direct_Q_wrong,0.5863693749999984,0.010606903419383676,0.5655798442980065,0.6071589057019904,False
201,"(201,)",DR_both_correct,0.8041300394022369,0.010057770508596301,0.7844168092053881,0.8238432695990857,True
201,"(201,)",DR_propensity_correct_Q_wrong,0.8078565503678109,0.010748869609048669,0.7867887659340755,0.8289243348015463,True
201,"(201,)",DR_Q_correct_propensity_wrong,0.7473422127843738,0.0535584948518761,0.6423675628746967,0.852316862694051,True
201,"(201,)",DR_both_wrong,1.3193536789062492,0.05195642272378241,1.2175190903676356,1.4211882674448628,False
201,"(201,)",IPW_propensity_correct,0.8040404022574873,0.03817633619381214,0.7292147833176155,0.8788660211973591,True
201,"(201,)",IPW_propensity_wrong,1.2187949859375031,0.06903382334990228,1.0834886921716946,1.3541012797033116,False
201,"(201,)",Direct_Q_correct,0.8044542280495359,0.006455250254998617,0.7918019375497386,0.8171065185493332,True
201,"(201,)",Direct_Q_wrong,0.5968737499999985,0.0106171283510337,0.5760641784319724,0.6176833215680246,False
202,"(202,)",DR_both_correct,0.7805556734319865,0.010362094161118251,0.7602459688761948,0.8008653779877782,True
202,"(202,)",DR_propensity_correct_Q_wrong,0.7771896065924331,0.011062721760530851,0.7555066719417927,0.7988725412430735,True
202,"(202,)",DR_Q_correct_propensity_wrong,0.74013096009543,0.059021768953652264,0.6244482929462716,0.8558136272445884,True
202,"(202,)",DR_both_wrong,1.391736080859377,0.05872717187837947,1.2766308239777533,1.5068413377410008,False
202,"(202,)",IPW_propensity_correct,0.7674827424832338,0.03718817924472127,0.69459391116358,0.8403715738028875,True
202,"(202,)",IPW_propensity_wrong,1.358702995312504,0.07850949799514383,1.2048243792420221,1.512581611382986,False
202,"(202,)",Direct_Q_correct,0.7886754831906291,0.006485135963664717,0.7759646167018462,0.8013863496794119,True
202,"(202,)",Direct_Q_wrong,0.5736140624999995,0.010576935422746368,0.5528832690714166,0.5943448559285823,False
203,"(203,)",DR_both_correct,0.7895366777581553,0.010174942153495252,0.7695937911373046,0.8094795643790059,True
203,"(203,)",DR_propensity_correct_Q_wrong,0.7957627735391903,0.010497482257471765,0.7751877083145456,0.816337838763835,True
203,"(203,)",DR_Q_correct_propensity_wrong,0.7900648258809367,0.05660295319581718,0.6791230376171351,0.9010066141447384,True
203,"(203,)",DR_both_wrong,1.4099421289062488,0.055273946894390975,1.3016051929932426,1.518279064819255,False
203,"(203,)",IPW_propensity_correct,0.7412233875613015,0.03665791220745851,0.6693738796346828,0.8130728954879202,True
203,"(203,)",IPW_propensity_wrong,1.2514191656250022,0.07390468408338782,1.106565984821562,1.3962723464284423,False
203,"(203,)",Direct_Q_correct,0.8021031734491452,0.006507172677335348,0.7893491150015679,0.8148572318967224,True
203,"(203,)",Direct_Q_wrong,0.5968737499999984,0.010617128351033697,0.5760641784319723,0.6176833215680245,False
204,"(204,)",DR_both_correct,0.7951944565903957,0.009616222020890686,0.77634666142945,0.8140422517513414,True
204,"(204,)",DR_propensity_correct_Q_wrong,0.7916299254000121,0.010099718380305756,0.7718344773746129,0.8114253734254113,True
204,"(204,)",DR_Q_correct_propensity_wrong,0.7706195343139445,0.05921242176000251,0.6545631876643395,0.8866758809635494,True
204,"(204,)",DR_both_wrong,1.4395766093750004,0.06017742316524416,1.321628859971122,1.557524358778879,False
204,"(204,)",IPW_propensity_correct,0.8305289668850968,0.037799399015913435,0.7564421448139065,0.9046157889562871,True
204,"(204,)",IPW_propensity_wrong,1.4222667996093776,0.07785363479694625,1.269673675407363,1.5748599238113923,False
204,"(204,)",Direct_Q_correct,0.7951236245521904,0.0063962170314853925,0.7825870391704791,0.8076602099339018,True
204,"(204,)",Direct_Q_wrong,0.57886625,0.010591614037550932,0.5581066864864002,0.5996258135135999,False
205,"(205,)",DR_both_correct,0.8041826589278592,0.009378146450767594,0.7858014918843548,0.8225638259713637,True
205,"(205,)",DR_propensity_correct_Q_wrong,0.806570726683464,0.010612531307651538,0.785770165320467,0.827371288046461,True
205,"(205,)",DR_Q_correct_propensity_wrong,0.8855723566770307,0.051845975460276715,0.7839542447748884,0.987190468579173,True
205,"(205,)",DR_both_wrong,1.471377640234376,0.05621803061404915,1.3611903002308396,1.5815649802379121,False
205,"(205,)",IPW_propensity_correct,0.751662477431732,0.03624143344857797,0.6806292678725192,0.8226956869909448,True
205,"(205,)",IPW_propensity_wrong,1.3398850652343766,0.07840878126976074,1.1862038539456454,1.4935662765231077,False
205,"(205,)",Direct_Q_correct,0.7968705920025814,0.006481836394470688,0.7841661926694188,0.809574991335744,True
205,"(205,)",Direct_Q_wrong,0.5863693749999992,0.010606903419383772,0.565579844298007,0.6071589057019914,False
206,"(206,)",DR_both_correct,0.7964387591021074,0.00944474352342001,0.7779270617962042,0.8149504564080106,True
206,"(206,)",DR_propensity_correct_Q_wrong,0.796218853535157,0.009863377834196616,0.7768866329801316,0.8155510740901823,True
206,"(206,)",DR_Q_correct_propensity_wrong,0.7593452320205846,0.05595138865601997,0.6496805102547855,0.8690099537863837,True
206,"(206,)",DR_both_wrong,1.3906610609374996,0.05577676232515616,1.2813386067801935,1.4999835150948058,False
206,"(206,)",IPW_propensity_correct,0.7870074297988645,0.038342687016310883,0.7118557632468951,0.8621590963508339,True
206,"(206,)",IPW_propensity_wrong,1.3088351648437515,0.07473394793392622,1.1623566268932561,1.4553137027942469,False
206,"(206,)",Direct_Q_correct,0.7927365372323467,0.0063922269927008685,0.7802077723266531,0.8052653021380404,True
206,"(206,)",Direct_Q_wrong,0.5743643749999997,0.010579233420768311,0.5536290774952938,0.5950996725047056,False
207,"(207,)",DR_both_correct,0.8057743176360682,0.009734817244795888,0.7866940758362683,0.8248545594358682,True
207,"(207,)",DR_propensity_correct_Q_wrong,0.802829536466522,0.010321820937292574,0.7825987674294286,0.8230603055036154,True
207,"(207,)",DR_Q_correct_propensity_wrong,0.802255098774102,0.05456987579639163,0.6952981422131743,0.9092120553350296,True
207,"(207,)",DR_both_wrong,1.4060504664062512,0.05549039027940865,1.2972893014586102,1.5148116313538922,False
207,"(207,)",IPW_propensity_correct,0.875224930822454,0.04020383511392475,0.7964254139991614,0.9540244476457466,True
207,"(207,)",IPW_propensity_wrong,1.455691464843751,0.08002582270759005,1.2988408523368744,1.6125420773506274,False
207,"(207,)",Direct_Q_correct,0.8074996014298473,0.0064382746290107574,0.7948805831569863,0.8201186197027084,True
207,"(207,)",Direct_Q_wrong,0.6021259374999982,0.010617360621403008,0.5813159106820484,0.6229359643179481,False
208,"(208,)",DR_both_correct,0.7941656928375045,0.009706801240305953,0.7751403624065049,0.8131910232685041,True
208,"(208,)",DR_propensity_correct_Q_wrong,0.7928459786021689,0.010110898060929177,0.7730286184027477,0.81266333880159,True
208,"(208,)",DR_Q_correct_propensity_wrong,0.7788927838752349,0.06118252262132832,0.6589750395374314,0.8988105282130383,True
208,"(208,)",DR_both_wrong,1.462284746484375,0.06210398281759356,1.3405609401618914,1.5840085528068584,False
208,"(208,)",IPW_propensity_correct,0.8000834229358957,0.038657233889615304,0.7243152445122497,0.8758516013595418,True
208,"(208,)",IPW_propensity_wrong,1.4639164968749983,0.08305582099528476,1.30112708772424,1.6267059060257565,False
208,"(208,)",Direct_Q_correct,0.7969783741635197,0.00642822255462181,0.7843790579564609,0.8095776903705785,True
208,"(208,)",Direct_Q_wrong,0.5826178124999994,0.010600092397204521,0.5618416314014786,0.6033939935985203,False
209,"(209,)",DR_both_correct,0.7991016211419927,0.00933823517274281,0.7807986802034168,0.8174045620805686,True
209,"(209,)",DR_propensity_correct_Q_wrong,0.8047233624430429,0.009728950499412102,0.7856546194641951,0.8237921054218906,True
209,"(209,)",DR_Q_correct_propensity_wrong,0.8099868481966805,0.05747797170172833,0.697330023661293,0.922643672732068,True
209,"(209,)",DR_both_wrong,1.4814329601562497,0.058725510681576415,1.3663309592203599,1.5965349610921395,False
209,"(209,)",IPW_propensity_correct,0.7368615095520364,0.03857887322023631,0.6612469180403733,0.8124761010636996,True
209,"(209,)",IPW_propensity_wrong,1.4574179976562514,0.08297173369610594,1.2947933996118837,1.620042595700619,False
209,"(209,)",Direct_Q_correct,0.7907198479679727,0.006438108194744598,0.7781011559062733,0.8033385400296721,True
209,"(209,)",Direct_Q_wrong,0.5736140624999991,0.010576935422746368,0.5528832690714163,0.594344855928582,False
210,"(210,)",DR_both_correct,0.7966465738969162,0.009789007324616874,0.7774601195406671,0.8158330282531653,True
210,"(210,)",DR_propensity_correct_Q_wrong,0.7946133638566114,0.010172205407322311,0.7746758412582597,0.8145508864549631,True
210,"(210,)",DR_Q_correct_propensity_wrong,0.8285537342653896,0.056141722835888655,0.7185159575070478,0.9385915110237314,True
210,"(210,)",DR_both_wrong,1.4503290273437472,0.05682437717641845,1.3389532480779671,1.5617048066095274,False
210,"(210,)",IPW_propensity_correct,0.8076083740216174,0.03802644292203672,0.7330765458944255,0.8821402021488094,True
210,"(210,)",IPW_propensity_wrong,1.4033846343750005,0.07784030205876391,1.2508176423398232,1.5559516264101778,False
210,"(210,)",Direct_Q_correct,0.7902812145706275,0.006387901811252641,0.7777609270205723,0.8028015021206827,True
210,"(210,)",Direct_Q_wrong,0.5706128124999993,0.010567071674042385,0.5499013520188762,0.5913242729811223,False
211,"(211,)",DR_both_correct,0.8055123072922891,0.009815014586978966,0.7862748787018103,0.8247497358827678,True
211,"(211,)",DR_propensity_correct_Q_wrong,0.8116418480031765,0.010536091696885751,0.7909911082772805,0.8322925877290726,True
211,"(211,)",DR_Q_correct_propensity_wrong,0.7813741176869529,0.05423957352255749,0.6750645535827402,0.8876836817911655,True
211,"(211,)",DR_both_wrong,1.3907894375000007,0.05471863012071248,1.2835409224634042,1.4980379525365972,False
211,"(211,)",IPW_propensity_correct,0.8117253841619064,0.0371838005281783,0.7388451351266769,0.8846056331971359,True
211,"(211,)",IPW_propensity_wrong,1.3020074976562506,0.07337972832292018,1.158183230143327,1.445831765169174,False
211,"(211,)",Direct_Q_correct,0.8036831361972684,0.006398517330186103,0.7911420422301036,0.8162242301644331,True
211,"(211,)",Direct_Q_wrong,0.5923718749999994,0.010614340710151613,0.5715677672081023,0.6131759827918966,False
212,"(212,)",DR_both_correct,0.80400938633801,0.009543036813607905,0.7853050341833385,0.8227137384926815,True
212,"(212,)",DR_propensity_correct_Q_wrong,0.8065082642187434,0.009988022882342143,0.7869317393693528,0.8260847890681341,True
212,"(212,)",DR_Q_correct_propensity_wrong,0.7998728673294913,0.05609190794875076,0.6899327277499397,0.9098130069090428,True
212,"(212,)",DR_both_wrong,1.4524757371093742,0.05842786509774183,1.3379571215178,1.5669943527009482,False
212,"(212,)",IPW_propensity_correct,0.7954410075078048,0.03754802400835927,0.7218468804514206,0.8690351345641889,True
212,"(212,)",IPW_propensity_wrong,1.351759796484377,0.07301858802969695,1.2086433639461711,1.494876229022583,False
212,"(212,)",Direct_Q_correct,0.8055864254611752,0.006425417781684324,0.7929926066090739,0.8181802443132765,True
212,"(212,)",Direct_Q_wrong,0.5976240624999992,0.010617360621403069,0.5768140356820493,0.6184340893179492,False
213,"(213,)",DR_both_correct,0.7977519496236672,0.009260718283144934,0.7796009417887032,0.8159029574586313,True
213,"(213,)",DR_propensity_correct_Q_wrong,0.7967425486085057,0.009804504082860635,0.7775257206060988,0.8159593766109126,True
213,"(213,)",DR_Q_correct_propensity_wrong,0.7453532006922656,0.05860617019952225,0.630485107101202,0.8602212942833293,True
213,"(213,)",DR_both_wrong,1.391337444921875,0.057575526949218525,1.2784894121014065,1.5041854777423433,False
213,"(213,)",IPW_propensity_correct,0.8500869395271754,0.038910739397981266,0.7738218903071321,0.9263519887472187,True
213,"(213,)",IPW_propensity_wrong,1.4378137359374994,0.07980865615516966,1.2813887698733668,1.594238702001632,False
213,"(213,)",Direct_Q_correct,0.795366983525629,0.006405056433811598,0.7828130729153582,0.8079208941358997,True
213,"(213,)",Direct_Q_wrong,0.5788662499999984,0.010591614037551007,0.5581066864863984,0.5996258135135983,False
214,"(214,)",DR_both_correct,0.7951446282736512,0.01001183993178029,0.7755214220073618,0.8147678345399405,True
214,"(214,)",DR_propensity_correct_Q_wrong,0.7920633908785766,0.010910863842639097,0.7706780977470039,0.8134486840101492,True
214,"(214,)",DR_Q_correct_propensity_wrong,0.8018419274929299,0.055004132818152425,0.6940338271693511,0.9096500278165087,True
214,"(214,)",DR_both_wrong,1.4358199585937497,0.05723759825851408,1.3236342660070621,1.5480056511804372,False
214,"(214,)",IPW_propensity_correct,0.7803543188159716,0.0379878959952242,0.7058980426653322,0.854810594966611,True
214,"(214,)",IPW_propensity_wrong,1.2875604011718778,0.07212679382275723,1.1461918852792736,1.4289289170644819,False
214,"(214,)",Direct_Q_correct,0.7942793151455492,0.006359022906749342,0.7818156302483205,0.8067430000427779,True
214,"(214,)",Direct_Q_wrong,0.5751146874999992,0.010581464332579654,0.554375017408143,0.5958543575918553,False
215,"(215,)",DR_both_correct,0.8036060746087952,0.009458496443475736,0.7850674215795828,0.8221447276380076,True
215,"(215,)",DR_propensity_correct_Q_wrong,0.8044573186765602,0.010247687441257109,0.7843718512916963,0.8245427860614242,True
215,"(215,)",DR_Q_correct_propensity_wrong,0.8467376646601557,0.0541717924009755,0.7405609515542437,0.9529143777660676,True
215,"(215,)",DR_both_wrong,1.4876438929687479,0.05725851072636797,1.3754172119450667,1.599870573992429,False
215,"(215,)",IPW_propensity_correct,0.7669807563574861,0.038000443846678084,0.692499886417997,0.8414616262969752,True
215,"(215,)",IPW_propensity_wrong,1.3593922101562526,0.07612800608363639,1.2101813182323253,1.5086031020801798,False
215,"(215,)",Direct_Q_correct,0.7992668112615662,0.0063550162179812405,0.786810979474323,0.8117226430488094,True
215,"(215,)",Direct_Q_wrong,0.5826178124999994,0.010600092397204523,0.5618416314014786,0.6033939935985203,False
216,"(216,)",DR_both_correct,0.8072146987693426,0.008998800776025637,0.7895770492483324,0.8248523482903528,True
216,"(216,)",DR_propensity_correct_Q_wrong,0.8053424841029524,0.009642831244312198,0.7864425348641004,0.8242424333418044,True
216,"(216,)",DR_Q_correct_propensity_wrong,0.8916966330732816,0.05123405409573332,0.7912778870456443,0.992115379100919,True
216,"(216,)",DR_both_wrong,1.5005534226562502,0.055170646608043696,1.3924189553044846,1.608687890008016,False
216,"(216,)",IPW_propensity_correct,0.838497311728164,0.0389882049271144,0.7620804300710198,0.9149141933853082,True
216,"(216,)",IPW_propensity_wrong,1.3871541468750008,0.07405278326629505,1.2420106916730624,1.5322976020769392,False
216,"(216,)",Direct_Q_correct,0.7966716843404724,0.006427509746439903,0.7840737652374502,0.8092696034434946,True
216,"(216,)",Direct_Q_wrong,0.5826178124999993,0.010600092397204523,0.5618416314014785,0.6033939935985202,False
217,"(217,)",DR_both_correct,0.8095836462969797,0.009478691805164708,0.7910054103588569,0.8281618822351025,True
217,"(217,)",DR_propensity_correct_Q_wrong,0.8100388997518563,0.009748058292582908,0.7909327054983938,0.8291450940053188,True
217,"(217,)",DR_Q_correct_propensity_wrong,0.8286667110472656,0.05495023299751562,0.7209642543721351,0.9363691677223962,True
217,"(217,)",DR_both_wrong,1.4594734664062512,0.05665017777464703,1.348439117967943,1.5705078148445595,False
217,"(217,)",IPW_propensity_correct,0.7714591881773027,0.036431268987714344,0.7000539009613826,0.8428644753932228,True
217,"(217,)",IPW_propensity_wrong,1.3555979355468768,0.07614996045135758,1.2063440130622158,1.5048518580315378,False
217,"(217,)",Direct_Q_correct,0.7915730310695352,0.006407912322509626,0.7790135229174164,0.8041325392216541,True
217,"(217,)",Direct_Q_wrong,0.5736140625000002,0.010576935422746365,0.5528832690714174,0.5943448559285831,False
218,"(218,)",DR_both_correct,0.781973418422352,0.01002824565181167,0.7623180569448011,0.8016287798999029,True
218,"(218,)",DR_propensity_correct_Q_wrong,0.7795581743848907,0.01079428174789434,0.7584013821590179,0.8007149666107636,True
218,"(218,)",DR_Q_correct_propensity_wrong,0.7357061488440234,0.05642431725443177,0.6251144870253371,0.8462978106627097,True
218,"(218,)",DR_both_wrong,1.3977560972656229,0.058280559372221055,1.2835262008960697,1.511985993635176,False
218,"(218,)",IPW_propensity_correct,0.7634076081787629,0.03818429437158863,0.6885663912104492,0.8382488251470765,True
218,"(218,)",IPW_propensity_wrong,1.3102787578125026,0.07806710111950294,1.1572672396182768,1.4632902760067283,False
218,"(218,)",Direct_Q_correct,0.7899049404314097,0.006421802769586086,0.777318207003021,0.8024916738597984,True
218,"(218,)",Direct_Q_wrong,0.572113437499999,0.010572137991808733,0.5513920470360538,0.5928348279639442,False
219,"(219,)",DR_both_correct,0.8035913337053574,0.01016924126289817,0.783659620830077,0.8235230465806378,True
219,"(219,)",DR_propensity_correct_Q_wrong,0.8097129920017955,0.010874259716336173,0.7883994429577765,0.8310265410458144,True
219,"(219,)",DR_Q_correct_propensity_wrong,0.741896669529453,0.05857316901009596,0.6270932582696649,0.8567000807892411,True
219,"(219,)",DR_both_wrong,1.3475558523437483,0.05739803857836219,1.2350556967301585,1.4600560079573381,False
219,"(219,)",IPW_propensity_correct,0.7079795556446471,0.036028333507666724,0.6373640219696203,0.7785950893196739,False
219,"(219,)",IPW_propensity_wrong,1.2216911625000026,0.07727158715341544,1.0702388516793084,1.3731434733206969,False
219,"(219,)",Direct_Q_correct,0.8051398122401601,0.006379805374713587,0.7926353937057214,0.8176442307745987,True
219,"(219,)",Direct_Q_wrong,0.5931221874999982,0.010614971312037034,0.5723168437284056,0.6139275312715908,False
220,"(220,)",DR_both_correct,0.8040770583808814,0.009592649117658546,0.7852754661102707,0.8228786506514921,True
220,"(220,)",DR_propensity_correct_Q_wrong,0.8103044393973906,0.010265497193113572,0.790184064898888,0.8304248138958932,True
220,"(220,)",DR_Q_correct_propensity_wrong,0.8253886491013275,0.05372386390604537,0.7200898758454786,0.9306874223571764,True
220,"(220,)",DR_both_wrong,1.4282014875000002,0.05581875939284315,1.3187967190900276,1.5376062559099728,False
220,"(220,)",IPW_propensity_correct,0.8286254987744003,0.03935763485394118,0.7514845344606755,0.905766463088125,True
220,"(220,)",IPW_propensity_wrong,1.3966873054687525,0.07844007735240727,1.2429447538580343,1.5504298570794708,False
220,"(220,)",Direct_Q_correct,0.7993206327892224,0.0064183420802701365,0.7867406823118929,0.8119005832665519,True
220,"(220,)",Direct_Q_wrong,0.5871196874999988,0.0106080658397801,0.5663278784540298,0.6079114965459678,False
221,"(221,)",DR_both_correct,0.7951800527564131,0.010239490620040705,0.7751106511411333,0.8152494543716929,True
221,"(221,)",DR_propensity_correct_Q_wrong,0.8025055659492917,0.010919554189919477,0.7811032397370495,0.8239078921615338,True
221,"(221,)",DR_Q_correct_propensity_wrong,0.7632815794392959,0.05814616645141954,0.6493150931945135,0.8772480656840782,True
221,"(221,)",DR_both_wrong,1.420334065234374,0.05886914840709369,1.3049505343564705,1.5357175961122778,False
221,"(221,)",IPW_propensity_correct,0.7645805352215679,0.037683094553853,0.690721669896016,0.8384394005471197,True
221,"(221,)",IPW_propensity_wrong,1.3870424964843775,0.07991153382344132,1.2304158901904325,1.5436691027783225,False
221,"(221,)",Direct_Q_correct,0.7926860906986752,0.006404029906489587,0.7801341920819557,0.8052379893153948,True
221,"(221,)",Direct_Q_wrong,0.5751146874999996,0.010581464332579657,0.5543750174081434,0.5958543575918558,False
222,"(222,)",DR_both_correct,0.8033526831023466,0.009815538027911127,0.7841142285676408,0.8225911376370525,True
222,"(222,)",DR_propensity_correct_Q_wrong,0.7986531714895322,0.010512778272837444,0.7780481260747708,0.8192582169042936,True
222,"(222,)",DR_Q_correct_propensity_wrong,0.8209122415171477,0.05285720441126392,0.7173121208710704,0.924512362163225,True
222,"(222,)",DR_both_wrong,1.4290921210937462,0.055057701214590894,1.321179026713148,1.5370052154743443,False
222,"(222,)",IPW_propensity_correct,0.8560711286932832,0.0400720569240681,0.7775298971221097,0.9346123602644566,True
222,"(222,)",IPW_propensity_wrong,1.3486104878906269,0.07431970809876298,1.2029438600170514,1.4942771157642023,False
222,"(222,)",Direct_Q_correct,0.8078672601183626,0.0064098718321387756,0.7953039113273707,0.8204306089093546,True
222,"(222,)",Direct_Q_wrong,0.5998749999999978,0.010617659247268884,0.5790643878753509,0.6206856121246448,False
223,"(223,)",DR_both_correct,0.7983879271348434,0.009565893982747393,0.7796387749286585,0.8171370793410283,True
223,"(223,)",DR_propensity_correct_Q_wrong,0.795927190172279,0.010246853516309462,0.7758433572803124,0.8160110230642456,True
223,"(223,)",DR_Q_correct_propensity_wrong,0.8547939626668359,0.053264430731294506,0.7503956784334987,0.9591922469001731,True
223,"(223,)",DR_both_wrong,1.5029024562499995,0.05635333175656669,1.3924499260071288,1.6133549864928702,False
223,"(223,)",IPW_propensity_correct,0.8715827130236358,0.03917411217245057,0.7948014531656327,0.9483639728816389,True
223,"(223,)",IPW_propensity_wrong,1.52407105078125,0.08278515089364341,1.3618121550297089,1.6863299465327912,False
223,"(223,)",Direct_Q_correct,0.7957125845407067,0.006355808964190366,0.7832551989708936,0.8081699701105198,True
223,"(223,)",Direct_Q_wrong,0.5766153124999991,0.010585725065953984,0.5558672913707293,0.5973633336292689,False
224,"(224,)",DR_both_correct,0.8113959082434029,0.009247983882755597,0.793269859833202,0.8295219566536038,True
224,"(224,)",DR_propensity_correct_Q_wrong,0.8115938735371208,0.009927303255223051,0.7921363591568836,0.8310513879173579,True
224,"(224,)",DR_Q_correct_propensity_wrong,0.8030060166469911,0.055673300087080956,0.6938863484763125,0.9121256848176698,True
224,"(224,)",DR_both_wrong,1.4264145359374991,0.05735282137744511,1.3140030060377068,1.5388260658372914,False
224,"(224,)",IPW_propensity_correct,0.7736128578414868,0.03788775871354289,0.6993528507629427,0.8478728649200309,True
224,"(224,)",IPW_propensity_wrong,1.3869845847656268,0.07984565129125057,1.2304871082347757,1.543482061296478,False
224,"(224,)",Direct_Q_correct,0.8044769990702385,0.006445780932911726,0.7918432684417315,0.8171107296987455,True
224,"(224,)",Direct_Q_wrong,0.5968737499999995,0.010617128351033739,0.5760641784319734,0.6176833215680256,False
225,"(225,)",DR_both_correct,0.8081115562471264,0.00958824292766979,0.7893186001088935,0.8269045123853592,True
225,"(225,)",DR_propensity_correct_Q_wrong,0.8040216137756808,0.010440411131409677,0.7835584079581178,0.8244848195932438,True
225,"(225,)",DR_Q_correct_propensity_wrong,0.8336054980721471,0.050337301506497366,0.7349443871194123,0.9322666090248819,True
225,"(225,)",DR_both_wrong,1.4192065800781222,0.053136355449901064,1.3150593233963161,1.5233538367599282,False
225,"(225,)",IPW_propensity_correct,0.8005662820909784,0.03796955173848885,0.7261459606835402,0.8749866034984165,True
225,"(225,)",IPW_propensity_wrong,1.3716824531250018,0.0774502489424438,1.219879965197812,1.5234849410521916,False
225,"(225,)",Direct_Q_correct,0.8015173501774255,0.0063856225844716044,0.7890015299118612,0.8140331704429898,True
225,"(225,)",Direct_Q_wrong,0.5878699999999991,0.010609161719499216,0.5670760430297807,0.6086639569702176,False
226,"(226,)",DR_both_correct,0.7971712145936456,0.009720060924585956,0.7781198951814571,0.8162225340058341,True
226,"(226,)",DR_propensity_correct_Q_wrong,0.8017880073240979,0.010468754306072171,0.7812692488841965,0.8223067657639994,True
226,"(226,)",DR_Q_correct_propensity_wrong,0.7170997592103114,0.05801695531509861,0.6033865267927182,0.8308129916279047,True
226,"(226,)",DR_both_wrong,1.348774971484375,0.05692718803537939,1.2371976829350315,1.4603522600337187,False
226,"(226,)",IPW_propensity_correct,0.8256516124563891,0.037727175176055186,0.751706349111321,0.8995968758014572,True
226,"(226,)",IPW_propensity_wrong,1.356800146875004,0.07462862472866279,1.2105280424068248,1.5030722513431831,False
226,"(226,)",Direct_Q_correct,0.7972095621682855,0.0064022815923209025,0.7846610902473365,0.8097580340892345,True
226,"(226,)",Direct_Q_wrong,0.5818674999999984,0.010598530228984871,0.5610943807511881,0.6026406192488087,False
227,"(227,)",DR_both_correct,0.818504775249337,0.009418170764170182,0.8000451605515634,0.8369643899471105,False
227,"(227,)",DR_propensity_correct_Q_wrong,0.813223619357688,0.00985066235977636,0.7939163211325264,0.8325309175828497,True
227,"(227,)",DR_Q_correct_propensity_wrong,0.8144774277992971,0.05466382793091336,0.7073363250547069,0.9216185305438873,True
227,"(227,)",DR_both_wrong,1.4256771761718738,0.055214552689457005,1.317456652900538,1.5338976994432096,False
227,"(227,)",IPW_propensity_correct,0.7261151113057336,0.03577029795290495,0.6560053273180398,0.7962248952934273,False
227,"(227,)",IPW_propensity_wrong,1.2519921046875035,0.07598129219249275,1.1030687719902177,1.4009154373847894,False
227,"(227,)",Direct_Q_correct,0.8093153984307847,0.006368985107010643,0.7968321876210438,0.8217986092405256,True
227,"(227,)",Direct_Q_wrong,0.6006253124999992,0.010617626067031847,0.5798147654086168,0.6214358595913816,False
228,"(228,)",DR_both_correct,0.8126860267207383,0.00921087388071148,0.7946327139145438,0.8307393395269328,True
228,"(228,)",DR_propensity_correct_Q_wrong,0.8142141422250104,0.009648287023122178,0.7953034996596909,0.8331247847903299,True
228,"(228,)",DR_Q_correct_propensity_wrong,0.827567727615665,0.05162526994065218,0.7263821985319867,0.9287532566993433,True
228,"(228,)",DR_both_wrong,1.4198860726562483,0.052588719550680146,1.3168121823369152,1.5229599629755814,False
228,"(228,)",IPW_propensity_correct,0.8617234034770647,0.03897078902383935,0.7853406569903395,0.9381061499637898,True
228,"(228,)",IPW_propensity_wrong,1.4289772664062508,0.07748220741698032,1.2771121398689693,1.5808423929435322,False
228,"(228,)",Direct_Q_correct,0.8001625802117234,0.006434115013609256,0.7875517147850493,0.8127734456383975,True
228,"(228,)",Direct_Q_wrong,0.5886203124999991,0.010610191079159042,0.5678243379848474,0.6094162870151508,False
229,"(229,)",DR_both_correct,0.8103218141549378,0.009312280735860308,0.7920697439126515,0.828573884397224,True
229,"(229,)",DR_propensity_correct_Q_wrong,0.8131785203977668,0.00984871198202984,0.7938750449129883,0.8324819958825453,True
229,"(229,)",DR_Q_correct_propensity_wrong,0.8104581246059371,0.05453389277578405,0.7035716947654004,0.9173445544464739,True
229,"(229,)",DR_both_wrong,1.4464973535156236,0.056006037496209644,1.3367255200230528,1.5562691870081944,False
229,"(229,)",IPW_propensity_correct,0.7538301471012845,0.036918036351919134,0.6814707958515229,0.826189498351046,True
229,"(229,)",IPW_propensity_wrong,1.2864250242187518,0.0731405600089474,1.143069526601215,1.4297805218362887,False
229,"(229,)",Direct_Q_correct,0.8013857839859412,0.006394673896391094,0.7888522231490146,0.8139193448228678,True
229,"(229,)",Direct_Q_wrong,0.5886203124999985,0.010610191079159052,0.5678243379848468,0.6094162870151502,False
230,"(230,)",DR_both_correct,0.8048034292313255,0.009484208367694728,0.7862143808306439,0.8233924776320072,True
230,"(230,)",DR_propensity_correct_Q_wrong,0.8058312545939446,0.009747053450089022,0.7867270298317701,0.824935479356119,True
230,"(230,)",DR_Q_correct_propensity_wrong,0.814883457386913,0.05761689587559284,0.7019543414707511,0.927812573303075,True
230,"(230,)",DR_both_wrong,1.4644945867187504,0.05839205234044782,1.3500461641314727,1.5789430093060282,False
230,"(230,)",IPW_propensity_correct,0.7954814613313624,0.03811293705047293,0.7207801047124355,0.8701828179502894,True
230,"(230,)",IPW_propensity_wrong,1.3684408078125012,0.0774503857466708,1.2166380517490265,1.520243563875976,False
230,"(230,)",Direct_Q_correct,0.8030347368415661,0.006400329443500378,0.7904900911323054,0.8155793825508268,True
230,"(230,)",Direct_Q_wrong,0.5908712499999987,0.010612880225085596,0.570070004758831,0.6116724952411665,False
231,"(231,)",DR_both_correct,0.7920823318396433,0.009662584152655914,0.7731436669004377,0.8110209967788489,True
231,"(231,)",DR_propensity_correct_Q_wrong,0.7918037582773707,0.010341538472832671,0.7715343428706186,0.8120731736841228,True
231,"(231,)",DR_Q_correct_propensity_wrong,0.8243616157750004,0.0545488342492654,0.7174459006464403,0.9312773309035606,True
231,"(231,)",DR_both_wrong,1.4574830976562492,0.0564118204487994,1.3469159295766024,1.568050265735896,False
231,"(231,)",IPW_propensity_correct,0.7591294106321126,0.03702197248571465,0.6865663445601119,0.8316924767041133,True
231,"(231,)",IPW_propensity_wrong,1.3386398296875033,0.0759225044452007,1.1898317209749099,1.4874479384000967,False
231,"(231,)",Direct_Q_correct,0.785654865432348,0.006444408638287042,0.7730238245013054,0.7982859063633906,False
231,"(231,)",Direct_Q_wrong,0.5668612499999983,0.0105532269078056,0.5461769252606994,0.5875455747392972,False
232,"(232,)",DR_both_correct,0.803113102122487,0.009627237173129945,0.7842437172631523,0.8219824869818216,True
232,"(232,)",DR_propensity_correct_Q_wrong,0.8080257945767769,0.010189921235688276,0.7880535489548279,0.8279980401987259,True
232,"(232,)",DR_Q_correct_propensity_wrong,0.7804199747381645,0.055366509192392804,0.6719016167210746,0.8889383327552544,True
232,"(232,)",DR_both_wrong,1.3938995976562518,0.056848747624271515,1.2824760523126797,1.505323142999824,False
232,"(232,)",IPW_propensity_correct,0.7849641178649782,0.036799423643072725,0.7128372475245557,0.8570909882054008,True
232,"(232,)",IPW_propensity_wrong,1.2597918609375027,0.07127383488133238,1.1200951445700913,1.3994885773049142,False
232,"(232,)",Direct_Q_correct,0.8059264086367222,0.006399475492806336,0.7933834366708218,0.8184693806026225,True
232,"(232,)",Direct_Q_wrong,0.596123437499999,0.0106168297102351,0.5753144512679381,0.6169324237320598,False
233,"(233,)",DR_both_correct,0.7880717375977973,0.010280121447240765,0.7679226995612054,0.8082207756343891,True
233,"(233,)",DR_propensity_correct_Q_wrong,0.7871464602571873,0.01106679536831727,0.7654555413352854,0.8088373791790892,True
233,"(233,)",DR_Q_correct_propensity_wrong,0.7871084370367182,0.05660997016580004,0.6761528955117501,0.8980639785616863,True
233,"(233,)",DR_both_wrong,1.4118233976562486,0.05817615097292712,1.2977981417493114,1.5258486535631859,False
233,"(233,)",IPW_propensity_correct,0.7444665730556782,0.03713120012344589,0.6716894208137243,0.8172437252976321,True
233,"(233,)",IPW_propensity_wrong,1.3352039355468757,0.07894500517339745,1.1804717254070167,1.4899361456867346,False
233,"(233,)",Direct_Q_correct,0.7899731757732849,0.006421028093253101,0.7773879607105088,0.802558390836061,True
233,"(233,)",Direct_Q_wrong,0.5713631249999994,0.010569638467464077,0.5506466336037699,0.592079616396229,False
234,"(234,)",DR_both_correct,0.7974812878739921,0.009403929678268207,0.7790495857045864,0.8159129900433978,True
234,"(234,)",DR_propensity_correct_Q_wrong,0.7961630052469592,0.01022056749381366,0.7761306929590844,0.8161953175348339,True
234,"(234,)",DR_Q_correct_propensity_wrong,0.7934546813843751,0.0545763835198682,0.6864849696854335,0.9004243930833168,True
234,"(234,)",DR_both_wrong,1.4302709101562499,0.056988972724161736,1.3185725236168928,1.541969296695607,False
234,"(234,)",IPW_propensity_correct,0.8539609343960719,0.04025527388558159,0.775060597580332,0.9328612712118118,True
234,"(234,)",IPW_propensity_wrong,1.4391250886718756,0.08028303694860563,1.2817703362526085,1.5964798410911427,False
234,"(234,)",Direct_Q_correct,0.7976673333481297,0.006428631061032967,0.7850672164685051,0.8102674502277543,True
234,"(234,)",Direct_Q_wrong,0.5841184374999988,0.010603016689018904,0.5633365247895218,0.6049003502104758,False
235,"(235,)",DR_both_correct,0.7817843629570328,0.010085628499760142,0.7620165310975029,0.8015521948165627,True
235,"(235,)",DR_propensity_correct_Q_wrong,0.775437545218497,0.010534003231437666,0.7547908988848792,0.7960841915521147,False
235,"(235,)",DR_Q_correct_propensity_wrong,0.7731451413535941,0.0592525152597679,0.657010211444449,0.8892800712627392,True
235,"(235,)",DR_both_wrong,1.4381593148437495,0.05983715597736982,1.3208784891281047,1.5554401405593943,False
235,"(235,)",IPW_propensity_correct,0.8123302566764203,0.038106272878753664,0.7376419618340632,0.8870185515187775,True
235,"(235,)",IPW_propensity_wrong,1.5027039585937514,0.08305735935594276,1.3399115342561037,1.6654963829313991,False
235,"(235,)",Direct_Q_correct,0.7851608032888322,0.00642596202672898,0.7725659177164435,0.797755688861221,False
235,"(235,)",Direct_Q_wrong,0.5646103124999993,0.010544109474318662,0.5439438579303347,0.5852767670696638,False
236,"(236,)",DR_both_correct,0.8224228356308255,0.00942089061489144,0.8039578900256383,0.8408877812360127,False
236,"(236,)",DR_propensity_correct_Q_wrong,0.8180115405142601,0.010239675722443045,0.7979417760982717,0.8380813049302485,True
236,"(236,)",DR_Q_correct_propensity_wrong,0.7721843716862101,0.05299199994784867,0.6683200517884267,0.8760486915839936,True
236,"(236,)",DR_both_wrong,1.301844948828125,0.051356446212455935,1.2011863142517114,1.4025035834045385,False
236,"(236,)",IPW_propensity_correct,0.8257054879592919,0.037317713960109446,0.7525627685974774,0.8988482073211064,True
236,"(236,)",IPW_propensity_wrong,1.1884808332031278,0.06723399708522618,1.0567021989160845,1.320259467490171,False
236,"(236,)",Direct_Q_correct,0.8203424814264879,0.006345479822082508,0.8079053409752062,0.8327796218777697,False
236,"(236,)",Direct_Q_wrong,0.6193831249999979,0.01059520570044648,0.5986165218271228,0.6401497281728731,False
237,"(237,)",DR_both_correct,0.7890485340437927,0.010207734478292983,0.7690413744663385,0.809055693621247,True
237,"(237,)",DR_propensity_correct_Q_wrong,0.7923998509092187,0.010955187472566725,0.7709276834629879,0.8138720183554495,True
237,"(237,)",DR_Q_correct_propensity_wrong,0.7418988084136321,0.05915434540739104,0.6259562914151456,0.8578413254121185,True
237,"(237,)",DR_both_wrong,1.3721904984374982,0.05930836923149353,1.2559460947437708,1.4884349021312255,False
237,"(237,)",IPW_propensity_correct,0.8103686150526889,0.038022981069277914,0.7358435721569041,0.8848936579484736,True
237,"(237,)",IPW_propensity_wrong,1.3676343890625027,0.08069888606724251,1.2094645723707074,1.525804205754298,False
237,"(237,)",Direct_Q_correct,0.7992032221677381,0.006424478892136475,0.7866112435391506,0.8117952007963256,True
237,"(237,)",Direct_Q_wrong,0.5871196874999994,0.01060806583978012,0.5663278784540304,0.6079114965459684,False
238,"(238,)",DR_both_correct,0.7962724061893597,0.010192899786895953,0.7762943226070436,0.8162504897716758,True
238,"(238,)",DR_propensity_correct_Q_wrong,0.7957288107032475,0.01075399652045332,0.774650977523159,0.816806643883336,True
238,"(238,)",DR_Q_correct_propensity_wrong,0.7897794252601179,0.056416286579999614,0.6792035035633187,0.9003553469569171,True
238,"(238,)",DR_both_wrong,1.4446611886718739,0.05714233320091095,1.3326622155980885,1.5566601617456592,False
238,"(238,)",IPW_propensity_correct,0.827672383769142,0.03760350581332467,0.7539695123750256,0.9013752551632583,True
238,"(238,)",IPW_propensity_wrong,1.3997975753906278,0.07732983827339433,1.2482310923747748,1.5513640584064807,False
238,"(238,)",Direct_Q_correct,0.7983565507769569,0.0063676585663599745,0.7858759399868913,0.8108371615670225,True
238,"(238,)",Direct_Q_wrong,0.5811171874999987,0.010596901340323001,0.5603472608729657,0.6018871141270318,False
239,"(239,)",DR_both_correct,0.780891996429535,0.009985169846919698,0.7613210635295724,0.8004629293294976,True
239,"(239,)",DR_propensity_correct_Q_wrong,0.7761792411028462,0.010747407098393077,0.7551143231899957,0.7972441590156967,False
239,"(239,)",DR_Q_correct_propensity_wrong,0.69337813688285,0.057743623513063946,0.5802006347972447,0.8065556389684553,True
239,"(239,)",DR_both_wrong,1.340718734374998,0.05635278676821443,1.2302672723092978,1.4511701964406982,False
239,"(239,)",IPW_propensity_correct,0.9189935811553727,0.0403658078871595,0.83987659769654,0.9981105646142053,False
239,"(239,)",IPW_propensity_wrong,1.4648712609375005,0.0800088207490665,1.3080539722693303,1.6216885496056708,False
239,"(239,)",Direct_Q_correct,0.7952317840959411,0.006400148591733675,0.782687492856143,0.8077760753357391,True
239,"(239,)",Direct_Q_wrong,0.5788662499999994,0.010591614037550929,0.5581066864863995,0.5996258135135992,False
240,"(240,)",DR_both_correct,0.7993308958007717,0.010211786686589024,0.7793157938950571,0.8193459977064862,True
240,"(240,)",DR_propensity_correct_Q_wrong,0.8037489409342388,0.010629094195078327,0.7829159163118853,0.8245819655565922,True
240,"(240,)",DR_Q_correct_propensity_wrong,0.7800415168784379,0.05531434735758442,0.6716253960575724,0.8884576376993034,True
240,"(240,)",DR_both_wrong,1.4097864753906262,0.05558836121640042,1.3008332874064814,1.518739663374771,False
240,"(240,)",IPW_propensity_correct,0.8004017371214516,0.03796753338913663,0.7259853716787438,0.8748181025641594,True
240,"(240,)",IPW_propensity_wrong,1.3544714378906275,0.07497683801006541,1.2075168353908994,1.5014260403903557,False
240,"(240,)",Direct_Q_correct,0.7922325883840661,0.00638764800509752,0.7797127982940749,0.8047523784740572,True
240,"(240,)",Direct_Q_wrong,0.5728637499999997,0.010574570294777711,0.5521375922222354,0.593589907777764,False
241,"(241,)",DR_both_correct,0.7891033855366492,0.010537888876088088,0.7684491233395165,0.8097576477337818,True
241,"(241,)",DR_propensity_correct_Q_wrong,0.7843965504467318,0.011075528911870096,0.7626885137794664,0.8061045871139972,True
241,"(241,)",DR_Q_correct_propensity_wrong,0.6799048278716789,0.058533817951577714,0.5651785446865867,0.7946311110567712,False
241,"(241,)",DR_both_wrong,1.30634289765625,0.05705980637964188,1.1945056771521518,1.418180118160348,False
241,"(241,)",IPW_propensity_correct,0.7434589446839237,0.03793061609011922,0.66911493714729,0.8178029522205574,True
241,"(241,)",IPW_propensity_wrong,1.1756331656250034,0.06960489999926384,1.0392075616264462,1.3120587696235606,False
241,"(241,)",Direct_Q_correct,0.8007835622986744,0.006373783541435788,0.7882909465574602,0.8132761780398886,True
241,"(241,)",Direct_Q_wrong,0.586369374999999,0.010606903419383761,0.5655798442980068,0.6071589057019912,False
242,"(242,)",DR_both_correct,0.8105342910098227,0.009603801668779829,0.7917108397390142,0.8293577422806311,True
242,"(242,)",DR_propensity_correct_Q_wrong,0.8085056603956133,0.01060430219659631,0.7877212280902846,0.8292900927009421,True
242,"(242,)",DR_Q_correct_propensity_wrong,0.8099824326540237,0.05410644355378696,0.7039338032886012,0.9160310620194462,True
242,"(242,)",DR_both_wrong,1.3980351464843743,0.055846327331071685,1.288576344915474,1.5074939480532747,False
242,"(242,)",IPW_propensity_correct,0.8671648656137934,0.03814037063979942,0.7924097391597865,0.9419199920678002,True
242,"(242,)",IPW_propensity_wrong,1.344869239453127,0.07379895755084916,1.2002232826534627,1.4895151962527913,False
242,"(242,)",Direct_Q_correct,0.8053977818866441,0.0064156476537306295,0.7928231124853321,0.8179724512879561,True
242,"(242,)",Direct_Q_wrong,0.5968737499999986,0.010617128351033697,0.5760641784319726,0.6176833215680247,False
243,"(243,)",DR_both_correct,0.8042131713871842,0.00992102110070465,0.784767970029803,0.8236583727445653,True
243,"(243,)",DR_propensity_correct_Q_wrong,0.8087491236693648,0.010333571434363394,0.7884953236580126,0.829002923680717,True
243,"(243,)",DR_Q_correct_propensity_wrong,0.8044549761926568,0.05510824507836642,0.6964428158390586,0.912467136546255,True
243,"(243,)",DR_both_wrong,1.4099648957031257,0.056122361451691735,1.2999650672578098,1.5199647241484415,False
243,"(243,)",IPW_propensity_correct,0.7375545779817309,0.03741686689804277,0.664217518861567,0.8108916371018947,True
243,"(243,)",IPW_propensity_wrong,1.238925467578127,0.07332309617325505,1.095212199078547,1.3826387360777068,False
243,"(243,)",Direct_Q_correct,0.8022904266310199,0.006405359508884569,0.7897359219936062,0.8148449312684336,True
243,"(243,)",Direct_Q_wrong,0.5908712499999988,0.010612880225085594,0.5700700047588311,0.6116724952411666,False
244,"(244,)",DR_both_correct,0.8069011843585556,0.009365316319302892,0.7885451643727219,0.8252572043443893,True
244,"(244,)",DR_propensity_correct_Q_wrong,0.8022196029819599,0.00996715764376696,0.7826839740001766,0.8217552319637432,True
244,"(244,)",DR_Q_correct_propensity_wrong,0.8954655021570322,0.05152166975728919,0.7944830294327454,0.9964479748813191,True
244,"(244,)",DR_both_wrong,1.5122904449218766,0.056137889511562705,1.4022601814792137,1.6223207083645395,False
244,"(244,)",IPW_propensity_correct,0.8113115899694234,0.03812841439549569,0.7365798977542519,0.8860432821845949,True
244,"(244,)",IPW_propensity_wrong,1.4487921843750002,0.07540348128737533,1.3010013610517446,1.596583007698256,False
244,"(244,)",Direct_Q_correct,0.8052707428046135,0.006373955230796493,0.7927777905522524,0.8177636950569747,True
244,"(244,)",Direct_Q_wrong,0.5931221874999988,0.01061497131203704,0.5723168437284062,0.6139275312715914,False
245,"(245,)",DR_both_correct,0.8032804045918728,0.009687088211523807,0.7842937116972861,0.8222670974864594,True
245,"(245,)",DR_propensity_correct_Q_wrong,0.8007247302375206,0.009983922535875794,0.781156242067204,0.8202932184078371,True
245,"(245,)",DR_Q_correct_propensity_wrong,0.7770965854072651,0.05957133514242384,0.6603367685281144,0.8938564022864158,True
245,"(245,)",DR_both_wrong,1.4009939941406235,0.05851010438163618,1.2863141895526167,1.5156737987286304,False
245,"(245,)",IPW_propensity_correct,0.813204272021998,0.03765181173802988,0.7394067210154593,0.8870018230285366,True
245,"(245,)",IPW_propensity_wrong,1.3073608453125027,0.07414840158511782,1.1620299782056718,1.4526917124193337,False
245,"(245,)",Direct_Q_correct,0.8042411648174255,0.006403829340777411,0.7916896593095017,0.8167926703253492,True
245,"(245,)",Direct_Q_wrong,0.5938724999999987,0.010615535503023773,0.5730660504140721,0.6146789495859253,False
246,"(246,)",DR_both_correct,0.7808976685345257,0.010008112131747342,0.7612817687563009,0.8005135683127504,True
246,"(246,)",DR_propensity_correct_Q_wrong,0.7787643116806912,0.010594639081966182,0.7579988190800374,0.7995298042813449,True
246,"(246,)",DR_Q_correct_propensity_wrong,0.6994200137264062,0.05976106183883529,0.582288332522289,0.8165516949305234,True
246,"(246,)",DR_both_wrong,1.359818783984374,0.05771365055861936,1.24670002888948,1.472937539079268,False
246,"(246,)",IPW_propensity_correct,0.7717622964797868,0.03737168837035324,0.6985137872738945,0.8450108056856791,True
246,"(246,)",IPW_propensity_wrong,1.3354485960937512,0.07832586836962051,1.181929894089295,1.4889672980982074,False
246,"(246,)",Direct_Q_correct,0.7922286969016448,0.006435044874500808,0.7796160089476232,0.8048413848556664,True
246,"(246,)",Direct_Q_wrong,0.5766153124999994,0.01058572506595399,0.5558672913707297,0.5973633336292692,False
247,"(247,)",DR_both_correct,0.797282566577457,0.009693522912806304,0.7782832616683566,0.8162818714865574,True
247,"(247,)",DR_propensity_correct_Q_wrong,0.7914940683288804,0.010479229129550587,0.7709547792349613,0.8120333574227995,True
247,"(247,)",DR_Q_correct_propensity_wrong,0.7302350401272263,0.05659457556059182,0.6193096720284663,0.8411604082259863,True
247,"(247,)",DR_both_wrong,1.3522442640624988,0.056166782127753966,1.242157371092101,1.4623311570328965,False
247,"(247,)",IPW_propensity_correct,0.8684673898939095,0.03849297957302245,0.7930211499307854,0.9439136298570335,True
247,"(247,)",IPW_propensity_wrong,1.4183576367187516,0.07860547863309106,1.2642908985978931,1.57242437483961,False
247,"(247,)",Direct_Q_correct,0.7944617052535194,0.006396450597170063,0.7819246620830661,0.8069987484239728,True
247,"(247,)",Direct_Q_wrong,0.5773656249999993,0.010587754968439972,0.556613625261857,0.5981176247381417,False
248,"(248,)",DR_both_correct,0.8042928546967434,0.009357969311494475,0.7859512348462142,0.8226344745472726,True
248,"(248,)",DR_propensity_correct_Q_wrong,0.8049404894522452,0.010021678731627409,0.7852979991382555,0.8245829797662348,True
248,"(248,)",DR_Q_correct_propensity_wrong,0.9014054630403515,0.051874759910613716,0.7997309336155486,1.0030799924651543,False
248,"(248,)",DR_both_wrong,1.5260970324218759,0.05524219937031088,1.4178223216560666,1.6343717431876852,False
248,"(248,)",IPW_propensity_correct,0.8029772196813149,0.03625920678631653,0.7319091743801345,0.8740452649824952,True
248,"(248,)",IPW_propensity_wrong,1.4762774718750011,0.07757108021056708,1.3242381546622897,1.6283167890877126,False
248,"(248,)",Direct_Q_correct,0.7996444757934411,0.0064331051495248185,0.7870355897003725,0.8122533618865098,True
248,"(248,)",Direct_Q_wrong,0.5878699999999984,0.01060916171949922,0.56707604302978,0.6086639569702169,False
249,"(249,)",DR_both_correct,0.7900613080646334,0.009684294567126274,0.7710800907130658,0.8090425254162009,True
249,"(249,)",DR_propensity_correct_Q_wrong,0.7827186105012095,0.010356758356305805,0.7624193641228502,0.8030178568795688,True
249,"(249,)",DR_Q_correct_propensity_wrong,0.8365887126282802,0.0582156628961646,0.7224860133517975,0.9506914119047628,True
249,"(249,)",DR_both_wrong,1.5129745078124992,0.06121861637851681,1.3929860197106063,1.632962995914392,False
249,"(249,)",IPW_propensity_correct,0.8277345768633363,0.03843855165590153,0.7523950156177693,0.9030741381089032,True
249,"(249,)",IPW_propensity_wrong,1.5978803097656253,0.08611325688621485,1.4290983262686443,1.7666622932626064,False
249,"(249,)",Direct_Q_correct,0.788858844890082,0.006430889451598232,0.7762543015649495,0.8014633882152145,True
249,"(249,)",Direct_Q_wrong,0.5713631249999991,0.010569638467464079,0.5506466336037695,0.5920796163962286,False
250,"(250,)",DR_both_correct,0.7855209515476838,0.010087765930967751,0.765748930322987,0.8052929727723805,True
250,"(250,)",DR_propensity_correct_Q_wrong,0.7862635906013261,0.010770854031323046,0.7651527166999329,0.8073744645027193,True
250,"(250,)",DR_Q_correct_propensity_wrong,0.7386354119123811,0.0630299647875592,0.6150966809287651,0.8621741428959971,True
250,"(250,)",DR_both_wrong,1.4317317984375026,0.06270784142778822,1.3088244292390376,1.5546391676359677,False
250,"(250,)",IPW_propensity_correct,0.7017574522023909,0.03789463705052182,0.6274839635833682,0.7760309408214137,False
250,"(250,)",IPW_propensity_wrong,1.287415761328127,0.07777378664638857,1.1349791395012054,1.4398523831550485,False
250,"(250,)",Direct_Q_correct,0.7916432510127375,0.006369474218217221,0.7791590815450318,0.8041274204804432,True
250,"(250,)",Direct_Q_wrong,0.5713631249999992,0.010569638467464079,0.5506466336037696,0.5920796163962287,False
251,"(251,)",DR_both_correct,0.8040728082913746,0.00927420498426571,0.7858953665222138,0.8222502500605354,True
251,"(251,)",DR_propensity_correct_Q_wrong,0.8035577478299387,0.009804494011163805,0.7843409395680576,0.8227745560918198,True
251,"(251,)",DR_Q_correct_propensity_wrong,0.8209109731851955,0.05197723301629352,0.7190355964732602,0.9227863498971307,True
251,"(251,)",DR_both_wrong,1.423903746093749,0.05364695403295196,1.318755716189163,1.5290517759983349,False
251,"(251,)",IPW_propensity_correct,0.8219363454753388,0.03880487346449537,0.7458787934849278,0.8979938974657498,True
251,"(251,)",IPW_propensity_wrong,1.3487589726562519,0.07140050953347384,1.2088139739706432,1.4887039713418606,False
251,"(251,)",Direct_Q_correct,0.7979987787932069,0.006382238310469716,0.7854895917046862,0.8105079658817276,True
251,"(251,)",Direct_Q_wrong,0.5826178124999989,0.010600092397204521,0.561841631401478,0.6033939935985198,False
252,"(252,)",DR_both_correct,0.7987156847265858,0.009773432774322546,0.7795597564889136,0.817871612964258,True
252,"(252,)",DR_propensity_correct_Q_wrong,0.7924659606919081,0.010398547916453246,0.7720848067756597,0.8128471146081565,True
252,"(252,)",DR_Q_correct_propensity_wrong,0.7574051466596867,0.05483104646629912,0.6499362955857404,0.864873997733633,True
252,"(252,)",DR_both_wrong,1.3555830808593756,0.05473563822950768,1.2483012299295406,1.4628649317892106,False
252,"(252,)",IPW_propensity_correct,0.7386201801612294,0.035933875712733106,0.6681897837642725,0.8090505765581864,True
252,"(252,)",IPW_propensity_wrong,1.1700916277343776,0.07047883407006797,1.0319531129570443,1.3082301425117109,False
252,"(252,)",Direct_Q_correct,0.8002430642425041,0.006440251800935964,0.7876201707126697,0.8128659577723386,True
252,"(252,)",Direct_Q_wrong,0.5893706249999994,0.010611153938118498,0.5685727632812871,0.6101684867187116,False
253,"(253,)",DR_both_correct,0.7968854861424568,0.009584846253926211,0.7780991874847615,0.8156717848001521,True
253,"(253,)",DR_propensity_correct_Q_wrong,0.8003341537968298,0.01007408872048608,0.7805889399046771,0.8200793676889825,True
253,"(253,)",DR_Q_correct_propensity_wrong,0.8325446083282416,0.05424111699425104,0.7262320190195096,0.9388571976369736,True
253,"(253,)",DR_both_wrong,1.482471650390625,0.05558683120793774,1.373521461223067,1.591421839558183,False
253,"(253,)",IPW_propensity_correct,0.7878606060727771,0.037330394680117014,0.7146930324997477,0.8610281796458065,True
253,"(253,)",IPW_propensity_wrong,1.428875242968752,0.07609718469168023,1.2797247609730587,1.5780257249644452,False
253,"(253,)",Direct_Q_correct,0.7916835525974248,0.006432239584849108,0.7790763630111206,0.8042907421837291,True
253,"(253,)",Direct_Q_wrong,0.5758649999999992,0.010583628200603531,0.5551210887268163,0.596608911273182,False
254,"(254,)",DR_both_correct,0.7946356050719493,0.00956067571266147,0.7758966806751328,0.8133745294687658,True
254,"(254,)",DR_propensity_correct_Q_wrong,0.7922213932421087,0.010089203553800257,0.7724465542766602,0.8119962322075572,True
254,"(254,)",DR_Q_correct_propensity_wrong,0.7720316577445696,0.05751113081904984,0.659309841339232,0.8847534741499072,True
254,"(254,)",DR_both_wrong,1.4115606304687487,0.05783871238814424,1.298196754187986,1.5249245067495114,False
254,"(254,)",IPW_propensity_correct,0.725246087209662,0.0365167893771324,0.6536731800304825,0.7968189943888415,False
254,"(254,)",IPW_propensity_wrong,1.3631236101562536,0.07833280159906064,1.2095913190220948,1.5166559012904124,False
254,"(254,)",Direct_Q_correct,0.7985943696310968,0.0063724933860847275,0.7861042825943707,0.8110844566678228,True
254,"(254,)",Direct_Q_wrong,0.5826178124999992,0.010600092397204526,0.5618416314014784,0.6033939935985201,False
255,"(255,)",DR_both_correct,0.8022075839247748,0.009642713886650283,0.7833078647069402,0.8211073031426093,True
255,"(255,)",DR_propensity_correct_Q_wrong,0.8042567446489055,0.010503334929149247,0.783670208187773,0.824843281110038,True
255,"(255,)",DR_Q_correct_propensity_wrong,0.8727104261316003,0.05202452930385234,0.7707423486960497,0.9746785035671509,True
255,"(255,)",DR_both_wrong,1.4924490035156257,0.056005831361125726,1.3826775740478192,1.6022204329834322,False
255,"(255,)",IPW_propensity_correct,0.8142349500013973,0.038291832560761095,0.7391829581823056,0.8892869418204891,True
255,"(255,)",IPW_propensity_wrong,1.4356681476562492,0.07461165562553738,1.289429302630196,1.5819069926823024,False
255,"(255,)",Direct_Q_correct,0.7955618805667223,0.006388131749886253,0.7830411423369452,0.8080826187964993,True
255,"(255,)",Direct_Q_wrong,0.5781159374999992,0.010589717946569054,0.5573600903247239,0.5988717846752746,False
256,"(256,)",DR_both_correct,0.7928901372118818,0.009759938812775079,0.7737606571388427,0.812019617284921,True
256,"(256,)",DR_propensity_correct_Q_wrong,0.7980585492419168,0.010662485174150695,0.7771600783005814,0.8189570201832521,True
256,"(256,)",DR_Q_correct_propensity_wrong,0.749305567893516,0.05854071469580861,0.6345657670897311,0.8640453686973009,True
256,"(256,)",DR_both_wrong,1.389736646093749,0.05867520585680043,1.2747332426144202,1.5047400495730778,False
256,"(256,)",IPW_propensity_correct,0.7019727981445665,0.03527178207350461,0.6328401052804975,0.7711054910086355,False
256,"(256,)",IPW_propensity_wrong,1.2530870835937509,0.07687179227122594,1.102418370742148,1.4037557964453538,False
256,"(256,)",Direct_Q_correct,0.800506196625473,0.006422320117266336,0.7879184491956309,0.813093944055315,True
256,"(256,)",Direct_Q_wrong,0.5878699999999982,0.010609161719499226,0.5670760430297798,0.6086639569702167,False
257,"(257,)",DR_both_correct,0.8048518875229645,0.009437062697309873,0.7863552446362372,0.8233485304096919,True
257,"(257,)",DR_propensity_correct_Q_wrong,0.8074742695509136,0.009953510865193423,0.7879653882551345,0.8269831508466927,True
257,"(257,)",DR_Q_correct_propensity_wrong,0.7935423267246082,0.05441100186613304,0.6868967630669874,0.900187890382229,True
257,"(257,)",DR_both_wrong,1.4196219792968763,0.05494594368280745,1.3119279296785737,1.5273160289151788,False
257,"(257,)",IPW_propensity_correct,0.8580068036927619,0.038423233237881424,0.7826972665465144,0.9333163408390095,True
257,"(257,)",IPW_propensity_wrong,1.379388501562503,0.07392179694114488,1.234501779557859,1.5242752235671468,False
257,"(257,)",Direct_Q_correct,0.8037962779535185,0.006381753168629296,0.791288041743005,0.8163045141640319,True
257,"(257,)",Direct_Q_wrong,0.5923718749999979,0.01061434071015162,0.5715677672081008,0.613175982791895,False
258,"(258,)",DR_both_correct,0.7905265752092765,0.009748612905395587,0.7714192939147011,0.8096338565038519,True
258,"(258,)",DR_propensity_correct_Q_wrong,0.7971481473390715,0.010548920059451064,0.7764722640225474,0.8178240306555955,True
258,"(258,)",DR_Q_correct_propensity_wrong,0.6639575078343356,0.05901423229458969,0.5482896125369399,0.7796254031317313,False
258,"(258,)",DR_both_wrong,1.3033644449218749,0.05733107807038493,1.1909955319039205,1.4157333579398292,False
258,"(258,)",IPW_propensity_correct,0.7832093606017074,0.0365274327413014,0.7116155924287567,0.8548031287746581,True
258,"(258,)",IPW_propensity_wrong,1.2336073992187508,0.07246090136143474,1.0915840325503388,1.375630765887163,False
258,"(258,)",Direct_Q_correct,0.7902356725292223,0.006406871155724663,0.777678205064002,0.8027931399944427,True
258,"(258,)",Direct_Q_wrong,0.5706128124999992,0.010567071674042366,0.5499013520188761,0.5913242729811222,False
259,"(259,)",DR_both_correct,0.79268422027233,0.01006527406957056,0.7729562830959716,0.8124121574486883,True
259,"(259,)",DR_propensity_correct_Q_wrong,0.7950077298808638,0.010497841802841421,0.7744319599472946,0.8155834998144329,True
259,"(259,)",DR_Q_correct_propensity_wrong,0.76810018500875,0.061631874718167765,0.6473017105611412,0.8888986594563588,True
259,"(259,)",DR_both_wrong,1.4401546421875004,0.06291201141145766,1.3168470998210435,1.5634621845539574,False
259,"(259,)",IPW_propensity_correct,0.7896056529261325,0.03689833811370466,0.7172849102232713,0.8619263956289936,True
259,"(259,)",IPW_propensity_wrong,1.3835660519531272,0.08008154856771015,1.2266062167604153,1.5405258871458392,False
259,"(259,)",Direct_Q_correct,0.8006704205424253,0.006390501852442943,0.7881450369116372,0.8131958041732135,True
259,"(259,)",Direct_Q_wrong,0.586369374999999,0.010606903419383772,0.5655798442980068,0.6071589057019912,False
260,"(260,)",DR_both_correct,0.7697701959306196,0.010671363860848474,0.7488543227633566,0.7906860690978825,False
260,"(260,)",DR_propensity_correct_Q_wrong,0.768007418329148,0.011129564791104418,0.7461934713385834,0.7898213653197126,False
260,"(260,)",DR_Q_correct_propensity_wrong,0.6116751642595699,0.06062461462852698,0.49285091958765703,0.7304994089314828,False
260,"(260,)",DR_both_wrong,1.255916670703125,0.05710330852207719,1.1439941859998537,1.3678391554063964,False
260,"(260,)",IPW_propensity_correct,0.8234124302413971,0.03858903605911617,0.7477779195655294,0.8990469409172648,True
260,"(260,)",IPW_propensity_wrong,1.2987958429687518,0.07497218156698743,1.1518503670974565,1.4457413188400472,False
260,"(260,)",Direct_Q_correct,0.794546458149535,0.006413186010927837,0.7819766135681164,0.8071163027309535,True
260,"(260,)",Direct_Q_wrong,0.5781159374999989,0.010589717946569053,0.5573600903247236,0.5988717846752742,False
261,"(261,)",DR_both_correct,0.7979579183176106,0.010268029285767182,0.777832580917507,0.8180832557177143,True
261,"(261,)",DR_propensity_correct_Q_wrong,0.8000193615881992,0.010652666050808744,0.7791401361286141,0.8208985870477843,True
261,"(261,)",DR_Q_correct_propensity_wrong,0.7927669896066776,0.05622695819381451,0.6825621515468011,0.902971827666554,True
261,"(261,)",DR_both_wrong,1.4161578757812512,0.05683477369607946,1.3047617193369354,1.527554032225567,False
261,"(261,)",IPW_propensity_correct,0.777709491732628,0.038002924201088084,0.7032237602984954,0.8521952231667607,True
261,"(261,)",IPW_propensity_wrong,1.3739296253906261,0.07828616127731725,1.2204887492870844,1.5273705014941679,False
261,"(261,)",Direct_Q_correct,0.7977066219229719,0.006436652188454307,0.7850907836336015,0.8103224602123423,True
261,"(261,)",Direct_Q_wrong,0.585619062499999,0.010605674436430694,0.5648319406045947,0.6064061843954032,False
262,"(262,)",DR_both_correct,0.8055751202946523,0.009515774961291548,0.7869242013705209,0.8242260392187837,True
262,"(262,)",DR_propensity_correct_Q_wrong,0.8098084247126054,0.01010632932694154,0.7900000192318,0.8296168301934108,True
262,"(262,)",DR_Q_correct_propensity_wrong,0.7769369421610156,0.05750415433862715,0.6642287996573064,0.8896450846647248,True
262,"(262,)",DR_both_wrong,1.4118362945312477,0.05801390262383994,1.2981290453885215,1.525543543673974,False
262,"(262,)",IPW_propensity_correct,0.7919040886529103,0.03806984187727839,0.7172871985734446,0.866520978732376,True
262,"(262,)",IPW_propensity_wrong,1.3326512871093776,0.07839482154344822,1.178997436884219,1.4863051373345362,False
262,"(262,)",Direct_Q_correct,0.7996009183533631,0.006414645244458963,0.7870282136742236,0.8121736230325026,True
262,"(262,)",Direct_Q_wrong,0.5863693749999989,0.010606903419383768,0.5655798442980067,0.607158905701991,False
263,"(263,)",DR_both_correct,0.7849760006805774,0.010790390284357998,0.7638268357232357,0.806125165637919,True
263,"(263,)",DR_propensity_correct_Q_wrong,0.7794708833723973,0.01097579061244377,0.7579583337720075,0.8009834329727872,True
263,"(263,)",DR_Q_correct_propensity_wrong,0.7280645648664833,0.05772784763885145,0.6149179834943345,0.8412111462386321,True
263,"(263,)",DR_both_wrong,1.3565683167968743,0.05891575912590365,1.2410934289101032,1.4720432046836454,False
263,"(263,)",IPW_propensity_correct,0.7981423052684947,0.03826187723249613,0.7231490258928023,0.8731355846441872,True
263,"(263,)",IPW_propensity_wrong,1.3412599031250028,0.08048554159689783,1.183508241595083,1.4990115646549225,False
263,"(263,)",Direct_Q_correct,0.7964658875847688,0.006403161775505409,0.7839156905047782,0.8090160846647594,True
263,"(263,)",Direct_Q_wrong,0.5811171874999994,0.010596901340323,0.5603472608729664,0.6018871141270324,False
264,"(264,)",DR_both_correct,0.7912378798637368,0.009715387445510204,0.7721957204705369,0.8102800392569368,True
264,"(264,)",DR_propensity_correct_Q_wrong,0.790546346825824,0.0103134009299334,0.7703320810031545,0.8107606126484935,True
264,"(264,)",DR_Q_correct_propensity_wrong,0.7829781809514449,0.05523652564382755,0.6747145906895429,0.8912417712133469,True
264,"(264,)",DR_both_wrong,1.4284198539062514,0.05646964952109602,1.3177393408449032,1.5391003669675996,False
264,"(264,)",IPW_propensity_correct,0.8034831890720515,0.03683049197546857,0.7312954248001331,0.8756709533439699,True
264,"(264,)",IPW_propensity_wrong,1.3904892539062503,0.07414997449657915,1.2451553038929553,1.5358232039195454,False
264,"(264,)",Direct_Q_correct,0.7893241407905498,0.006424392667245736,0.7767323311627482,0.8019159504183514,True
264,"(264,)",Direct_Q_wrong,0.5706128124999992,0.01056707167404237,0.5499013520188761,0.5913242729811222,False
265,"(265,)",DR_both_correct,0.798874701537554,0.009675288802799687,0.7799111354840667,0.8178382675910414,True
265,"(265,)",DR_propensity_correct_Q_wrong,0.804539699490481,0.01025495466943873,0.784439988338381,0.824639410642581,True
265,"(265,)",DR_Q_correct_propensity_wrong,0.809058162341133,0.0545244578780565,0.7021902249001423,0.9159260997821238,True
265,"(265,)",DR_both_wrong,1.4223008445312504,0.055468447968128345,1.3135826865137188,1.531019002548782,False
265,"(265,)",IPW_propensity_correct,0.8078528896033432,0.03716302415722634,0.7350133622551795,0.8806924169515069,True
265,"(265,)",IPW_propensity_wrong,1.4429289093750015,0.07976562218337638,1.2865882898955838,1.5992695288544192,False
265,"(265,)",Direct_Q_correct,0.8045877788423468,0.006408790682480562,0.7920265491046848,0.8171490085800087,True
265,"(265,)",Direct_Q_wrong,0.5946228124999979,0.010616033293700039,0.5738153872443459,0.61543023775565,False
266,"(266,)",DR_both_correct,0.8012001876991381,0.009849490983193961,0.781895185372078,0.8205051900261983,True
266,"(266,)",DR_propensity_correct_Q_wrong,0.804284077747641,0.01033006828011776,0.7840371439186102,0.8245310115766717,True
266,"(266,)",DR_Q_correct_propensity_wrong,0.7701979120382404,0.05488798145981497,0.6626174683770031,0.8777783556994777,True
266,"(266,)",DR_both_wrong,1.401485301953124,0.05476992277813745,1.2941362533079745,1.5088343505982733,False
266,"(266,)",IPW_propensity_correct,0.7960110916120802,0.0392252447419481,0.7191296119178618,0.8728925713062985,True
266,"(266,)",IPW_propensity_wrong,1.3138754343750012,0.07475771309703809,1.1673503167048065,1.460400552045196,False
266,"(266,)",Direct_Q_correct,0.7998492595393004,0.006402804716394294,0.7872997622951676,0.8123987567834332,True
266,"(266,)",Direct_Q_wrong,0.586369374999999,0.010606903419383772,0.5655798442980068,0.6071589057019912,False
267,"(267,)",DR_both_correct,0.8071977098823423,0.009710252286448243,0.7881656154009038,0.8262298043637808,True
267,"(267,)",DR_propensity_correct_Q_wrong,0.8051735816044172,0.010121301185760762,0.7853358312803261,0.8250113319285083,True
267,"(267,)",DR_Q_correct_propensity_wrong,0.7535461717030068,0.05701310019542705,0.6418004953199697,0.8652918480860438,True
267,"(267,)",DR_both_wrong,1.3606191921874984,0.055719328537172715,1.2514093082546398,1.469829076120357,False
267,"(267,)",IPW_propensity_correct,0.87924615695013,0.03934916052518137,0.8021218023207745,0.9563705115794855,False
267,"(267,)",IPW_propensity_wrong,1.3547478363281258,0.0756747547264014,1.206425317064379,1.5030703555918725,False
267,"(267,)",Direct_Q_correct,0.8105614146440665,0.006464347807811901,0.7978912929407552,0.8232315363473778,True
267,"(267,)",Direct_Q_wrong,0.6081284374999985,0.010613643685530333,0.587325695876359,0.6289311791236379,False
268,"(268,)",DR_both_correct,0.7968975236489917,0.009581820594609108,0.7781171552835578,0.8156778920144255,True
268,"(268,)",DR_propensity_correct_Q_wrong,0.7970665503950657,0.010026938078668992,0.7774137517608745,0.8167193490292569,True
268,"(268,)",DR_Q_correct_propensity_wrong,0.724336409607774,0.05506632788234559,0.6164064069583767,0.8322664122571714,True
268,"(268,)",DR_both_wrong,1.3578142308593761,0.05497322772308214,1.2500667045221352,1.465561757196617,False
268,"(268,)",IPW_propensity_correct,0.8151776765038925,0.03781891661322824,0.7410525999419652,0.8893027530658199,True
268,"(268,)",IPW_propensity_wrong,1.2952610625000014,0.07382232140723645,1.150569312541818,1.4399528124581848,False
268,"(268,)",Direct_Q_correct,0.7958072241414876,0.006359260227498518,0.7833430740955906,0.8082713741873847,True
268,"(268,)",Direct_Q_wrong,0.5766153124999986,0.010585725065954068,0.5558672913707287,0.5973633336292686,False
269,"(269,)",DR_both_correct,0.7913005192182088,0.009930749737721132,0.7718362497322754,0.8107647887041421,True
269,"(269,)",DR_propensity_correct_Q_wrong,0.7949527647251378,0.010607099555265101,0.7741628495968181,0.8157426798534574,True
269,"(269,)",DR_Q_correct_propensity_wrong,0.8554889520708205,0.05419797171872958,0.7492609275021106,0.9617169766395305,True
269,"(269,)",DR_both_wrong,1.5070960277343752,0.05752655206258169,1.394343985691715,1.6198480697770354,False
269,"(269,)",IPW_propensity_correct,0.7364630210556886,0.036885452398685535,0.664167534354265,0.8087585077571122,True
269,"(269,)",IPW_propensity_wrong,1.4454472406250005,0.08211017118444086,1.2845113051034964,1.6063831761465046,False
269,"(269,)",Direct_Q_correct,0.796691835132816,0.006458667087304784,0.7840328476416987,0.8093508226239334,True
269,"(269,)",Direct_Q_wrong,0.5848687499999989,0.01060437886777845,0.5640841674191531,0.6056533325808447,False
270,"(270,)",DR_both_correct,0.8035688457719864,0.009349977339901519,0.7852428901857794,0.8218948013581934,True
270,"(270,)",DR_propensity_correct_Q_wrong,0.8093230348297291,0.010098404843145887,0.7895301613371631,0.8291159083222951,True
270,"(270,)",DR_Q_correct_propensity_wrong,0.8512772562554296,0.0508441452433783,0.7516227315784081,0.9509317809324511,True
270,"(270,)",DR_both_wrong,1.4900488542968757,0.05319929475008282,1.3857782365867135,1.594319472007038,False
270,"(270,)",IPW_propensity_correct,0.7053400083954422,0.035376912964046194,0.6360012589859116,0.7746787578049728,False
270,"(270,)",IPW_propensity_wrong,1.3394323242187522,0.07305701755484906,1.1962405698112482,1.4826240786262563,False
270,"(270,)",Direct_Q_correct,0.7930930379620348,0.006384665721571172,0.7805790931477553,0.8056069827763143,True
270,"(270,)",Direct_Q_wrong,0.5743643749999994,0.010579233420768304,0.5536290774952934,0.5950996725047053,False
271,"(271,)",DR_both_correct,0.8100111454613348,0.009630595853591627,0.7911351775882952,0.8288871133343744,True
271,"(271,)",DR_propensity_correct_Q_wrong,0.8046281582318968,0.01022900726713532,0.7845793039883115,0.8246770124754821,True
271,"(271,)",DR_Q_correct_propensity_wrong,0.7628283536119524,0.05623543382730238,0.6526069033104398,0.8730498039134651,True
271,"(271,)",DR_both_wrong,1.3530242113281248,0.05666958535868422,1.2419518240251037,1.4640965986311458,False
271,"(271,)",IPW_propensity_correct,0.8671758048479746,0.03760578188272022,0.793468472357843,0.9408831373381062,True
271,"(271,)",IPW_propensity_wrong,1.3843794070312527,0.07716441819785033,1.233137147363466,1.5356216666990394,False
271,"(271,)",Direct_Q_correct,0.8093048760989876,0.006385674715519219,0.79678895365657,0.8218207985414052,True
271,"(271,)",Direct_Q_wrong,0.6021259374999989,0.010617360621403095,0.5813159106820488,0.622935964317949,False
272,"(272,)",DR_both_correct,0.8130544623844318,0.00931216972392679,0.7948026097255353,0.8313063150433283,True
272,"(272,)",DR_propensity_correct_Q_wrong,0.8145740684471369,0.009712645354769294,0.7955372835517891,0.8336108533424846,True
272,"(272,)",DR_Q_correct_propensity_wrong,0.8959612642913679,0.05400030711364027,0.790120662348633,1.0018018662341028,True
272,"(272,)",DR_both_wrong,1.5502849460937491,0.05828346237033958,1.4360493598478836,1.6645205323396146,False
272,"(272,)",IPW_propensity_correct,0.7403531759438008,0.03733592396458989,0.6671747649732046,0.813531586914397,True
272,"(272,)",IPW_propensity_wrong,1.4515444921875025,0.08487530865747565,1.2851888872188502,1.6179000971561548,False
272,"(272,)",Direct_Q_correct,0.8045474772576601,0.006345895959643846,0.7921095211767581,0.816985433338562,True
272,"(272,)",Direct_Q_wrong,0.590120937499999,0.01061205031447882,0.5693213188836206,0.6109205561163775,False
273,"(273,)",DR_both_correct,0.8031681031875777,0.009814765143177945,0.7839311635069489,0.8224050428682065,True
273,"(273,)",DR_propensity_correct_Q_wrong,0.8040779136185294,0.0101801174410474,0.7841248834340765,0.8240309438029824,True
273,"(273,)",DR_Q_correct_propensity_wrong,0.762030817106327,0.052957520858248085,0.6582340762241607,0.8658275579884933,True
273,"(273,)",DR_both_wrong,1.356959141406248,0.0525327296611854,1.2539949912703248,1.4599232915421714,False
273,"(273,)",IPW_propensity_correct,0.8002222499798808,0.038089868713107794,0.7255661073021895,0.8748783926575721,True
273,"(273,)",IPW_propensity_wrong,1.3035533414062528,0.07552349019467623,1.1555273006246873,1.4515793821878182,False
273,"(273,)",Direct_Q_correct,0.8042576823715666,0.006421349594864209,0.7916718371656327,0.8168435275775005,True
273,"(273,)",Direct_Q_wrong,0.5953731249999987,0.010616464693406213,0.5745648542009225,0.6161813957990749,False
274,"(274,)",DR_both_correct,0.7998916119734722,0.009730320795547264,0.7808201832141997,0.8189630407327448,True
274,"(274,)",DR_propensity_correct_Q_wrong,0.80353704494629,0.010231796389872393,0.78348272402214,0.8235913658704399,True
274,"(274,)",DR_Q_correct_propensity_wrong,0.7394252543863667,0.054749790148110516,0.6321156656960701,0.8467348430766634,True
274,"(274,)",DR_both_wrong,1.3523190917968733,0.05468457377774818,1.2451373271924868,1.4595008564012597,False
274,"(274,)",IPW_propensity_correct,0.7211794210426922,0.03706785948084772,0.6485264164602307,0.7938324256251537,False
274,"(274,)",IPW_propensity_wrong,1.170331804687501,0.06928643536434143,1.0345303913733919,1.3061332180016103,False
274,"(274,)",Direct_Q_correct,0.8059267860195355,0.006457187675490147,0.7932706981755748,0.8185828738634962,True
274,"(274,)",Direct_Q_wrong,0.5998749999999985,0.010617659247268907,0.5790643878753514,0.6206856121246456,False
275,"(275,)",DR_both_correct,0.8048454006158378,0.009620007321287278,0.7859901862661147,0.8237006149655608,True
275,"(275,)",DR_propensity_correct_Q_wrong,0.8075744802538192,0.010232765408007887,0.7875182600541237,0.8276307004535146,True
275,"(275,)",DR_Q_correct_propensity_wrong,0.8610560834347264,0.054588641532289775,0.7540623460314384,0.9680498208380144,True
275,"(275,)",DR_both_wrong,1.4819209062500005,0.05713057964038979,1.3699449701548365,1.5938968423451645,False
275,"(275,)",IPW_propensity_correct,0.789278079447474,0.03735238854565715,0.7160673978979859,0.862488760996962,True
275,"(275,)",IPW_propensity_wrong,1.3722805464843773,0.0799439192696724,1.2155904647158193,1.5289706282529352,False
275,"(275,)",Direct_Q_correct,0.8091812120109405,0.006419152529346717,0.7965996730534209,0.8217627509684601,True
275,"(275,)",Direct_Q_wrong,0.6036265624999985,0.010616829710235101,0.5828175762679376,0.6244355487320593,False
276,"(276,)",DR_both_correct,0.7938599203285822,0.01016891360152021,0.7739288496696026,0.8137909909875618,True
276,"(276,)",DR_propensity_correct_Q_wrong,0.7962382295920771,0.010948344326973385,0.7747794747112093,0.8176969844729449,True
276,"(276,)",DR_Q_correct_propensity_wrong,0.7941217173238279,0.058912769391899766,0.6786526893157043,0.9095907453319514,True
276,"(276,)",DR_both_wrong,1.4228891214843755,0.06047380339342903,1.3043604668332547,1.5414177761354964,False
276,"(276,)",IPW_propensity_correct,0.8227621400842731,0.037851289537998226,0.7485736125897966,0.8969506675787495,True
276,"(276,)",IPW_propensity_wrong,1.400582308593751,0.07975802060675967,1.244256588204502,1.556908028983,False
276,"(276,)",Direct_Q_correct,0.7987041778117225,0.006427709464309412,0.7861058672616761,0.811302488361769,True
276,"(276,)",Direct_Q_wrong,0.5848687499999989,0.010604378867778444,0.5640841674191532,0.6056533325808446,False
277,"(277,)",DR_both_correct,0.8081906225389378,0.009437480545915746,0.7896931606689429,0.8266880844089327,True
277,"(277,)",DR_propensity_correct_Q_wrong,0.8063924883746865,0.009959290621698279,0.7868722787561578,0.8259126979932151,True
277,"(277,)",DR_Q_correct_propensity_wrong,0.7418018963552335,0.05678839540329407,0.6304966413647771,0.8531071513456899,True
277,"(277,)",DR_both_wrong,1.3684473476562473,0.05636408118122699,1.2579737485410425,1.4789209467714521,False
277,"(277,)",IPW_propensity_correct,0.8010150113730427,0.03785198963235104,0.7268251116936346,0.8752049110524507,True
277,"(277,)",IPW_propensity_wrong,1.318893328125001,0.07542473339665583,1.1710608506675557,1.4667258055824464,False
277,"(277,)",Direct_Q_correct,0.8078055364872694,0.006322045777504931,0.7954143267633598,0.820196746211179,True
277,"(277,)",Direct_Q_wrong,0.5946228124999989,0.010616033293700044,0.5738153872443469,0.615430237755651,False
278,"(278,)",DR_both_correct,0.8008683842530586,0.009345044021385513,0.782552097971143,0.8191846705349742,True
278,"(278,)",DR_propensity_correct_Q_wrong,0.8023411924339586,0.010030492952168898,0.7826814262477075,0.8220009586202097,True
278,"(278,)",DR_Q_correct_propensity_wrong,0.8259260543562899,0.05390907025993795,0.7202642766468115,0.9315878320657682,True
278,"(278,)",DR_both_wrong,1.492186000390626,0.055933633474239415,1.3825560787811166,1.6018159220001353,False
278,"(278,)",IPW_propensity_correct,0.8275042925323209,0.0382324527426048,0.7525686851568155,0.9024398999078264,True
278,"(278,)",IPW_propensity_wrong,1.466433256640628,0.07886158504236634,1.3118645499575898,1.621001963323666,False
278,"(278,)",Direct_Q_correct,0.7928311768331276,0.006395713720067679,0.780295577941795,0.8053667757244602,True
278,"(278,)",Direct_Q_wrong,0.5743643749999996,0.010579233420768311,0.5536290774952937,0.5950996725047055,False
279,"(279,)",DR_both_correct,0.7974585772981113,0.01006514347143354,0.7777308960941016,0.817186258502121,True
279,"(279,)",DR_propensity_correct_Q_wrong,0.7947070070286213,0.010740720899555271,0.773655194065493,0.8157588199917496,True
279,"(279,)",DR_Q_correct_propensity_wrong,0.7697953540200004,0.055924996659679704,0.6601823605670282,0.8794083474729727,True
279,"(279,)",DR_both_wrong,1.4192770578125005,0.05698762602369016,1.3075813108060677,1.5309728048189333,False
279,"(279,)",IPW_propensity_correct,0.779534728430731,0.037547679094306195,0.7059412774058909,0.8531281794555712,True
279,"(279,)",IPW_propensity_wrong,1.4093010433593764,0.08012667405737536,1.2522527622069208,1.566349324511832,False
279,"(279,)",Direct_Q_correct,0.8021198301089097,0.006344881335806558,0.7896838626907289,0.8145557975270906,True
279,"(279,)",Direct_Q_wrong,0.5856190624999982,0.0106056744364307,0.564831940604594,0.6064061843954024,False
280,"(280,)",DR_both_correct,0.8108872177524431,0.008832097384139273,0.7935763068795302,0.828198128625356,True
280,"(280,)",DR_propensity_correct_Q_wrong,0.8147604705839049,0.009612738737503141,0.7959195026583987,0.833601438509411,True
280,"(280,)",DR_Q_correct_propensity_wrong,0.9072553481829686,0.050883268816101695,0.8075241413034093,1.0069865550625279,False
280,"(280,)",DR_both_wrong,1.5451543433593757,0.055306435930518094,1.4367537289355603,1.6535549577831912,False
280,"(280,)",IPW_propensity_correct,0.7847398143760209,0.03794219235291912,0.7103731173642994,0.8591065113877424,True
280,"(280,)",IPW_propensity_wrong,1.4339933812500036,0.07776111861656082,1.2815815887615445,1.5864051737384628,False
280,"(280,)",Direct_Q_correct,0.8011308119506289,0.0063756872157003505,0.7886344650078562,0.8136271588934015,True
280,"(280,)",Direct_Q_wrong,0.5863693749999994,0.010606903419383766,0.5655798442980072,0.6071589057019916,False
281,"(281,)",DR_both_correct,0.8002405851580141,0.009283480409437113,0.7820449635555173,0.8184362067605109,True
281,"(281,)",DR_propensity_correct_Q_wrong,0.7965831230328321,0.009500353394457262,0.7779624303796958,0.8152038156859683,True
281,"(281,)",DR_Q_correct_propensity_wrong,0.8062130627066408,0.0549937372823266,0.6984253376332807,0.9140007877800009,True
281,"(281,)",DR_both_wrong,1.4800419808593739,0.05883895853438496,1.3647176221319794,1.5953663395867683,False
281,"(281,)",IPW_propensity_correct,0.7911570939959444,0.03786855305386619,0.7169347300103667,0.865379457981522,True
281,"(281,)",IPW_propensity_wrong,1.439485291406251,0.0797209441851091,1.2832322408034371,1.595738342009065,False
281,"(281,)",Direct_Q_correct,0.7908780766625821,0.0063724359767965396,0.778388102148061,0.8033680511771033,True
281,"(281,)",Direct_Q_wrong,0.5691121874999989,0.010561736082503643,0.5484111847782918,0.5898131902217061,False
282,"(282,)",DR_both_correct,0.8000222793819549,0.009433323169128618,0.7815329659704628,0.818511592793447,True
282,"(282,)",DR_propensity_correct_Q_wrong,0.7971642260298788,0.010157361865892302,0.7772557967727299,0.8170726552870277,True
282,"(282,)",DR_Q_correct_propensity_wrong,0.793511736523632,0.05381454175765131,0.6880352346786355,0.8989882383686286,True
282,"(282,)",DR_both_wrong,1.4269563363281268,0.053704221092387976,1.3216960629870464,1.5322166096692071,False
282,"(282,)",IPW_propensity_correct,0.7940854323935532,0.038443857329434276,0.718735472027862,0.8694353927592444,True
282,"(282,)",IPW_propensity_wrong,1.4180147414062523,0.0761860216840449,1.2686901389055243,1.5673393439069803,False
282,"(282,)",Direct_Q_correct,0.7959546722600822,0.0063713171023104245,0.7834668907395538,0.8084424537806106,True
282,"(282,)",Direct_Q_wrong,0.5781159374999982,0.010589717946568976,0.557360090324723,0.5988717846752735,False
283,"(283,)",DR_both_correct,0.7833332855044196,0.010210939733679734,0.7633198436264074,0.8033467273824318,True
283,"(283,)",DR_propensity_correct_Q_wrong,0.78442895214523,0.01066118119043301,0.7635330370119813,0.8053248672784787,True
283,"(283,)",DR_Q_correct_propensity_wrong,0.6661644894113672,0.06290174928194227,0.5428770608187603,0.7894519180039741,False
283,"(283,)",DR_both_wrong,1.3820877417968764,0.061925297002671305,1.2607141596716407,1.5034613239221122,False
283,"(283,)",IPW_propensity_correct,0.7365370300103693,0.0375984312385423,0.6628441047828264,0.8102299552379122,True
283,"(283,)",IPW_propensity_wrong,1.308735478125002,0.07857514156954691,1.15472820064869,1.462742755601314,False
283,"(283,)",Direct_Q_correct,0.7867875793324244,0.0062953047756375575,0.7744487819721748,0.799126376692674,True
283,"(283,)",Direct_Q_wrong,0.5586078124999997,0.01051681024351841,0.5379948644227036,0.5792207605772958,False
284,"(284,)",DR_both_correct,0.8151875933943904,0.009473464630284081,0.7966196027190336,0.8337555840697471,True
284,"(284,)",DR_propensity_correct_Q_wrong,0.8122500720148449,0.010079253108482192,0.7924947359222198,0.83200540810747,True
284,"(284,)",DR_Q_correct_propensity_wrong,0.8881819239866808,0.05576820763985778,0.7788762370125596,0.9974876109608021,True
284,"(284,)",DR_both_wrong,1.4991585156250005,0.0584005533083251,1.3846934311406833,1.6136236001093176,False
284,"(284,)",IPW_propensity_correct,0.8290525608392467,0.03830675269886351,0.7539713255494742,0.9041337961290192,True
284,"(284,)",IPW_propensity_wrong,1.4460159035156275,0.07709056270297035,1.2949184006178056,1.5971134064134493,False
284,"(284,)",Direct_Q_correct,0.8048981019035978,0.006422779432377599,0.7923094542161377,0.8174867495910578,True
284,"(284,)",Direct_Q_wrong,0.5953731249999994,0.010616464693406127,0.5745648542009234,0.6161813957990754,False
285,"(285,)",DR_both_correct,0.8090556868868358,0.009304345530999,0.7908191696460778,0.8272922041275939,True
285,"(285,)",DR_propensity_correct_Q_wrong,0.8027946854273891,0.009975001686690188,0.7832436821214763,0.8223456887333018,True
285,"(285,)",DR_Q_correct_propensity_wrong,0.8206847084731639,0.05549634471291419,0.7119118728358521,0.9294575441104757,True
285,"(285,)",DR_both_wrong,1.4195287097656237,0.055882403691043935,1.3099991985311776,1.5290582210000698,False
285,"(285,)",IPW_propensity_correct,0.8959639365502962,0.039311363191487154,0.8189136646949813,0.973014208405611,False
285,"(285,)",IPW_propensity_wrong,1.4813560664062502,0.07803047270626272,1.3284163399019753,1.634295792910525,False
285,"(285,)",Direct_Q_correct,0.8012080401260182,0.006426020982603811,0.7886130390001147,0.8138030412519217,True
285,"(285,)",Direct_Q_wrong,0.5901209374999985,0.01061205031447882,0.56932131888362,0.610920556116377,False
286,"(286,)",DR_both_correct,0.7918010605463703,0.010371779000449374,0.7714723737054896,0.8121297473872511,True
286,"(286,)",DR_propensity_correct_Q_wrong,0.7890265733037117,0.011330862284356515,0.766818083226373,0.8112350633810504,True
286,"(286,)",DR_Q_correct_propensity_wrong,0.8081622297295706,0.0560781807304007,0.6982489954979852,0.918075463961156,True
286,"(286,)",DR_both_wrong,1.4258710031249984,0.05780324520965013,1.3125766425140841,1.5391653637359126,False
286,"(286,)",IPW_propensity_correct,0.832631622865807,0.03944542635181228,0.755318587216255,0.9099446585153591,True
286,"(286,)",IPW_propensity_wrong,1.4089480816406246,0.07578672549134455,1.2604060996775892,1.55749006360366,False
286,"(286,)",Direct_Q_correct,0.7959088719744569,0.006451458820587871,0.7832640126861047,0.8085537312628092,True
286,"(286,)",Direct_Q_wrong,0.5826178124999993,0.010600092397204528,0.5618416314014785,0.6033939935985202,False
287,"(287,)",DR_both_correct,0.8082381541395691,0.009534016449670798,0.7895514818982143,0.8269248263809239,True
287,"(287,)",DR_propensity_correct_Q_wrong,0.8028026405876232,0.010040877363600403,0.7831225209549664,0.82248276022028,True
287,"(287,)",DR_Q_correct_propensity_wrong,0.745802132526367,0.05535590797413615,0.6373045528970601,0.8542997121556738,True
287,"(287,)",DR_both_wrong,1.327418087109376,0.053454769458848424,1.222646738970033,1.4321894352487188,False
287,"(287,)",IPW_propensity_correct,0.8947805819744018,0.040172249521638836,0.8160429729119897,0.9735181910368139,False
287,"(287,)",IPW_propensity_wrong,1.2866080429687512,0.07055091128647875,1.1483282568472528,1.4248878290902496,False
287,"(287,)",Direct_Q_correct,0.8073910645032845,0.00637670817599193,0.7948927164783403,0.8198894125282287,True
287,"(287,)",Direct_Q_wrong,0.5983743749999991,0.010617526525698752,0.5775640230096296,0.6191847269903686,False
288,"(288,)",DR_both_correct,0.7996653370495898,0.009740393586376747,0.7805741656202914,0.8187565084788881,True
288,"(288,)",DR_propensity_correct_Q_wrong,0.802335693069085,0.010406455029579095,0.78193904121111,0.82273234492706,True
288,"(288,)",DR_Q_correct_propensity_wrong,0.7609730942253903,0.05658739632398537,0.650061797430379,0.8718843910204016,True
288,"(288,)",DR_both_wrong,1.4136081550781248,0.05704540379488784,1.3017991636401447,1.5254171465161048,False
288,"(288,)",IPW_propensity_correct,0.8023722953350325,0.0380883107336084,0.72771920629716,0.877025384372905,True
288,"(288,)",IPW_propensity_wrong,1.3831272843750029,0.07728026402899067,1.231657966878181,1.5345966018718247,False
288,"(288,)",Direct_Q_correct,0.7945125291700035,0.006442462245646711,0.7818853031685359,0.8071397551714711,True
288,"(288,)",Direct_Q_wrong,0.580366874999999,0.010595205700446485,0.5596002718271238,0.6011334781728741,False
289,"(289,)",DR_both_correct,0.786271782641339,0.009956843641519678,0.7667563691039605,0.8057871961787175,True
289,"(289,)",DR_propensity_correct_Q_wrong,0.7873841190822847,0.010497321333636869,0.7668093692683564,0.8079588688962129,True
289,"(289,)",DR_Q_correct_propensity_wrong,0.7493461401421873,0.058039221366714175,0.6355892662634275,0.863103014020947,True
289,"(289,)",DR_both_wrong,1.3956430812499985,0.05894518618848909,1.28011051632056,1.511175646179437,False
289,"(289,)",IPW_propensity_correct,0.7819296855526823,0.03800783231469083,0.7074343342158882,0.8564250368894764,True
289,"(289,)",IPW_propensity_wrong,1.3967012191406274,0.08173055536335572,1.2365093306284503,1.5568931076528045,False
289,"(289,)",Direct_Q_correct,0.7953937651673476,0.006466961833871336,0.7827185199729598,0.8080690103617354,True
289,"(289,)",Direct_Q_wrong,0.5833681249999977,0.010601587874476261,0.5625890127660242,0.6041472372339711,False
290,"(290,)",DR_both_correct,0.7971362289394825,0.010139228421326144,0.7772633412336833,0.8170091166452818,True
290,"(290,)",DR_propensity_correct_Q_wrong,0.7989528814725054,0.010881755708503735,0.7776246402838382,0.8202811226611727,True
290,"(290,)",DR_Q_correct_propensity_wrong,0.7562177145553113,0.054950376859256786,0.648514975911168,0.8639204531994545,True
290,"(290,)",DR_both_wrong,1.3657903812500012,0.05448786498868438,1.2589941658721797,1.4725865966278227,False
290,"(290,)",IPW_propensity_correct,0.7340703047048674,0.034883933310051886,0.6656977954171658,0.8024428139925691,True
290,"(290,)",IPW_propensity_wrong,1.2560586550781279,0.0713611859765046,1.116190730564179,1.3959265795920768,False
290,"(290,)",Direct_Q_correct,0.7964295966210974,0.006412171395427066,0.7838617406860603,0.8089974525561344,True
290,"(290,)",Direct_Q_wrong,0.5811171874999987,0.010596901340323003,0.5603472608729656,0.6018871141270319,False
291,"(291,)",DR_both_correct,0.7917821369761701,0.010039469177515685,0.7721047773882393,0.8114594965641008,True
291,"(291,)",DR_propensity_correct_Q_wrong,0.7930275261377622,0.010679126228785278,0.7720964387293431,0.8139586135461813,True
291,"(291,)",DR_Q_correct_propensity_wrong,0.8228018299091019,0.05475426808833222,0.7154834644559708,0.930120195362233,True
291,"(291,)",DR_both_wrong,1.458610663671874,0.05714626388304466,1.3466039864611066,1.5706173408826416,False
291,"(291,)",IPW_propensity_correct,0.7630330705670397,0.03681392338638072,0.6908777807297335,0.835188360404346,True
291,"(291,)",IPW_propensity_wrong,1.3948598835937522,0.0796830158946618,1.2386811724402151,1.5510385947472893,False
291,"(291,)",Direct_Q_correct,0.7941962108864096,0.00639375997899143,0.7816644413275864,0.8067279804452328,True
291,"(291,)",Direct_Q_wrong,0.576615312499999,0.010585725065954014,0.5558672913707291,0.5973633336292689,False
292,"(292,)",DR_both_correct,0.8016152510289491,0.009395822355222109,0.7831994392127138,0.8200310628451845,True
292,"(292,)",DR_propensity_correct_Q_wrong,0.8012583118783279,0.010354739624988231,0.7809630222133509,0.8215536015433048,True
292,"(292,)",DR_Q_correct_propensity_wrong,0.7917221559898822,0.05441083830227077,0.6850769129174314,0.8983673990623329,True
292,"(292,)",DR_both_wrong,1.4165367042968748,0.0553696332704098,1.3080122230868716,1.525061185506878,False
292,"(292,)",IPW_propensity_correct,0.7918271395374501,0.03741658726001258,0.7184906285078254,0.8651636505670748,True
292,"(292,)",IPW_propensity_wrong,1.3384725984375012,0.07894830315015125,1.1837339242632048,1.4932112726117976,False
292,"(292,)",Direct_Q_correct,0.7978783705605506,0.006371234170835207,0.7853907515857136,0.8103659895353875,True
292,"(292,)",Direct_Q_wrong,0.581117187499999,0.010596901340323,0.5603472608729659,0.601887114127032,False
293,"(293,)",DR_both_correct,0.8013885139813547,0.009625844295112802,0.7825218591629336,0.8202551687997758,True
293,"(293,)",DR_propensity_correct_Q_wrong,0.8032178928100635,0.010202365288978096,0.7832212568436664,0.8232145287764606,True
293,"(293,)",DR_Q_correct_propensity_wrong,0.795819127270507,0.057485051567887614,0.6831484261974472,0.9084898283435667,True
293,"(293,)",DR_both_wrong,1.4368816773437494,0.05901477043269727,1.3212127272956629,1.552550627391836,False
293,"(293,)",IPW_propensity_correct,0.8050963650690574,0.03872011778899249,0.7292049342026321,0.8809877959354826,True
293,"(293,)",IPW_propensity_wrong,1.4283702515625012,0.07985454746167175,1.2718553385376246,1.5848851645873778,False
293,"(293,)",Direct_Q_correct,0.7957835592495346,0.006433384242835676,0.7831741261335766,0.8083929923654926,True
293,"(293,)",Direct_Q_wrong,0.5818674999999986,0.010598530228984892,0.5610943807511882,0.6026406192488091,False
294,"(294,)",DR_both_correct,0.8120970534796883,0.00936125355707423,0.7937489965078228,0.8304451104515538,True
294,"(294,)",DR_propensity_correct_Q_wrong,0.8072809342102684,0.009865646041425691,0.787944267969074,0.8266176004514627,True
294,"(294,)",DR_Q_correct_propensity_wrong,0.8460421434073038,0.048933759753960665,0.7501319742895409,0.9419523125250666,True
294,"(294,)",DR_both_wrong,1.4722002749999987,0.0528673127107395,1.3685803420869493,1.575820207913048,False
294,"(294,)",IPW_propensity_correct,0.755511225608101,0.03795277917357164,0.6811237784279006,0.8298986727883014,True
294,"(294,)",IPW_propensity_wrong,1.302482893359377,0.0718895378174288,1.1615793992372165,1.4433863874815376,False
294,"(294,)",Direct_Q_correct,0.8036837718243008,0.006395210952927131,0.7911491583565636,0.816218385292038,True
294,"(294,)",Direct_Q_wrong,0.5916215624999989,0.010613643685530263,0.5708188208763596,0.6124243041236381,False
295,"(295,)",DR_both_correct,0.7942540853758845,0.009705048960195924,0.7752321894139005,0.8132759813378685,True
295,"(295,)",DR_propensity_correct_Q_wrong,0.7957982544896154,0.010361774426928073,0.7754891766128363,0.8161073323663944,True
295,"(295,)",DR_Q_correct_propensity_wrong,0.7654778752504298,0.056961365474929374,0.6538335989195682,0.8771221515812914,True
295,"(295,)",DR_both_wrong,1.4182375492187478,0.057397535643406,1.305738379357672,1.5307367190798236,False
295,"(295,)",IPW_propensity_correct,0.7237731884222677,0.0363949228136859,0.6524391397074433,0.7951072371370921,False
295,"(295,)",IPW_propensity_wrong,1.2732399738281273,0.07511075008301715,1.1260229036654137,1.4204570439908408,False
295,"(295,)",Direct_Q_correct,0.7914450981162534,0.0064304181209997036,0.778841478599094,0.8040487176334128,True
295,"(295,)",Direct_Q_wrong,0.5751146874999996,0.010581464332579654,0.5543750174081434,0.5958543575918558,False
296,"(296,)",DR_both_correct,0.7995071749744815,0.009893542602323292,0.7801158314739279,0.8188985184750351,True
296,"(296,)",DR_propensity_correct_Q_wrong,0.8010690784588883,0.010619831340352756,0.7802542090317969,0.8218839478859797,True
296,"(296,)",DR_Q_correct_propensity_wrong,0.8030566682420698,0.056630381211777076,0.6920611210669867,0.9140522154171529,True
296,"(296,)",DR_both_wrong,1.4307228027343744,0.05743740650822453,1.3181454859782542,1.5433001194904945,False
296,"(296,)",IPW_propensity_correct,0.8102027287667604,0.039020934445847574,0.7337216972528992,0.8866837602806216,True
296,"(296,)",IPW_propensity_wrong,1.3899215683593777,0.07942422774876212,1.234250081971804,1.5455930547469514,False
296,"(296,)",Direct_Q_correct,0.805559385575238,0.006424493741977697,0.7929673778409617,0.8181513933095143,True
296,"(296,)",Direct_Q_wrong,0.5976240624999981,0.01061736062140309,0.576814035682048,0.6184340893179482,False
297,"(297,)",DR_both_correct,0.7813913104140812,0.009865038831605152,0.762055834304135,0.8007267865240273,True
297,"(297,)",DR_propensity_correct_Q_wrong,0.7787828768584746,0.010167741821488864,0.7588541028883564,0.7987116508285927,False
297,"(297,)",DR_Q_correct_propensity_wrong,0.7588185667863265,0.05653199343413226,0.6480158596554273,0.8696212739172258,True
297,"(297,)",DR_both_wrong,1.4355775214843718,0.057695068419147844,1.322495187382842,1.5486598555859015,False
297,"(297,)",IPW_propensity_correct,0.7758823615102121,0.037637915365517444,0.7021120473937978,0.8496526756266263,True
297,"(297,)",IPW_propensity_wrong,1.3620066539062536,0.07658813552833045,1.211893908270726,1.5121193995417812,False
297,"(297,)",Direct_Q_correct,0.7888155456942216,0.006350883043818656,0.7763678149283371,0.8012632764601062,True
297,"(297,)",Direct_Q_wrong,0.5653606249999998,0.010547216298329793,0.5446880810552734,0.5860331689447262,False
298,"(298,)",DR_both_correct,0.7855986380736547,0.010180417511581451,0.7656450197509551,0.8055522563963543,True
298,"(298,)",DR_propensity_correct_Q_wrong,0.7835931032870006,0.011234491121154606,0.7615735006895376,0.8056127058844637,True
298,"(298,)",DR_Q_correct_propensity_wrong,0.7591429816833586,0.05928647845766811,0.6429414839063291,0.8753444794603881,True
298,"(298,)",DR_both_wrong,1.4163551593750006,0.05960119560210589,1.299536815994873,1.533173502755128,False
298,"(298,)",IPW_propensity_correct,0.7584447424278571,0.03714443979856631,0.6856416404226671,0.8312478444330471,True
298,"(298,)",IPW_propensity_wrong,1.355969651953127,0.0771246367643429,1.204805363895015,1.5071339400112391,False
298,"(298,)",Direct_Q_correct,0.7935032410807843,0.006320634144453127,0.7811147981576562,0.8058916840039124,True
298,"(298,)",Direct_Q_wrong,0.5706128124999993,0.010567071674042392,0.5499013520188762,0.5913242729811223,False
299,"(299,)",DR_both_correct,0.7840478653901379,0.01039461914659696,0.7636744118628079,0.8044213189174679,True
299,"(299,)",DR_propensity_correct_Q_wrong,0.7798805437450745,0.010795502286507837,0.7587213592635191,0.8010397282266299,True
299,"(299,)",DR_Q_correct_propensity_wrong,0.7339713473849199,0.061052518721085074,0.6143084106915931,0.8536342840782466,True
299,"(299,)",DR_both_wrong,1.4086987242187492,0.06000814795749139,1.291082754222066,1.5263146942154324,False
299,"(299,)",IPW_propensity_correct,0.8919253126171439,0.039477818467572964,0.8145487884207009,0.969301836813587,False
299,"(299,)",IPW_propensity_wrong,1.4945494617187507,0.08217768888883802,1.3334811914966282,1.6556177319408731,False
299,"(299,)",Direct_Q_correct,0.789969165152269,0.006349098665048912,0.7775249317687731,0.8024133985357649,True
299,"(299,)",Direct_Q_wrong,0.5668612499999995,0.0105532269078056,0.5461769252607006,0.5875455747392985,False
300,"(300,)",DR_both_correct,0.7969538969832244,0.009825536506276935,0.7776958454309216,0.8162119485355271,True
300,"(300,)",DR_propensity_correct_Q_wrong,0.7992075479250628,0.010449143989050478,0.7787272257065239,0.8196878701436017,True
300,"(300,)",DR_Q_correct_propensity_wrong,0.8645049325921864,0.05438471758693831,0.7579108861217874,0.9710989790625855,True
300,"(300,)",DR_both_wrong,1.499147015234376,0.057021583942457946,1.3873847107071584,1.6109093197615936,False
300,"(300,)",IPW_propensity_correct,0.7436169297674654,0.03726373130951492,0.6705800164008162,0.8166538431341146,True
300,"(300,)",IPW_propensity_wrong,1.4204835820312514,0.07714889932449336,1.2692717393552444,1.5716954247072583,False
300,"(300,)",Direct_Q_correct,0.7951411551161758,0.006468104719276021,0.7824636698663948,0.8078186403659567,True
300,"(300,)",Direct_Q_wrong,0.5833681249999992,0.010601587874476332,0.5625890127660256,0.6041472372339729,False
301,"(301,)",DR_both_correct,0.8037295337673568,0.00946820616243858,0.7851718496889771,0.8222872178457364,True
301,"(301,)",DR_propensity_correct_Q_wrong,0.8080356463079464,0.01002918926337076,0.7883784353517398,0.8276928572641531,True
301,"(301,)",DR_Q_correct_propensity_wrong,0.835420027883906,0.054486212756968216,0.7286270508802484,0.9422130048875637,True
301,"(301,)",DR_both_wrong,1.4845673093750011,0.057288326667184024,1.3722821891073205,1.5968524296426818,False
301,"(301,)",IPW_propensity_correct,0.8133331125042861,0.037946246513351156,0.7389584693381178,0.8877077556704543,True
301,"(301,)",IPW_propensity_wrong,1.4639422195312521,0.0817776928468754,1.3036579415513763,1.624226497511128,False
301,"(301,)",Direct_Q_correct,0.7962808772484398,0.006406809232663646,0.783723531152419,0.8088382233444605,True
301,"(301,)",Direct_Q_wrong,0.581117187499999,0.010596901340322998,0.5603472608729659,0.601887114127032,False
302,"(302,)",DR_both_correct,0.7996254037185936,0.009802967867553298,0.7804115866981891,0.8188392207389981,True
302,"(302,)",DR_propensity_correct_Q_wrong,0.8008446891894682,0.010518960981238737,0.7802275256662402,0.8214618527126961,True
302,"(302,)",DR_Q_correct_propensity_wrong,0.7699137989967575,0.054247103066922174,0.66358947698559,0.876238121007925,True
302,"(302,)",DR_both_wrong,1.3556066730468772,0.05317560621995794,1.2513824848557595,1.4598308612379949,False
302,"(302,)",IPW_propensity_correct,0.8084984550974867,0.03784014997083945,0.7343317611546414,0.8826651490403321,True
302,"(302,)",IPW_propensity_wrong,1.2770430667968782,0.07398831021052657,1.1320259787842462,1.4220601548095102,False
302,"(302,)",Direct_Q_correct,0.7967528039982854,0.00643042006478005,0.7841491806713166,0.8093564273252543,True
302,"(302,)",Direct_Q_wrong,0.5826178124999991,0.01060009239720453,0.5618416314014782,0.60339399359852,False
303,"(303,)",DR_both_correct,0.8181695476180587,0.009702480994454558,0.7991526848689278,0.8371864103671897,False
303,"(303,)",DR_propensity_correct_Q_wrong,0.8113732021135904,0.01024343216450528,0.7912960750711601,0.8314503291560208,True
303,"(303,)",DR_Q_correct_propensity_wrong,0.8310116093384753,0.05102777805974345,0.7309971643413782,0.9310260543355724,True
303,"(303,)",DR_both_wrong,1.4095784105468754,0.05273240285078308,1.3062229009593405,1.5129339201344103,False
303,"(303,)",IPW_propensity_correct,0.8534082196897604,0.039478735344801376,0.7760298984139498,0.9307865409655711,True
303,"(303,)",IPW_propensity_wrong,1.4014938445312501,0.0757461997285438,1.2530312930633043,1.549956395999196,False
303,"(303,)",Direct_Q_correct,0.8133009920725824,0.006379604396501387,0.8007969674554397,0.8258050166897252,False
303,"(303,)",Direct_Q_wrong,0.6081284374999987,0.010613643685530335,0.5873256958763592,0.6289311791236382,False
304,"(304,)",DR_both_correct,0.7874919117765554,0.01018490434217387,0.7675294992658946,0.8074543242872162,True
304,"(304,)",DR_propensity_correct_Q_wrong,0.7904233051893448,0.010691959072905348,0.7694670654064503,0.8113795449722393,True
304,"(304,)",DR_Q_correct_propensity_wrong,0.6732060179127735,0.061033586476023347,0.5535801884197677,0.7928318474057792,False
304,"(304,)",DR_both_wrong,1.315932262890623,0.05799010676336584,1.2022716536344258,1.42959287214682,False
304,"(304,)",IPW_propensity_correct,0.7785777161783872,0.03886498966706767,0.7024023364309346,0.8547530959258398,True
304,"(304,)",IPW_propensity_wrong,1.2563457562500016,0.07466696994540756,1.1099984951570028,1.4026930173430003,False
304,"(304,)",Direct_Q_correct,0.8007403822414098,0.006413272453881426,0.7881703682318022,0.8133103962510173,True
304,"(304,)",Direct_Q_wrong,0.5886203124999994,0.010610191079159045,0.5678243379848477,0.609416287015151,False
305,"(305,)",DR_both_correct,0.8088659778299508,0.010078095188661053,0.7891129112601751,0.8286190443997266,True
305,"(305,)",DR_propensity_correct_Q_wrong,0.8016400431617804,0.010410209012966949,0.7812360334963652,0.8220440528271956,True
305,"(305,)",DR_Q_correct_propensity_wrong,0.7788344596576173,0.05344547194232328,0.6740813346506637,0.883587584664571,True
305,"(305,)",DR_both_wrong,1.3634148558593744,0.054031125647671555,1.257513849589938,1.4693158621288107,False
305,"(305,)",IPW_propensity_correct,0.7647286655607766,0.03681024743248343,0.692580580593109,0.8368767505284441,True
305,"(305,)",IPW_propensity_wrong,1.220631072656252,0.07163708058680937,1.0802223947061056,1.3610397506063983,False
305,"(305,)",Direct_Q_correct,0.8066724452043786,0.006417586051216743,0.7940939765439938,0.8192509138647635,True
305,"(305,)",Direct_Q_wrong,0.5991246874999987,0.010617626067031866,0.5783141404086163,0.6199352345913811,False
306,"(306,)",DR_both_correct,0.8040268480928815,0.009469825723055249,0.7854659896756933,0.8225877065100697,True
306,"(306,)",DR_propensity_correct_Q_wrong,0.8100830046245134,0.010009567995615002,0.790464251353108,0.8297017578959188,True
306,"(306,)",DR_Q_correct_propensity_wrong,0.7873463819071871,0.054292463945440794,0.6809331525741231,0.893759611240251,True
306,"(306,)",DR_both_wrong,1.4079928367187495,0.05687921232226759,1.296509580567105,1.519476092870394,False
306,"(306,)",IPW_propensity_correct,0.8148183703958723,0.03812386330990887,0.740095598308451,0.8895411424832937,True
306,"(306,)",IPW_propensity_wrong,1.373539796484377,0.07680653653594027,1.222998984873934,1.52408060809482,False
306,"(306,)",Direct_Q_correct,0.8098576642624264,0.006471754538365231,0.7971730253672306,0.8225423031576223,True
306,"(306,)",Direct_Q_wrong,0.6081284374999979,0.010613643685530241,0.5873256958763586,0.6289311791236372,False
307,"(307,)",DR_both_correct,0.7851803742395912,0.009809806825755737,0.76595315286111,0.8044075956180724,True
307,"(307,)",DR_propensity_correct_Q_wrong,0.7862559149791032,0.010501138908641737,0.7656736827181654,0.806838147240041,True
307,"(307,)",DR_Q_correct_propensity_wrong,0.7763174753071472,0.05914964205483193,0.6603841768796767,0.8922507737346178,True
307,"(307,)",DR_both_wrong,1.441061263281249,0.06021596038502128,1.3230379809266073,1.5590845456358906,False
307,"(307,)",IPW_propensity_correct,0.8191134028525056,0.03933285332836309,0.7420210103289139,0.8962057953760972,True
307,"(307,)",IPW_propensity_wrong,1.3731753234375,0.07684020913750073,1.2225685135279984,1.5237821333470014,False
307,"(307,)",Direct_Q_correct,0.7913213148896125,0.00634406379116003,0.7788869498589389,0.8037556799202862,True
307,"(307,)",Direct_Q_wrong,0.5683618749999991,0.010558967182310712,0.5476662993226701,0.5890574506773282,False
308,"(308,)",DR_both_correct,0.8071510287831888,0.009661266411124022,0.7882149466173857,0.8260871109489919,True
308,"(308,)",DR_propensity_correct_Q_wrong,0.8112879773571333,0.010117312210331278,0.791458045424884,0.8311179092893827,True
308,"(308,)",DR_Q_correct_propensity_wrong,0.782946213867071,0.05467624803003986,0.6757807677281928,0.8901116600059491,True
308,"(308,)",DR_both_wrong,1.3920206070312489,0.05379731746952949,1.2865778647909711,1.4974633492715266,False
308,"(308,)",IPW_propensity_correct,0.7662411542389873,0.03660515072958477,0.6944950588090012,0.8379872496689734,True
308,"(308,)",IPW_propensity_wrong,1.3517629605468773,0.07580794899121504,1.2031793805240958,1.5003465405696588,False
308,"(308,)",Direct_Q_correct,0.8119857689259411,0.006377967394878997,0.7994849528319783,0.8244865850199039,False
308,"(308,)",Direct_Q_wrong,0.605877499999999,0.010615535503023774,0.5850710504140724,0.6266839495859255,False
309,"(309,)",DR_both_correct,0.7901030442652851,0.009804719353803797,0.7708857943318297,0.8093202941987405,True
309,"(309,)",DR_propensity_correct_Q_wrong,0.7925631608611485,0.00999076208099111,0.772981267182406,0.812145054539891,True
309,"(309,)",DR_Q_correct_propensity_wrong,0.8384301332990242,0.05724208243546661,0.7262356517255096,0.9506246148725387,True
309,"(309,)",DR_both_wrong,1.5340142511718753,0.06017959370084102,1.416062247518227,1.6519662548255236,False
309,"(309,)",IPW_propensity_correct,0.7575844215374353,0.03780803267838758,0.6834806774877957,0.8316881655870749,True
309,"(309,)",IPW_propensity_wrong,1.4347416222656293,0.08024333025474804,1.277464694966323,1.5920185495649355,False
309,"(309,)",Direct_Q_correct,0.7900665441200041,0.006431127655398024,0.7774615339154239,0.8026715543245843,True
309,"(309,)",Direct_Q_wrong,0.5728637499999985,0.010574570294777718,0.5521375922222341,0.5935899077777628,False
310,"(310,)",DR_both_correct,0.8006706308713822,0.00972755546715301,0.7816046221557623,0.8197366395870022,True
310,"(310,)",DR_propensity_correct_Q_wrong,0.8046861031873498,0.01043827066575431,0.7842270926824714,0.8251451136922282,True
310,"(310,)",DR_Q_correct_propensity_wrong,0.8144453906411322,0.054806341450262815,0.707024961398617,0.9218658198836474,True
310,"(310,)",DR_both_wrong,1.4394703035156258,0.05656872534811484,1.3285956018333207,1.5503450051979308,False
310,"(310,)",IPW_propensity_correct,0.818916512562836,0.038299041731191634,0.7438503907697005,0.8939826343559716,True
310,"(310,)",IPW_propensity_wrong,1.3507954312500023,0.07328092093378373,1.2071648262197863,1.4944260362802184,False
310,"(310,)",Direct_Q_correct,0.8053582350675816,0.0064685691857012005,0.7926798394636073,0.818036630671556,True
310,"(310,)",Direct_Q_wrong,0.5998749999999988,0.010617659247268903,0.5790643878753517,0.6206856121246459,False
311,"(311,)",DR_both_correct,0.8000582365909181,0.009626853009092,0.7811896046930978,0.8189268684887384,True
311,"(311,)",DR_propensity_correct_Q_wrong,0.8025182643514748,0.010202992672056805,0.7825203987142434,0.8225161299887062,True
311,"(311,)",DR_Q_correct_propensity_wrong,0.8477511814657019,0.054655982982245006,0.7406254548205017,0.9548769081109022,True
311,"(311,)",DR_both_wrong,1.463511972265624,0.05727586415299482,1.3512512785257542,1.5757726660054938,False
311,"(311,)",IPW_propensity_correct,0.8171925239859371,0.03888926254487402,0.7409695693979841,0.8934154785738901,True
311,"(311,)",IPW_propensity_wrong,1.4808479835937527,0.08521533407241894,1.3138259288118115,1.647870038375694,False
311,"(311,)",Direct_Q_correct,0.7968738478579723,0.006438065888681894,0.7842552387161558,0.8094924569997889,True
311,"(311,)",Direct_Q_wrong,0.5833681249999981,0.010601587874476258,0.5625890127660247,0.6041472372339716,False
312,"(312,)",DR_both_correct,0.785720007021399,0.010492849847167135,0.7651540213209514,0.8062859927218465,True
312,"(312,)",DR_propensity_correct_Q_wrong,0.7830358622210505,0.011643566284468419,0.7602144723034924,0.8058572521386086,True
312,"(312,)",DR_Q_correct_propensity_wrong,0.7419365742188673,0.05572285741368127,0.632719773688052,0.8511533747496826,True
312,"(312,)",DR_both_wrong,1.342356874999999,0.05593185215893051,1.2327304447684952,1.4519833052315028,False
312,"(312,)",IPW_propensity_correct,0.72271952710937,0.03662034737809733,0.6509436462482993,0.7944954079704408,False
312,"(312,)",IPW_propensity_wrong,1.2443314734375017,0.0750375373716315,1.097257900189104,1.3914050466858994,False
312,"(312,)",Direct_Q_correct,0.802611013779848,0.006463861640538668,0.7899418449643922,0.8152801825953038,True
312,"(312,)",Direct_Q_wrong,0.594622812499999,0.010616033293700044,0.573815387244347,0.6154302377556511,False
313,"(313,)",DR_both_correct,0.8068342387938335,0.00948887733094387,0.7882360392251836,0.8254324383624835,True
313,"(313,)",DR_propensity_correct_Q_wrong,0.803799158861392,0.009862878462856488,0.7844679170741933,0.8231304006485907,True
313,"(313,)",DR_Q_correct_propensity_wrong,0.813359269011561,0.05523415193232568,0.7051003312242027,0.9216182067989193,True
313,"(313,)",DR_both_wrong,1.4436087628906251,0.055811058717843996,1.3342190878036508,1.5529984379775994,False
313,"(313,)",IPW_propensity_correct,0.8526794115601788,0.03944053185431017,0.7753759691257308,0.9299828539946268,True
313,"(313,)",IPW_propensity_wrong,1.3887180375000017,0.07591924701259985,1.239916313355306,1.5375197616446974,False
313,"(313,)",Direct_Q_correct,0.7965674162791442,0.006376140209248088,0.784070181469018,0.8090646510892704,True
313,"(313,)",Direct_Q_wrong,0.5788662499999989,0.01059161403755101,0.5581066864863989,0.5996258135135989,False
314,"(314,)",DR_both_correct,0.7991932436075578,0.009801121407414527,0.7799830456490253,0.8184034415660904,True
314,"(314,)",DR_propensity_correct_Q_wrong,0.8038931181017385,0.010355265701174796,0.7835967973274358,0.8241894388760411,True
314,"(314,)",DR_Q_correct_propensity_wrong,0.7252373550165616,0.057130921577986334,0.6132607487237084,0.8372139613094148,True
314,"(314,)",DR_both_wrong,1.3410917214843747,0.05538830075040135,1.2325306520135881,1.4496527909551613,False
314,"(314,)",IPW_propensity_correct,0.7851245795391593,0.03711765479927855,0.7123739761325734,0.8578751829457452,True
314,"(314,)",IPW_propensity_wrong,1.2928209257812528,0.07745922713829291,1.1410008405901988,1.444641010972307,False
314,"(314,)",Direct_Q_correct,0.8022940598692224,0.006419117161631898,0.7897125902324239,0.8148755295060209,True
314,"(314,)",Direct_Q_wrong,0.591621562499999,0.01061364368553023,0.5708188208763597,0.6124243041236382,False
315,"(315,)",DR_both_correct,0.8133744627929437,0.009731881653096179,0.7942999747528752,0.8324489508330122,True
315,"(315,)",DR_propensity_correct_Q_wrong,0.8136761885559436,0.010162385315844806,0.7937579133368877,0.8335944637749995,True
315,"(315,)",DR_Q_correct_propensity_wrong,0.8104542316797267,0.05324602381157618,0.7060920250090374,0.914816438350416,True
315,"(315,)",DR_both_wrong,1.4262556574218763,0.05439700973663871,1.3196375183380644,1.5328737965056882,False
315,"(315,)",IPW_propensity_correct,0.7709521053327656,0.0392932499434675,0.6939373354435693,0.8479668752219619,True
315,"(315,)",IPW_propensity_wrong,1.2310553906250024,0.07165957541149248,1.090602622818477,1.3715081584315276,False
315,"(315,)",Direct_Q_correct,0.8121608925575038,0.0063871043804403,0.7996421679718408,0.8246796171431667,False
315,"(315,)",Direct_Q_wrong,0.606627812499999,0.010614971312037015,0.5858224687284064,0.6274331562715916,False
316,"(316,)",DR_both_correct,0.8148960556405445,0.009350663538987008,0.7965687551041299,0.833223356176959,True
316,"(316,)",DR_propensity_correct_Q_wrong,0.8115711398478354,0.010253621162537772,0.7914740423692613,0.8316682373264094,True
316,"(316,)",DR_Q_correct_propensity_wrong,0.8122229948941007,0.05300963210427741,0.7083241159697169,0.9161218738184844,True
316,"(316,)",DR_both_wrong,1.4262369847656229,0.0531819723202828,1.3220003190178686,1.5304736505133771,False
316,"(316,)",IPW_propensity_correct,0.7482937748316221,0.03695902141229538,0.6758540928635232,0.820733456799721,True
316,"(316,)",IPW_propensity_wrong,1.2440136984375032,0.06899931897821095,1.1087750332402098,1.3792523636347966,False
316,"(316,)",Direct_Q_correct,0.7993687173387534,0.0063860938639266635,0.7868519733654571,0.8118854613120496,True
316,"(316,)",Direct_Q_wrong,0.5841184374999998,0.010603016689018911,0.5633365247895228,0.6049003502104768,False
317,"(317,)",DR_both_correct,0.8122541311666218,0.009123967554553983,0.794371154759696,0.8301371075735476,True
317,"(317,)",DR_propensity_correct_Q_wrong,0.8110705016690551,0.009707379284997156,0.7920440382704608,0.8300969650676495,True
317,"(317,)",DR_Q_correct_propensity_wrong,0.8324660141791403,0.05229319912868256,0.7299713438869225,0.9349606844713582,True
317,"(317,)",DR_both_wrong,1.4312246656249983,0.05400759872219691,1.3253697721294924,1.5370795591205042,False
317,"(317,)",IPW_propensity_correct,0.8086511058116324,0.0378896920569812,0.7343873093799492,0.8829149022433155,True
317,"(317,)",IPW_propensity_wrong,1.4050728234375027,0.07807797301291908,1.2520399963321813,1.5581056505428241,False
317,"(317,)",Direct_Q_correct,0.8049713194579717,0.006401353627403238,0.7924246663482614,0.8175179725676821,True
317,"(317,)",Direct_Q_wrong,0.5946228124999987,0.010616033293700044,0.5738153872443467,0.6154302377556508,False
318,"(318,)",DR_both_correct,0.8081868407471293,0.009105873659203905,0.7903393283750897,0.826034353119169,True
318,"(318,)",DR_propensity_correct_Q_wrong,0.8081329387137614,0.009622685135149342,0.7892724758488686,0.8269934015786541,True
318,"(318,)",DR_Q_correct_propensity_wrong,0.8830406509455466,0.054155400774850905,0.7768960654268389,0.9891852364642544,True
318,"(318,)",DR_both_wrong,1.5080458695312509,0.05654144760137128,1.3972246322325632,1.6188671068299385,False
318,"(318,)",IPW_propensity_correct,0.8574813956398033,0.038367406358231826,0.7822812791776689,0.9326815121019377,True
318,"(318,)",IPW_propensity_wrong,1.5306337054687524,0.08063318699856777,1.3725926589515596,1.6886747519859453,False
318,"(318,)",Direct_Q_correct,0.7923058059384408,0.006366286272976774,0.7798278848434064,0.8047837270334752,True
318,"(318,)",Direct_Q_wrong,0.5721134374999989,0.010572137991808733,0.5513920470360537,0.592834827963944,False
319,"(319,)",DR_both_correct,0.7780926680680936,0.010361793665087389,0.7577835524845223,0.7984017836516649,False
319,"(319,)",DR_propensity_correct_Q_wrong,0.7760790144570443,0.01121521072043216,0.7540972014449973,0.7980608274690913,False
319,"(319,)",DR_Q_correct_propensity_wrong,0.7342170332058585,0.05774397269466076,0.6210388467243234,0.8473952196873936,True
319,"(319,)",DR_both_wrong,1.376029742968751,0.05742874434990801,1.2634694040429313,1.4885900818945705,False
319,"(319,)",IPW_propensity_correct,0.7689587458001054,0.03930593846590639,0.6919191064069289,0.8459983851932819,True
319,"(319,)",IPW_propensity_wrong,1.359521227734379,0.07843474239014167,1.2057891326497012,1.5132533228190566,False
319,"(319,)",Direct_Q_correct,0.7955150672712535,0.006413744108304402,0.7829441288189769,0.8080860057235302,True
319,"(319,)",Direct_Q_wrong,0.5796165624999989,0.010593443277301759,0.5588534136764874,0.6003797113235104,False
320,"(320,)",DR_both_correct,0.8206380543522624,0.008910123384386561,0.8031742125188648,0.8381018961856601,False
320,"(320,)",DR_propensity_correct_Q_wrong,0.817697407318375,0.009644635547339204,0.7987939216455902,0.8366008929911599,False
320,"(320,)",DR_Q_correct_propensity_wrong,0.8499128794646471,0.053312737577696855,0.7454199138123613,0.9544058451169329,True
320,"(320,)",DR_both_wrong,1.4368813871093715,0.05419097994828259,1.3306670664107376,1.5430957078080054,False
320,"(320,)",IPW_propensity_correct,0.7830388904968598,0.036397446321593044,0.7116998957065375,0.8543778852871822,True
320,"(320,)",IPW_propensity_wrong,1.311212160937501,0.07326308765436451,1.1676165091349464,1.4548078127400554,False
320,"(320,)",Direct_Q_correct,0.8100495636923479,0.006437494983837061,0.7974320735240273,0.8226670538606685,True
320,"(320,)",Direct_Q_wrong,0.6058774999999987,0.010615535503023767,0.5850710504140721,0.6266839495859253,False
321,"(321,)",DR_both_correct,0.8014410350574522,0.00967569658141216,0.7824766697578844,0.82040540035702,True
321,"(321,)",DR_propensity_correct_Q_wrong,0.801242477486813,0.01060027222226682,0.78046594393117,0.822019011042456,True
321,"(321,)",DR_Q_correct_propensity_wrong,0.7593958976142577,0.05674818959161422,0.6481694460146938,0.8706223492138216,True
321,"(321,)",DR_both_wrong,1.387971912890626,0.05563388501630132,1.2789294982586754,1.4970143275225767,False
321,"(321,)",IPW_propensity_correct,0.8261089633742487,0.039029143162134565,0.7496118427764649,0.9026060839720325,True
321,"(321,)",IPW_propensity_wrong,1.371653416406252,0.07466552946757157,1.2253089786498117,1.5179978541626922,False
321,"(321,)",Direct_Q_correct,0.8014662680167223,0.006400829248099847,0.7889206426904466,0.814011893342998,True
321,"(321,)",Direct_Q_wrong,0.5893706249999996,0.010611153938118477,0.5685727632812874,0.6101684867187118,False
322,"(322,)",DR_both_correct,0.8077000080270456,0.009434639118301742,0.7892081153551741,0.826191900698917,True
322,"(322,)",DR_propensity_correct_Q_wrong,0.8060894077966639,0.00999802615808741,0.7864932765268127,0.8256855390665152,True
322,"(322,)",DR_Q_correct_propensity_wrong,0.8184823256494543,0.05274622971942346,0.7150997153993843,0.9218649358995243,True
322,"(322,)",DR_both_wrong,1.4200750878906252,0.05326435641791645,1.315676949311509,1.5244732264697414,False
322,"(322,)",IPW_propensity_correct,0.7465114878907002,0.0360184106891121,0.6759154029400405,0.8171075728413599,True
322,"(322,)",IPW_propensity_wrong,1.3207953785156281,0.07411341836502709,1.175533078520175,1.4660576785110813,False
322,"(322,)",Direct_Q_correct,0.8026898491737531,0.006418927540342063,0.7901087511946826,0.8152709471528236,True
322,"(322,)",Direct_Q_wrong,0.5931221874999979,0.010614971312037041,0.5723168437284053,0.6139275312715905,False
323,"(323,)",DR_both_correct,0.7997940270752839,0.009480056003152073,0.7812131173091058,0.818374936841462,True
323,"(323,)",DR_propensity_correct_Q_wrong,0.7976384540525246,0.010470822093542062,0.7771156427491822,0.8181612653558671,True
323,"(323,)",DR_Q_correct_propensity_wrong,0.8373251532781643,0.05378711486431019,0.7319024081441163,0.9427478984122122,True
323,"(323,)",DR_both_wrong,1.4531735667968717,0.05771343598571992,1.3400552322648607,1.5662919013288827,False
323,"(323,)",IPW_propensity_correct,0.7451523781991297,0.03677344760556729,0.6730764208922179,0.8172283355060416,True
323,"(323,)",IPW_propensity_wrong,1.3501341714843784,0.07926603445730249,1.1947727439480655,1.5054955990206913,False
323,"(323,)",Direct_Q_correct,0.7961769865699257,0.006413375107960892,0.7836067713583224,0.8087472017815291,True
323,"(323,)",Direct_Q_wrong,0.5811171874999994,0.010596901340323,0.5603472608729664,0.6018871141270324,False
324,"(324,)",DR_both_correct,0.805739554445477,0.009551418944493097,0.7870187733142705,0.8244603355766834,True
324,"(324,)",DR_propensity_correct_Q_wrong,0.8101500387555564,0.00982732609045203,0.7908884796182704,0.8294115978928424,True
324,"(324,)",DR_Q_correct_propensity_wrong,0.822776364896367,0.0518619547314317,0.7211269336227608,0.9244257961699731,True
324,"(324,)",DR_both_wrong,1.4389933062500007,0.05482191885208032,1.3315423452999233,1.546444267200078,False
324,"(324,)",IPW_propensity_correct,0.8047636416959526,0.03902035118504039,0.7282837533732734,0.8812435300186318,True
324,"(324,)",IPW_propensity_wrong,1.3118758640625026,0.07454283113600375,1.1657719150359351,1.45797981308907,False
324,"(324,)",Direct_Q_correct,0.7954141742039103,0.006437303400019397,0.7827970595398722,0.8080312888679483,True
324,"(324,)",Direct_Q_wrong,0.5811171874999986,0.010596901340323003,0.5603472608729656,0.6018871141270317,False
325,"(325,)",DR_both_correct,0.7924181133392458,0.00989464431940339,0.7730246104732152,0.8118116162052764,True
325,"(325,)",DR_propensity_correct_Q_wrong,0.7901985046076647,0.01040735171474283,0.7698000952467687,0.8105969139685607,True
325,"(325,)",DR_Q_correct_propensity_wrong,0.7494758714109757,0.05773495627251953,0.6363153571168374,0.862636385705114,True
325,"(325,)",DR_both_wrong,1.3950306925781255,0.05769859819607751,1.2819414401138136,1.5081199450424374,False
325,"(325,)",IPW_propensity_correct,0.8341699081058448,0.03870156011079335,0.7583148502886898,0.9100249659229998,True
325,"(325,)",IPW_propensity_wrong,1.4023712824218755,0.07843764112505842,1.248633505816761,1.55610905902699,False
325,"(325,)",Direct_Q_correct,0.7904361874098467,0.006366288137358546,0.777958262660624,0.8029141121590694,True
325,"(325,)",Direct_Q_wrong,0.5691121874999991,0.010561736082503648,0.548411184778292,0.5898131902217063,False
326,"(326,)",DR_both_correct,0.8037852909165512,0.009491104261676956,0.7851827265636643,0.822387855269438,True
326,"(326,)",DR_propensity_correct_Q_wrong,0.7999896319067942,0.0103034766199347,0.7797948177317222,0.8201844460818661,True
326,"(326,)",DR_Q_correct_propensity_wrong,0.8290754011253906,0.05423004848228433,0.7227845061001132,0.9353662961506679,True
326,"(326,)",DR_both_wrong,1.457880699218752,0.05474157162761891,1.350587218828619,1.5651741796088852,False
326,"(326,)",IPW_propensity_correct,0.7895707528292576,0.037069473868293235,0.7169145840474028,0.8622269216111124,True
326,"(326,)",IPW_propensity_wrong,1.393654777734378,0.07445050049010188,1.2477317967737782,1.5395777586949777,False
326,"(326,)",Direct_Q_correct,0.7929687382469572,0.006421051278060786,0.780383477741958,0.8055539987519564,True
326,"(326,)",Direct_Q_wrong,0.5766153124999994,0.01058572506595399,0.5558672913707297,0.5973633336292692,False
327,"(327,)",DR_both_correct,0.8019734209893272,0.009538993823134256,0.7832769930959841,0.8206698488826704,True
327,"(327,)",DR_propensity_correct_Q_wrong,0.7999648160774195,0.010137062566480722,0.7800961734471173,0.8198334587077217,True
327,"(327,)",DR_Q_correct_propensity_wrong,0.7870947932141017,0.0546491165125133,0.6799825248495757,0.8942070615786277,True
327,"(327,)",DR_both_wrong,1.414136275390622,0.056791354968116985,1.3028252196531127,1.5254473311281311,False
327,"(327,)",IPW_propensity_correct,0.7690131549425102,0.03653142500002967,0.697411561942452,0.8406147479425684,True
327,"(327,)",IPW_propensity_wrong,1.2885491003906275,0.0709214660220082,1.1495430269874913,1.4275551737937637,False
327,"(327,)",Direct_Q_correct,0.8041976073773479,0.006385324044220979,0.7916823722506748,0.816712842504021,True
327,"(327,)",Direct_Q_wrong,0.5923718749999985,0.01061434071015162,0.5715677672081014,0.6131759827918957,False
328,"(328,)",DR_both_correct,0.8042700881226742,0.009356687532658548,0.7859309805586634,0.822609195686685,True
328,"(328,)",DR_propensity_correct_Q_wrong,0.8052538149617686,0.009795710408020363,0.7860542225620487,0.8244534073614885,True
328,"(328,)",DR_Q_correct_propensity_wrong,0.8327227490452357,0.05486967487268179,0.7251781862947794,0.940267311795692,True
328,"(328,)",DR_both_wrong,1.492768435937499,0.0566901601697119,1.3816557220048638,1.6038811498701344,False
328,"(328,)",IPW_propensity_correct,0.7635035476051232,0.03696708612500335,0.6910480588001167,0.8359590364101297,True
328,"(328,)",IPW_propensity_wrong,1.4067912984375028,0.08138584001229546,1.2472750520134037,1.566307544861602,False
328,"(328,)",Direct_Q_correct,0.7958540374369559,0.0063334248375805325,0.7834405247552981,0.8082675501186137,True
328,"(328,)",Direct_Q_wrong,0.5751146874999988,0.010581464332579638,0.5543750174081428,0.5958543575918549,False
329,"(329,)",DR_both_correct,0.806455315986241,0.009606063611951085,0.7876274313068169,0.8252832006656651,True
329,"(329,)",DR_propensity_correct_Q_wrong,0.808110067962096,0.0102530483031865,0.7880140932878504,0.8282060426363415,True
329,"(329,)",DR_Q_correct_propensity_wrong,0.811646063986054,0.057445736383385036,0.6990524206746194,0.9242397072974886,True
329,"(329,)",DR_both_wrong,1.4343340121093746,0.05901681306697575,1.3186610584981022,1.550006965720647,False
329,"(329,)",IPW_propensity_correct,0.8417626118207804,0.03850144022107601,0.7662997889874714,0.9172254346540893,True
329,"(329,)",IPW_propensity_wrong,1.3584500261718775,0.0763127808883544,1.208876975630703,1.508023076713052,False
329,"(329,)",Direct_Q_correct,0.8021397226570356,0.006437626229577866,0.789521975247063,0.8147574700670082,True
329,"(329,)",Direct_Q_wrong,0.5923718749999987,0.010614340710151621,0.5715677672081014,0.6131759827918959,False
330,"(330,)",DR_both_correct,0.7946981224135896,0.009991018225454989,0.7751157266916978,0.8142805181354814,True
330,"(330,)",DR_propensity_correct_Q_wrong,0.7988159366032774,0.010696787213866592,0.7778502336640989,0.819781639542456,True
330,"(330,)",DR_Q_correct_propensity_wrong,0.7394586171860154,0.05673521154636111,0.6282576025551476,0.8506596318168831,True
330,"(330,)",DR_both_wrong,1.3772766593749994,0.05735537952890949,1.2648601154983368,1.489693203251662,False
330,"(330,)",IPW_propensity_correct,0.761666033718451,0.03654693456380561,0.690034041973392,0.83329802546351,True
330,"(330,)",IPW_propensity_wrong,1.3445962851562512,0.07729838550173812,1.1930914495728444,1.496101120739658,False
330,"(330,)",Direct_Q_correct,0.8065187436192223,0.006432943583052153,0.79391017419644,0.8191273130420045,True
330,"(330,)",Direct_Q_wrong,0.5991246874999986,0.010617626067031866,0.5783141404086162,0.619935234591381,False
331,"(331,)",DR_both_correct,0.8099046345439374,0.009524995216705533,0.7912356439191945,0.8285736251686802,True
331,"(331,)",DR_propensity_correct_Q_wrong,0.8141194599199459,0.010258296823496781,0.7940131981458922,0.8342257216939997,True
331,"(331,)",DR_Q_correct_propensity_wrong,0.8793571802966398,0.05447874324515866,0.7725788435361288,0.9861355170571507,True
331,"(331,)",DR_both_wrong,1.5264454335937483,0.05840212425046489,1.411977270062837,1.6409135971246596,False
331,"(331,)",IPW_propensity_correct,0.7732958789368584,0.03726857027371487,0.7002494812003772,0.8463422766733395,True
331,"(331,)",IPW_propensity_wrong,1.3352222683593764,0.07515344279302738,1.1879215204850428,1.48252301623371,False
331,"(331,)",Direct_Q_correct,0.8015974568253934,0.0063334761328294265,0.7891838436050478,0.814011070045739,True
331,"(331,)",Direct_Q_wrong,0.5848687499999996,0.01060437886777845,0.5640841674191538,0.6056533325808454,False
332,"(332,)",DR_both_correct,0.8067698806564738,0.009418100404700867,0.7883104038632601,0.8252293574496875,True
332,"(332,)",DR_propensity_correct_Q_wrong,0.8100485390438089,0.009744982028546133,0.7909483742678585,0.8291487038197594,True
332,"(332,)",DR_Q_correct_propensity_wrong,0.8423827647220691,0.053505337887934185,0.7375123024617181,0.9472532269824201,True
332,"(332,)",DR_both_wrong,1.5081546152343759,0.05638808905237413,1.3976339606917225,1.6186752697770292,False
332,"(332,)",IPW_propensity_correct,0.8530861341406677,0.039595492372054265,0.7754789690914413,0.9306932991898941,True
332,"(332,)",IPW_propensity_wrong,1.4731371890625005,0.07930049325855713,1.3177082222757286,1.6285661558492723,False
332,"(332,)",Direct_Q_correct,0.7988064198533621,0.006369710313235898,0.7863217876394197,0.8112910520673045,True
332,"(332,)",Direct_Q_wrong,0.5826178124999989,0.010600092397204528,0.561841631401478,0.6033939935985198,False
333,"(333,)",DR_both_correct,0.8034454401141411,0.0097067449766352,0.7844202199599362,0.822470660268346,True
333,"(333,)",DR_propensity_correct_Q_wrong,0.8031170033219047,0.010429281347212663,0.7826756118813679,0.8235583947624415,True
333,"(333,)",DR_Q_correct_propensity_wrong,0.7346148619876557,0.056384253735278965,0.6241017246665089,0.8451279993088024,True
333,"(333,)",DR_both_wrong,1.3507465054687484,0.056299934521458726,1.2403986338066892,1.4610943771308076,False
333,"(333,)",IPW_propensity_correct,0.7714455294446771,0.038303062006278935,0.6963715279123704,0.8465195309769838,True
333,"(333,)",IPW_propensity_wrong,1.245234855468754,0.07182831833275843,1.1044513515365475,1.3860183594009605,False
333,"(333,)",Direct_Q_correct,0.8068175313388325,0.0064088911877232795,0.7942561046108949,0.8193789580667701,True
333,"(333,)",Direct_Q_wrong,0.5983743749999992,0.01061752652569876,0.5775640230096297,0.6191847269903688,False
334,"(334,)",DR_both_correct,0.7970951489825003,0.00986478364116744,0.7777601730458121,0.8164301249191885,True
334,"(334,)",DR_propensity_correct_Q_wrong,0.7988048865588252,0.010447991892786224,0.7783268224489642,0.8192829506686862,True
334,"(334,)",DR_Q_correct_propensity_wrong,0.8175427176233586,0.056928075404405504,0.7059636898307238,0.9291217454159935,True
334,"(334,)",DR_both_wrong,1.4549994714843764,0.058838700870959805,1.339675617777295,1.5703233251914577,False
334,"(334,)",IPW_propensity_correct,0.7961385997447579,0.03797973135075224,0.7216983262972835,0.8705788731922323,True
334,"(334,)",IPW_propensity_wrong,1.5071873507812519,0.0833492543692136,1.3438228122175933,1.6705518893449105,False
334,"(334,)",Direct_Q_correct,0.7898241981564095,0.0064763215615141305,0.7771306078958418,0.8025177884169772,True
334,"(334,)",Direct_Q_wrong,0.575865,0.01058362820060359,0.555121088726817,0.5966089112731829,False
335,"(335,)",DR_both_correct,0.7956689269637064,0.009534368871052594,0.7769815639764434,0.8143562899509694,True
335,"(335,)",DR_propensity_correct_Q_wrong,0.8026347302375706,0.010404342469930753,0.7822422189965064,0.8230272414786348,True
335,"(335,)",DR_Q_correct_propensity_wrong,0.7936756486304287,0.05459231121203192,0.6866747186548462,0.9006765786060112,True
335,"(335,)",DR_both_wrong,1.438568969140625,0.056656726874008634,1.327521784467568,1.549616153813682,False
335,"(335,)",IPW_propensity_correct,0.8530012257360908,0.03743957191971274,0.7796196647734539,0.9263827866987278,True
335,"(335,)",IPW_propensity_wrong,1.3986853687500014,0.07539521322622855,1.2509107508265935,1.5464599866734092,False
335,"(335,)",Direct_Q_correct,0.7958273749338312,0.006390753730859768,0.783301497621346,0.8083532522463163,True
335,"(335,)",Direct_Q_wrong,0.5788662499999987,0.010591614037551008,0.5581066864863987,0.5996258135135987,False
336,"(336,)",DR_both_correct,0.8161217938469266,0.009615970876511918,0.7972744909289633,0.83496909676489,True
336,"(336,)",DR_propensity_correct_Q_wrong,0.8182287734762177,0.010200110892377469,0.7982365561271578,0.8382209908252776,True
336,"(336,)",DR_Q_correct_propensity_wrong,0.8114217752996098,0.053610090386768706,0.7063459981415431,0.9164975524576765,True
336,"(336,)",DR_both_wrong,1.432450684375,0.054855819545660545,1.3249332780655054,1.5399680906844946,False
336,"(336,)",IPW_propensity_correct,0.8219596807926303,0.03785934386430684,0.7477553668185889,0.8961639947666716,True
336,"(336,)",IPW_propensity_wrong,1.3687237957031275,0.07549089013559183,1.2207616510373676,1.5166859403688875,False
336,"(336,)",Direct_Q_correct,0.8085558419201601,0.006350665078077079,0.796108538367129,0.8210031454731911,True
336,"(336,)",Direct_Q_wrong,0.5976240624999988,0.010617360621403069,0.5768140356820488,0.6184340893179487,False
337,"(337,)",DR_both_correct,0.8039817485599073,0.009261351308108786,0.7858294999960141,0.8221339971238005,True
337,"(337,)",DR_propensity_correct_Q_wrong,0.8035402046855854,0.010056304878483323,0.7838298471237581,0.8232505622474127,True
337,"(337,)",DR_Q_correct_propensity_wrong,0.8722557110001564,0.05560928195028573,0.7632615183775964,0.9812499036227165,True
337,"(337,)",DR_both_wrong,1.507137498828124,0.058504475343367765,1.3924687271551233,1.621806270501125,False
337,"(337,)",IPW_propensity_correct,0.8989975138073608,0.03900441708318737,0.8225488563243135,0.9754461712904081,False
337,"(337,)",IPW_propensity_wrong,1.6095690644531258,0.08454334428450198,1.4438641096555018,1.7752740192507497,False
337,"(337,)",Direct_Q_correct,0.7975555405661757,0.006411019362980087,0.7849899426147348,0.8101211385176167,True
337,"(337,)",Direct_Q_wrong,0.5833681249999987,0.01060158787447633,0.5625890127660251,0.6041472372339722,False
338,"(338,)",DR_both_correct,0.8037436098758225,0.009767832471996423,0.7845986582307095,0.8228885615209355,True
338,"(338,)",DR_propensity_correct_Q_wrong,0.8066060498638514,0.010217895048296385,0.7865789755691905,0.8266331241585123,True
338,"(338,)",DR_Q_correct_propensity_wrong,0.7834606178214061,0.05552089323350266,0.6746396670837409,0.8922815685590713,True
338,"(338,)",DR_both_wrong,1.4264793667968751,0.056968979558077025,1.3148201668630441,1.5381385667307061,False
338,"(338,)",IPW_propensity_correct,0.7815904332533645,0.03878816279834088,0.7055656341686164,0.8576152323381127,True
338,"(338,)",IPW_propensity_wrong,1.2563636953125017,0.0734254719694277,1.1124497702524234,1.40027762037258,False
338,"(338,)",Direct_Q_correct,0.8066667082262541,0.006321686375384306,0.7942762029305008,0.8190572135220073,True
338,"(338,)",Direct_Q_wrong,0.591621562499999,0.010613643685530237,0.5708188208763597,0.6124243041236382,False
339,"(339,)",DR_both_correct,0.8107923341944869,0.00947204286460258,0.7922271301798659,0.829357538209108,True
339,"(339,)",DR_propensity_correct_Q_wrong,0.8150795428631875,0.009943598390271757,0.7955900900182549,0.8345689957081202,True
339,"(339,)",DR_Q_correct_propensity_wrong,0.791561298802851,0.05213232013566889,0.6893819513369399,0.893740646268762,True
339,"(339,)",DR_both_wrong,1.39092961015625,0.05216079161652445,1.2886944585878621,1.493164761724638,False
339,"(339,)",IPW_propensity_correct,0.7832689399601607,0.03753293808516363,0.70970438131324,0.8568334986070814,True
339,"(339,)",IPW_propensity_wrong,1.2970240675781273,0.07279260670952868,1.154350558427451,1.4396975767288036,False
339,"(339,)",Direct_Q_correct,0.8058152514818001,0.006378649183373096,0.7933130990823889,0.8183174038812113,True
339,"(339,)",Direct_Q_wrong,0.5946228124999986,0.010616033293700039,0.5738153872443466,0.6154302377556506,False
340,"(340,)",DR_both_correct,0.7949247404112664,0.009712522380074839,0.7758881965463197,0.8139612842762131,True
340,"(340,)",DR_propensity_correct_Q_wrong,0.7889572258355123,0.010075010994079103,0.7692102042871173,0.8087042473839073,True
340,"(340,)",DR_Q_correct_propensity_wrong,0.7475237129078903,0.06111650360256504,0.6277353658468628,0.8673120599689178,True
340,"(340,)",DR_both_wrong,1.4182342378906256,0.06197109870393224,1.2967708844309185,1.5396975913503328,False
340,"(340,)",IPW_propensity_correct,0.7665559835542881,0.037465253750067345,0.6931240862041561,0.8399878809044201,True
340,"(340,)",IPW_propensity_wrong,1.3278483843750017,0.07868672415112651,1.1736224050387938,1.4820743637112097,False
340,"(340,)",Direct_Q_correct,0.7911931236921123,0.006428085460481892,0.7785940761895678,0.8037921711946567,True
340,"(340,)",Direct_Q_wrong,0.5743643749999991,0.010579233420768304,0.5536290774952932,0.5950996725047051,False
341,"(341,)",DR_both_correct,0.7842115154275753,0.00996583885376947,0.7646784712741871,0.8037445595809635,True
341,"(341,)",DR_propensity_correct_Q_wrong,0.7856315599720208,0.010439207789103557,0.7651707127053778,0.8060924072386638,True
341,"(341,)",DR_Q_correct_propensity_wrong,0.797660355598593,0.057758780716492666,0.6844531453942674,0.9108675658029187,True
341,"(341,)",DR_both_wrong,1.4705739523437487,0.05998967891260733,1.3529941816750384,1.588153723012459,False
341,"(341,)",IPW_propensity_correct,0.7310272347601837,0.03658384361904224,0.6593229012668609,0.8027315682535066,True
341,"(341,)",IPW_propensity_wrong,1.4009602371093766,0.0823551022300656,1.239544236738448,1.5623762374803052,False
341,"(341,)",Direct_Q_correct,0.7911525638632071,0.006426586182177928,0.7785564549461383,0.8037486727802758,True
341,"(341,)",Direct_Q_wrong,0.5743643749999989,0.010579233420768306,0.553629077495293,0.5950996725047049,False
342,"(342,)",DR_both_correct,0.789099320853016,0.009907585878846888,0.7696804525304761,0.808518189175556,True
342,"(342,)",DR_propensity_correct_Q_wrong,0.7828563300371159,0.01059267872481582,0.7620946797364768,0.8036179803377549,True
342,"(342,)",DR_Q_correct_propensity_wrong,0.820086528896641,0.05636740119872136,0.7096064225471471,0.9305666352461349,True
342,"(342,)",DR_both_wrong,1.4515927042968744,0.058240705580599406,1.3374409213588996,1.5657444872348492,False
342,"(342,)",IPW_propensity_correct,0.8546011493667975,0.03873498052636575,0.7786805875351207,0.9305217111984744,True
342,"(342,)",IPW_propensity_wrong,1.498750223437499,0.07882038812682117,1.3442622627089296,1.6532381841660684,False
342,"(342,)",Direct_Q_correct,0.7972200845000817,0.006385660332632589,0.7847041902481219,0.8097359787520416,True
342,"(342,)",Direct_Q_wrong,0.5803668749999991,0.010595205700446489,0.5596002718271239,0.6011334781728742,False
343,"(343,)",DR_both_correct,0.784089108189467,0.010172304877153855,0.7641513906302454,0.8040268257486886,True
343,"(343,)",DR_propensity_correct_Q_wrong,0.7818357582880886,0.011051458087052733,0.7601749004374653,0.8034966161387119,True
343,"(343,)",DR_Q_correct_propensity_wrong,0.7740239249615612,0.055842070699566836,0.6645734663904103,0.8834743835327122,True
343,"(343,)",DR_both_wrong,1.3786020054687507,0.057444311815940514,1.2660111543095072,1.4911928566279942,False
343,"(343,)",IPW_propensity_correct,0.7804868808172504,0.036414775989907215,0.7091139198770322,0.8518598417574685,True
343,"(343,)",IPW_propensity_wrong,1.2855983519531267,0.07377243322802231,1.1410043828262029,1.4301923210800505,False
343,"(343,)",Direct_Q_correct,0.786218770136253,0.006366711598940188,0.7737400154023302,0.7986975248701758,False
343,"(343,)",Direct_Q_wrong,0.5631096874999999,0.010537692488441074,0.5424558102226554,0.5837635647773444,False
344,"(344,)",DR_both_correct,0.8030050051160542,0.009520856521574868,0.7843441263337675,0.8216658838983409,True
344,"(344,)",DR_propensity_correct_Q_wrong,0.802556236176524,0.010297116055585061,0.7823738887075773,0.8227385836454708,True
344,"(344,)",DR_Q_correct_propensity_wrong,0.7793817060178515,0.05196339060696274,0.6775334604282045,0.8812299516074985,True
344,"(344,)",DR_both_wrong,1.3822348488281253,0.053808655334961465,1.2767698843716009,1.4876998132846497,False
344,"(344,)",IPW_propensity_correct,0.8600497255690231,0.03810147714718454,0.7853708303605414,0.9347286207775048,True
344,"(344,)",IPW_propensity_wrong,1.4211105914062516,0.07952181844414419,1.265247827255729,1.5769733555567742,False
344,"(344,)",Direct_Q_correct,0.8063621221431285,0.006403693572587736,0.7938108827408565,0.8189133615454005,True
344,"(344,)",Direct_Q_wrong,0.5983743749999981,0.01061752652569875,0.5775640230096286,0.6191847269903676,False
345,"(345,)",DR_both_correct,0.7870022655295723,0.009762637580642858,0.7678674958715123,0.8061370351876324,True
345,"(345,)",DR_propensity_correct_Q_wrong,0.7913213235673509,0.010136278257498386,0.771454218182654,0.8111884289520477,True
345,"(345,)",DR_Q_correct_propensity_wrong,0.7527370003165226,0.05602640930618278,0.6429252380764043,0.8625487625566408,True
345,"(345,)",DR_both_wrong,1.4318729214843753,0.05651704508146165,1.3210995131247105,1.54264632984404,False
345,"(345,)",IPW_propensity_correct,0.8325100475197713,0.039285492713015194,0.7555104818022615,0.9095096132372811,True
345,"(345,)",IPW_propensity_wrong,1.3913595585937508,0.07652029859503895,1.2413797733474745,1.5413393438400271,False
345,"(345,)",Direct_Q_correct,0.7970984050133627,0.00638127440465684,0.7845911071802353,0.8096057028464901,True
345,"(345,)",Direct_Q_wrong,0.5803668749999996,0.01059520570044649,0.5596002718271245,0.6011334781728748,False
346,"(346,)",DR_both_correct,0.8007058647083205,0.00961066745316229,0.7818689565001224,0.8195427729165186,True
346,"(346,)",DR_propensity_correct_Q_wrong,0.8008048442169214,0.010501154656575891,0.7802225810900327,0.8213871073438102,True
346,"(346,)",DR_Q_correct_propensity_wrong,0.792182580854531,0.053168284836800576,0.6879727425744019,0.8963924191346601,True
346,"(346,)",DR_both_wrong,1.3923236808593744,0.05444894550458682,1.2856037476703843,1.4990436140483645,False
346,"(346,)",IPW_propensity_correct,0.8130554210136616,0.038776898302135654,0.7370527003414757,0.8890581416858474,True
346,"(346,)",IPW_propensity_wrong,1.3399508156250008,0.07448575734390456,1.1939587312309479,1.4859429000190538,False
346,"(346,)",Direct_Q_correct,0.7973071993802381,0.006422733748487052,0.7847186412332035,0.8098957575272727,True
346,"(346,)",Direct_Q_wrong,0.5833681249999986,0.010601587874476329,0.562589012766025,0.6041472372339721,False
347,"(347,)",DR_both_correct,0.7856032188232328,0.010327726609333147,0.7653608746689399,0.8058455629775257,True
347,"(347,)",DR_propensity_correct_Q_wrong,0.786536740512474,0.010955861035954952,0.7650632528820023,0.8080102281429458,True
347,"(347,)",DR_Q_correct_propensity_wrong,0.6834444121942964,0.059026650212876744,0.567752177777058,0.7991366466115348,True
347,"(347,)",DR_both_wrong,1.3211432667968754,0.05692052033161171,1.2095790469469165,1.4327074866468343,False
347,"(347,)",IPW_propensity_correct,0.7616222373996113,0.037275711027367125,0.6885618437859717,0.8346826310132509,True
347,"(347,)",IPW_propensity_wrong,1.2420193441406278,0.07528223175785766,1.0944661698952267,1.3895725183860288,False
347,"(347,)",Direct_Q_correct,0.8042583179985963,0.006418054908854747,0.7916789303772409,0.8168377056199516,True
347,"(347,)",Direct_Q_wrong,0.5946228124999993,0.010616033293700063,0.5738153872443471,0.6154302377556514,False
348,"(348,)",DR_both_correct,0.8067710405876398,0.009583955983158107,0.78798648686065,0.8255555943146297,True
348,"(348,)",DR_propensity_correct_Q_wrong,0.8063194932887563,0.010216763841407774,0.786294636159597,0.8263443504179155,True
348,"(348,)",DR_Q_correct_propensity_wrong,0.8232973984311713,0.05714712787542083,0.7112890277953465,0.9353057690669961,True
348,"(348,)",DR_both_wrong,1.4494691449218744,0.057002228612845984,1.3377447768406963,1.5611935130030525,False
348,"(348,)",IPW_propensity_correct,0.8058965667079764,0.038010367228974794,0.7313962469391858,0.880396886476767,True
348,"(348,)",IPW_propensity_wrong,1.3778501261718759,0.076943818656646,1.2270402416048496,1.5286600107389021,False
348,"(348,)",Direct_Q_correct,0.7957561419807841,0.006374472510448523,0.783262175860305,0.8082501081012633,True
348,"(348,)",Direct_Q_wrong,0.5781159374999987,0.010589717946569007,0.5573600903247234,0.5988717846752739,False
349,"(349,)",DR_both_correct,0.7960427680451665,0.010078207156993906,0.7762894820174584,0.8157960540728746,True
349,"(349,)",DR_propensity_correct_Q_wrong,0.8018821846433721,0.010999579549961334,0.7803230087254479,0.8234413605612964,True
349,"(349,)",DR_Q_correct_propensity_wrong,0.7883969422652339,0.056396811182613284,0.6778591923473118,0.898934692183156,True
349,"(349,)",DR_both_wrong,1.4382653960937513,0.05732323612744477,1.3259118532839596,1.550618938903543,False
349,"(349,)",IPW_propensity_correct,0.7526434877266872,0.03706812077528741,0.6799899710071239,0.8252970044462505,True
349,"(349,)",IPW_propensity_wrong,1.3657114851562526,0.07807299505799334,1.2126884148425856,1.5187345554699196,False
349,"(349,)",Direct_Q_correct,0.8020899117503947,0.006446158050491568,0.7894554419714312,0.8147243815293581,True
349,"(349,)",Direct_Q_wrong,0.5923718749999992,0.010614340710151613,0.5715677672081021,0.6131759827918963,False
350,"(350,)",DR_both_correct,0.7990041336214734,0.009313992987758096,0.7807487073654675,0.8172595598774792,True
350,"(350,)",DR_propensity_correct_Q_wrong,0.799227139612515,0.009746529714816429,0.7801239413714748,0.8183303378535552,True
350,"(350,)",DR_Q_correct_propensity_wrong,0.7841135476571478,0.056807807645583505,0.6727702446718041,0.8954568506424915,True
350,"(350,)",DR_both_wrong,1.4280124953125013,0.057751754439969306,1.3148190566101614,1.5412059340148412,False
350,"(350,)",IPW_propensity_correct,0.7895873350869542,0.036886006340611524,0.7172907626593557,0.8618839075145528,True
350,"(350,)",IPW_propensity_wrong,1.40216863359375,0.08279657119578104,1.239887354050019,1.564449913137481,False
350,"(350,)",Direct_Q_correct,0.7923233365024254,0.006438517756796531,0.7797038416991041,0.8049428313057466,True
350,"(350,)",Direct_Q_wrong,0.5766153124999996,0.010585725065954012,0.5558672913707298,0.5973633336292695,False
351,"(351,)",DR_both_correct,0.80043356709264,0.009325081841819566,0.7821564066826737,0.8187107275026063,True
351,"(351,)",DR_propensity_correct_Q_wrong,0.807885394231603,0.009933207980240286,0.788416306590332,0.827354481872874,True
351,"(351,)",DR_Q_correct_propensity_wrong,0.8319092622636323,0.05641162467636194,0.7213424778979629,0.9424760466293016,True
351,"(351,)",DR_both_wrong,1.487921649218751,0.05762511520788751,1.3749764234112916,1.6008668750262105,False
351,"(351,)",IPW_propensity_correct,0.7976524619278911,0.038466534692234225,0.722258053931112,0.8730468699246702,True
351,"(351,)",IPW_propensity_wrong,1.365683932031249,0.07655693504697642,1.2156323393391752,1.5157355247233228,False
351,"(351,)",Direct_Q_correct,0.789487729080472,0.006396250021323804,0.7769510790386774,0.8020243791222667,True
351,"(351,)",Direct_Q_wrong,0.5698624999999995,0.010564437562511513,0.549156202377477,0.590568797622522,False
352,"(352,)",DR_both_correct,0.7834415709942968,0.010211009751609672,0.7634279918811419,0.8034551501074517,True
352,"(352,)",DR_propensity_correct_Q_wrong,0.7843346270134757,0.010963248691784663,0.7628466595775777,0.8058225944493737,True
352,"(352,)",DR_Q_correct_propensity_wrong,0.7238881818267177,0.05860557843367075,0.609021248096723,0.8387551155567123,True
352,"(352,)",DR_both_wrong,1.3692875222656244,0.05731069338316494,1.2569585632346212,1.4816164812966277,False
352,"(352,)",IPW_propensity_correct,0.8196714677415962,0.037259556212973145,0.7466427375641688,0.8927001979190236,True
352,"(352,)",IPW_propensity_wrong,1.3545109417968755,0.07552187872983888,1.2064880594863912,1.5025338241073598,False
352,"(352,)",Direct_Q_correct,0.7910690822212532,0.006403229945908323,0.7785187515272729,0.8036194129152334,True
352,"(352,)",Direct_Q_wrong,0.5721134374999988,0.01057213799180873,0.5513920470360536,0.5928348279639439,False
353,"(353,)",DR_both_correct,0.8052873786925998,0.009799564269655036,0.7860802327240759,0.8244945246611237,True
353,"(353,)",DR_propensity_correct_Q_wrong,0.8041961779737926,0.010490320640388826,0.7836351495186306,0.8247572064289547,True
353,"(353,)",DR_Q_correct_propensity_wrong,0.8290148280803511,0.05215346166651859,0.7267940432139747,0.9312356129467275,True
353,"(353,)",DR_both_wrong,1.4232363261718726,0.054916309408778126,1.3156003597306674,1.5308722926130778,False
353,"(353,)",IPW_propensity_correct,0.8024241683208214,0.03887597394063203,0.7262272593971826,0.8786210772444603,True
353,"(353,)",IPW_propensity_wrong,1.3169712796875017,0.07662425228087442,1.166787745216988,1.4671548141580155,False
353,"(353,)",Direct_Q_correct,0.804752002759301,0.006376773354796761,0.7922535269838994,0.8172504785347027,True
353,"(353,)",Direct_Q_wrong,0.5931221874999982,0.010614971312037034,0.5723168437284056,0.6139275312715908,False
354,"(354,)",DR_both_correct,0.7866810143440186,0.010314412748691652,0.7664647653565829,0.8068972633314543,True
354,"(354,)",DR_propensity_correct_Q_wrong,0.7869189589530997,0.011149566378057855,0.7650658088521063,0.8087721090540931,True
354,"(354,)",DR_Q_correct_propensity_wrong,0.7105786031322652,0.0552811942616635,0.6022274623794047,0.8189297438851256,True
354,"(354,)",DR_both_wrong,1.333937973828124,0.05388066320750464,1.228331873941415,1.439544073714833,False
354,"(354,)",IPW_propensity_correct,0.8519474119101845,0.03916973329343583,0.7751747346550503,0.9287200891653188,True
354,"(354,)",IPW_propensity_wrong,1.3313254101562526,0.07380402833975055,1.1866695146103416,1.4759813057021636,False
354,"(354,)",Direct_Q_correct,0.8036425763683627,0.006397110235208082,0.7911042403073548,0.8161809124293705,True
354,"(354,)",Direct_Q_wrong,0.5923718749999987,0.010614340710151618,0.5715677672081015,0.6131759827918958,False
355,"(355,)",DR_both_correct,0.8054816948390743,0.009319962366483404,0.7872145686007668,0.8237488210773818,True
355,"(355,)",DR_propensity_correct_Q_wrong,0.8086601651082588,0.010314815569274348,0.7884431265924811,0.8288772036240365,True
355,"(355,)",DR_Q_correct_propensity_wrong,0.8618402225776555,0.05624070806346431,0.7516084347732654,0.9720720103820455,True
355,"(355,)",DR_both_wrong,1.495088244140627,0.058944621027957445,1.3795567869258305,1.6106197013554235,False
355,"(355,)",IPW_propensity_correct,0.7635424411416956,0.037348857640260406,0.6903386801667851,0.836746202116606,True
355,"(355,)",IPW_propensity_wrong,1.4376883066406259,0.08046028992096897,1.2799861383955267,1.595390474885725,False
355,"(355,)",Direct_Q_correct,0.7969335454693788,0.006416320330373377,0.784357557621847,0.8095095333169106,True
355,"(355,)",Direct_Q_wrong,0.5826178124999991,0.010600092397204528,0.5618416314014782,0.60339399359852,False
356,"(356,)",DR_both_correct,0.792062012559916,0.009789586940141036,0.7728744221572396,0.8112496029625925,True
356,"(356,)",DR_propensity_correct_Q_wrong,0.792788452812561,0.010121740620884157,0.7729498411956282,0.812627064429494,True
356,"(356,)",DR_Q_correct_propensity_wrong,0.8269935311970694,0.054702466446060194,0.7197766969627915,0.9342103654313474,True
356,"(356,)",DR_both_wrong,1.4659766292968754,0.05764481337936329,1.3529927950733234,1.5789604635204275,False
356,"(356,)",IPW_propensity_correct,0.8187079106881409,0.03902918817138059,0.7422107018722349,0.8952051195040468,True
356,"(356,)",IPW_propensity_wrong,1.4745355898437504,0.08090900150291923,1.3159539468980288,1.633117232789472,False
356,"(356,)",Direct_Q_correct,0.7914120630079712,0.006395296416390932,0.7788772820318449,0.8039468439840974,True
356,"(356,)",Direct_Q_wrong,0.5721134374999992,0.01057213799180873,0.551392047036054,0.5928348279639444,False
357,"(357,)",DR_both_correct,0.8060021305677206,0.009259334955591163,0.787853834054762,0.8241504270806793,True
357,"(357,)",DR_propensity_correct_Q_wrong,0.8071621777610422,0.009899584713666264,0.7877589917222563,0.826565363799828,True
357,"(357,)",DR_Q_correct_propensity_wrong,0.7810872875316403,0.05268556647604558,0.6778235772385909,0.8843509978246896,True
357,"(357,)",DR_both_wrong,1.4126651324218742,0.05349273161357621,1.3078193784592649,1.5175108863844835,False
357,"(357,)",IPW_propensity_correct,0.8750248193437387,0.03973228505811798,0.7971495406298275,0.9529000980576499,True
357,"(357,)",IPW_propensity_wrong,1.4112976031249993,0.07427837437924278,1.2657119893416835,1.556883216908315,False
357,"(357,)",Direct_Q_correct,0.7958877081722688,0.006365538102193736,0.7834112534919692,0.8083641628525685,True
357,"(357,)",Direct_Q_wrong,0.5773656249999987,0.010587754968439994,0.5566136252618563,0.598117624738141,False
358,"(358,)",DR_both_correct,0.7939010778172948,0.01002020187889906,0.7742614821346526,0.813540673499937,True
358,"(358,)",DR_propensity_correct_Q_wrong,0.7946433858131744,0.010374842939538513,0.7743086936516789,0.8149780779746699,True
358,"(358,)",DR_Q_correct_propensity_wrong,0.707361329349921,0.05714777458782195,0.59535169115779,0.8193709675420521,True
358,"(358,)",DR_both_wrong,1.3265158925781244,0.054546744398689194,1.2196042735566937,1.4334275115995552,False
358,"(358,)",IPW_propensity_correct,0.8147177464999008,0.03965961648188588,0.7369848981954045,0.8924505948043971,True
358,"(358,)",IPW_propensity_wrong,1.3090397015625026,0.07389285361456428,1.1642097084779566,1.4538696946470486,False
358,"(358,)",Direct_Q_correct,0.7966182401956297,0.006422276514326923,0.7840305782275488,0.8092059021637105,True
358,"(358,)",Direct_Q_wrong,0.5818674999999986,0.010598530228984883,0.5610943807511882,0.6026406192488091,False
359,"(359,)",DR_both_correct,0.7981150633865269,0.009703303147190825,0.7790965892180329,0.8171335375550209,True
359,"(359,)",DR_propensity_correct_Q_wrong,0.7931723980946042,0.010217083254476244,0.7731469149158308,0.8131978812733776,True
359,"(359,)",DR_Q_correct_propensity_wrong,0.7464665082321875,0.05407283077166492,0.6404837599197243,0.8524492565446508,True
359,"(359,)",DR_both_wrong,1.362109799218748,0.05412799515117341,1.2560189287224481,1.468200669715048,False
359,"(359,)",IPW_propensity_correct,0.8002962072632431,0.03686955583859312,0.7280318778196007,0.8725605367068856,True
359,"(359,)",IPW_propensity_wrong,1.3130088656250023,0.07186232106387107,1.172158716339815,1.4538590149101895,False
359,"(359,)",Direct_Q_correct,0.8035584590993795,0.0063771681660325106,0.7910592094939558,0.8160577087048032,True
359,"(359,)",Direct_Q_wrong,0.5908712499999997,0.010612880225085589,0.570070004758832,0.6116724952411675,False
360,"(360,)",DR_both_correct,0.7815370580919594,0.010474701639481948,0.7610066428785748,0.802067473305344,True
360,"(360,)",DR_propensity_correct_Q_wrong,0.7817205165039661,0.011205065684093301,0.7597585877631432,0.803682445244789,True
360,"(360,)",DR_Q_correct_propensity_wrong,0.748712037790586,0.05506500427282668,0.6407846294158458,0.8566394461653263,True
360,"(360,)",DR_both_wrong,1.404792160546874,0.05640400002562595,1.2942403204966473,1.5153440005971008,False
360,"(360,)",IPW_propensity_correct,0.7891422435881487,0.037518883624637796,0.7156052316838586,0.8626792554924387,True
360,"(360,)",IPW_propensity_wrong,1.3752059496093756,0.07583321419747094,1.2265728497823325,1.5238390494364187,False
360,"(360,)",Direct_Q_correct,0.792856945465003,0.0064033160669335985,0.7803064459738132,0.8054074449561928,True
360,"(360,)",Direct_Q_wrong,0.5758649999999996,0.010583628200603589,0.5551210887268166,0.5966089112731826,False
361,"(361,)",DR_both_correct,0.8114101346945591,0.009146337535086127,0.7934833131257903,0.8293369562633279,True
361,"(361,)",DR_propensity_correct_Q_wrong,0.8118400016374581,0.010145814262834474,0.7919542056823025,0.8317257975926137,True
361,"(361,)",DR_Q_correct_propensity_wrong,0.8869661158389461,0.05318201480769147,0.7827293668158708,0.9912028648620215,True
361,"(361,)",DR_both_wrong,1.5186980441406235,0.0566902665263753,1.407585121748928,1.629810966532319,False
361,"(361,)",IPW_propensity_correct,0.7616393741406985,0.03784665224928497,0.6874599357321,0.835818812549297,True
361,"(361,)",IPW_propensity_wrong,1.3397676070312523,0.07333675018437957,1.1960275766698683,1.4835076373926364,False
361,"(361,)",Direct_Q_correct,0.8019747439744564,0.006353529536667321,0.7895218260825885,0.8144276618663244,True
361,"(361,)",Direct_Q_wrong,0.5863693749999992,0.010606903419383768,0.565579844298007,0.6071589057019914,False
362,"(362,)",DR_both_correct,0.812418556885672,0.009304307726526894,0.7941821137416792,0.8306550000296647,True
362,"(362,)",DR_propensity_correct_Q_wrong,0.8174661018421219,0.010078756948914384,0.7977117382222497,0.837220465461994,True
362,"(362,)",DR_Q_correct_propensity_wrong,0.795979924497383,0.05543541140646635,0.6873265181407089,0.9046333308540571,True
362,"(362,)",DR_both_wrong,1.3835914597656254,0.05618203102475875,1.2734746789570983,1.4937082405741524,False
362,"(362,)",IPW_propensity_correct,0.8025784553740475,0.037784570342181766,0.7285206975033712,0.8766362132447237,True
362,"(362,)",IPW_propensity_wrong,1.2950923031250017,0.07625490297191798,1.1456326933000425,1.4445519129499609,False
362,"(362,)",Direct_Q_correct,0.8088081937271135,0.006410302156523951,0.7962440015003266,0.8213723859539005,True
362,"(362,)",Direct_Q_wrong,0.602125937499998,0.010617360621403006,0.5813159106820481,0.6229359643179478,False
363,"(363,)",DR_both_correct,0.8080445340005644,0.009277461238352547,0.7898607099733934,0.8262283580277354,True
363,"(363,)",DR_propensity_correct_Q_wrong,0.8051017863024137,0.010027138322853077,0.7854485951896216,0.8247549774152058,True
363,"(363,)",DR_Q_correct_propensity_wrong,0.7680291208808983,0.05200341277834565,0.6661024318353408,0.8699558099264557,True
363,"(363,)",DR_both_wrong,1.3684620167968742,0.05186026459513964,1.2668158981904005,1.4701081354033478,False
363,"(363,)",IPW_propensity_correct,0.7354554261693251,0.036176442125715726,0.6645495996029223,0.806361252735728,True
363,"(363,)",IPW_propensity_wrong,1.1934100851562532,0.06950571937913382,1.057178875173151,1.3296412951393555,False
363,"(363,)",Direct_Q_correct,0.8010065122355509,0.0064123187280686715,0.7884383675285362,0.8135746569425655,True
363,"(363,)",Direct_Q_wrong,0.5886203124999987,0.010610191079159045,0.567824337984847,0.6094162870151504,False
364,"(364,)",DR_both_correct,0.8083498118040598,0.009545829148857004,0.7896399866723001,0.8270596369358196,True
364,"(364,)",DR_propensity_correct_Q_wrong,0.8025914233721001,0.010217748490558442,0.7825646363306056,0.8226182104135946,True
364,"(364,)",DR_Q_correct_propensity_wrong,0.8546313188023443,0.05304055517040568,0.7506718306683492,0.9585908069363395,True
364,"(364,)",DR_both_wrong,1.4464545660156256,0.05724624870038604,1.334251918562869,1.5586572134683823,False
364,"(364,)",IPW_propensity_correct,0.8487508461122449,0.04008749214826037,0.7701793615016546,0.9273223307228353,True
364,"(364,)",IPW_propensity_wrong,1.3607730550781258,0.0782363613286785,1.207429786873916,1.5141163232823358,False
364,"(364,)",Direct_Q_correct,0.8052500755238323,0.006464891277941107,0.7925788886190678,0.8179212624285969,True
364,"(364,)",Direct_Q_wrong,0.5998749999999987,0.0106176592472689,0.5790643878753516,0.6206856121246458,False
365,"(365,)",DR_both_correct,0.7927494921943424,0.009914516093179362,0.7733170406517109,0.8121819437369739,True
365,"(365,)",DR_propensity_correct_Q_wrong,0.7827733879837959,0.010400171380340571,0.7623890520783284,0.8031577238892634,True
365,"(365,)",DR_Q_correct_propensity_wrong,0.7532196232951166,0.05855610567098993,0.6384496561799764,0.8679895904102568,True
365,"(365,)",DR_both_wrong,1.3868196078125008,0.05793682228017561,1.2732634361433566,1.500375779481645,False
365,"(365,)",IPW_propensity_correct,0.8046715258575119,0.040178957727232595,0.7259207687121361,0.8834222830028877,True
365,"(365,)",IPW_propensity_wrong,1.309877185546876,0.07711073690212848,1.1587401412187042,1.461014229875048,False
365,"(365,)",Direct_Q_correct,0.7972735286449262,0.006390917249079788,0.7847473308367298,0.8097997264531226,True
365,"(365,)",Direct_Q_wrong,0.5811171874999984,0.01059690134032301,0.5603472608729653,0.6018871141270316,False
366,"(366,)",DR_both_correct,0.8014149947341448,0.00940263759931295,0.7829858250394914,0.8198441644287982,True
366,"(366,)",DR_propensity_correct_Q_wrong,0.7960722690777844,0.010117983660233058,0.7762410211037276,0.8159035170518412,True
366,"(366,)",DR_Q_correct_propensity_wrong,0.8884075393522255,0.05340421830863209,0.7837352714673066,0.9930798072371444,True
366,"(366,)",DR_both_wrong,1.5192168746093733,0.058025388158522484,1.405487113818669,1.6329466354000775,False
366,"(366,)",IPW_propensity_correct,0.7796773362305446,0.038021137373093525,0.7051559069792813,0.8541987654818078,True
366,"(366,)",IPW_propensity_wrong,1.418436704296878,0.07807218165089762,1.2654152282611186,1.5714581803326373,False
366,"(366,)",Direct_Q_correct,0.7940019494723478,0.006407318909042651,0.7814436044106242,0.8065602945340714,True
366,"(366,)",Direct_Q_wrong,0.5766153124999989,0.010585725065954071,0.5558672913707289,0.5973633336292689,False
367,"(367,)",DR_both_correct,0.8033590644240776,0.009554657381099556,0.7846319359571224,0.8220861928910327,True
367,"(367,)",DR_propensity_correct_Q_wrong,0.8083465474258367,0.009763409555480372,0.7892102646970951,0.8274828301545782,True
367,"(367,)",DR_Q_correct_propensity_wrong,0.8131680695918352,0.05825017059458417,0.6989977352264503,0.9273384039572201,True
367,"(367,)",DR_both_wrong,1.4817599050781263,0.058902587088155926,1.3663108343853407,1.5972089757709118,False
367,"(367,)",IPW_propensity_correct,0.7744182166535732,0.036754982553142475,0.702378450849414,0.8464579824577325,True
367,"(367,)",IPW_propensity_wrong,1.3788841429687535,0.07722611282481984,1.2275209618321066,1.5302473241054004,False
367,"(367,)",Direct_Q_correct,0.7931339751737538,0.0064439917966307375,0.7805037512523576,0.8057641990951501,True
367,"(367,)",Direct_Q_wrong,0.5781159374999993,0.010589717946569047,0.557360090324724,0.5988717846752747,False
368,"(368,)",DR_both_correct,0.7899985153085854,0.009588393702453958,0.7712052636517757,0.8087917669653952,True
368,"(368,)",DR_propensity_correct_Q_wrong,0.7850976276576472,0.010393039648179943,0.7647272699472145,0.80546798536808,True
368,"(368,)",DR_Q_correct_propensity_wrong,0.7261428550742188,0.05718426462283773,0.6140616964134569,0.8382240137349808,True
368,"(368,)",DR_both_wrong,1.3711791343749986,0.05586856109439717,1.26167675462998,1.4806815141200171,False
368,"(368,)",IPW_propensity_correct,0.7421683257575101,0.03771406486243618,0.6682487586271352,0.8160878928878851,True
368,"(368,)",IPW_propensity_wrong,1.3049665710937517,0.0773258649811846,1.1534078757306299,1.4565252664568735,False
368,"(368,)",Direct_Q_correct,0.7952017465988319,0.00638204831961016,0.782692931892396,0.8077105613052679,True
368,"(368,)",Direct_Q_wrong,0.5773656249999997,0.010587754968439993,0.5566136252618573,0.598117624738142,False
369,"(369,)",DR_both_correct,0.8063062969886833,0.009031183636912425,0.788605177060335,0.8240074169170316,True
369,"(369,)",DR_propensity_correct_Q_wrong,0.8058296419309668,0.009842593417512218,0.7865381588326429,0.8251211250292908,True
369,"(369,)",DR_Q_correct_propensity_wrong,0.897945345282617,0.05326408844520808,0.7935477319300093,1.0023429586352248,True
369,"(369,)",DR_both_wrong,1.5349099527343748,0.05719073965613857,1.4228161030083433,1.6470038024604063,False
369,"(369,)",IPW_propensity_correct,0.7710887051114448,0.03723790942168845,0.6981024026449354,0.8440750075779542,True
369,"(369,)",IPW_propensity_wrong,1.4598025312499998,0.08189058313902768,1.2992969882975056,1.620308074202494,False
369,"(369,)",Direct_Q_correct,0.795776928400159,0.006402589839938538,0.7832278523138795,0.8083260044864385,True
369,"(369,)",Direct_Q_wrong,0.5796165624999995,0.0105934432773018,0.558853413676488,0.600379711323511,False
370,"(370,)",DR_both_correct,0.7943291641683423,0.010147024041573475,0.7744409970468583,0.8142173312898263,True
370,"(370,)",DR_propensity_correct_Q_wrong,0.7951489507303203,0.010752254849729352,0.7740745312248508,0.8162233702357898,True
370,"(370,)",DR_Q_correct_propensity_wrong,0.7390557835449987,0.05708928257715824,0.6271607896937685,0.8509507773962288,True
370,"(370,)",DR_both_wrong,1.3678778566406244,0.05681800573152145,1.2565145654068424,1.4792411478744065,False
370,"(370,)",IPW_propensity_correct,0.7889324160803105,0.03765197188136333,0.7151345511928384,0.8627302809677826,True
370,"(370,)",IPW_propensity_wrong,1.3370514902343755,0.07461262236595212,1.1908107503971093,1.4832922300716418,False
370,"(370,)",Direct_Q_correct,0.801729777782504,0.006440586299572816,0.7891062286353413,0.8143533269296667,True
370,"(370,)",Direct_Q_wrong,0.5916215624999986,0.010613643685530257,0.5708188208763594,0.6124243041236379,False
371,"(371,)",DR_both_correct,0.7985508827777699,0.009981039256166497,0.7789880458356835,0.8181137197198562,True
371,"(371,)",DR_propensity_correct_Q_wrong,0.7917976313631688,0.010276580839089942,0.7716555329185526,0.8119397298077851,True
371,"(371,)",DR_Q_correct_propensity_wrong,0.7723912535536327,0.05648708981735671,0.6616765575116136,0.8831059495956518,True
371,"(371,)",DR_both_wrong,1.406602627734375,0.05726467519551136,1.2943638643511728,1.5188413911175773,False
371,"(371,)",IPW_propensity_correct,0.8147759650473273,0.03798205960510808,0.7403311282213154,0.8892208018733392,True
371,"(371,)",IPW_propensity_wrong,1.3307257945312514,0.07457550239526843,1.1845578098365253,1.4768937792259775,False
371,"(371,)",Direct_Q_correct,0.8038825603478166,0.00633010869732361,0.7914755473010623,0.8162895733945709,True
371,"(371,)",Direct_Q_wrong,0.5871196874999987,0.010608065839780101,0.5663278784540297,0.6079114965459677,False
372,"(372,)",DR_both_correct,0.7994515482059694,0.009887409062304228,0.7800722264438531,0.8188308699680857,True
372,"(372,)",DR_propensity_correct_Q_wrong,0.8007959718075827,0.010221086029367258,0.7807626431900229,0.8208293004251425,True
372,"(372,)",DR_Q_correct_propensity_wrong,0.7743718251476946,0.05595104151206454,0.6647077837840482,0.8840358665113411,True
372,"(372,)",DR_both_wrong,1.4131088210937506,0.05640734986007466,1.3025504153680043,1.5236672268194968,False
372,"(372,)",IPW_propensity_correct,0.8077810149409023,0.03747300257467781,0.7343339298945337,0.8812280999872708,True
372,"(372,)",IPW_propensity_wrong,1.3560076968750017,0.07388132999708266,1.2112002900807197,1.5008151036692836,False
372,"(372,)",Direct_Q_correct,0.8042355469778948,0.006427564108438543,0.7916375213253553,0.8168335726304343,True
372,"(372,)",Direct_Q_wrong,0.5946228124999987,0.010616033293700039,0.5738153872443467,0.6154302377556508,False
373,"(373,)",DR_both_correct,0.7828028898440877,0.010380157922768229,0.762457780315462,0.8031479993727135,True
373,"(373,)",DR_propensity_correct_Q_wrong,0.7810744533797555,0.011224318366029181,0.7590747893823383,0.8030741173771726,True
373,"(373,)",DR_Q_correct_propensity_wrong,0.6998009442032023,0.06088874482507714,0.5804590043460511,0.8191428840603534,True
373,"(373,)",DR_both_wrong,1.3539444199218749,0.06006264974330492,1.2362216264249972,1.4716672134187525,False
373,"(373,)",IPW_propensity_correct,0.8054509190269984,0.039128985011640534,0.728758108404183,0.8821437296498138,True
373,"(373,)",IPW_propensity_wrong,1.300249619531251,0.07552063719829609,1.1522291706225907,1.4482700684399112,False
373,"(373,)",Direct_Q_correct,0.7950407785372695,0.006369495958884999,0.7825565664578549,0.8075249906166841,True
373,"(373,)",Direct_Q_wrong,0.5758649999999996,0.010583628200603587,0.5551210887268166,0.5966089112731826,False
374,"(374,)",DR_both_correct,0.7911576954882392,0.009857203685702202,0.7718375762642629,0.8104778147122156,True
374,"(374,)",DR_propensity_correct_Q_wrong,0.7880115078596578,0.010458528671845522,0.7675127916628406,0.808510224056475,True
374,"(374,)",DR_Q_correct_propensity_wrong,0.7738432714810932,0.05688369230934335,0.6623512345547803,0.8853353084074062,True
374,"(374,)",DR_both_wrong,1.4003286128906247,0.05811450031197131,1.286424192279161,1.5142330335020884,False
374,"(374,)",IPW_propensity_correct,0.793942128493496,0.03844408650483293,0.7185917189440234,0.8692925380429686,True
374,"(374,)",IPW_propensity_wrong,1.3889429542968765,0.07756933122880956,1.2369070650884098,1.5409788435053433,False
374,"(374,)",Direct_Q_correct,0.7891358745988323,0.006471606076378967,0.7764515266891295,0.801820222508535,True
374,"(374,)",Direct_Q_wrong,0.5736140624999995,0.010576935422746368,0.5528832690714166,0.5943448559285823,False
375,"(375,)",DR_both_correct,0.8110909460202173,0.009722774396449614,0.792034308203176,0.8301475838372585,True
375,"(375,)",DR_propensity_correct_Q_wrong,0.8103198076804532,0.010511481276239982,0.7897173043790229,0.8309223109818835,True
375,"(375,)",DR_Q_correct_propensity_wrong,0.8442929719629306,0.05067332740471856,0.7449732502496822,0.9436126936761791,True
375,"(375,)",DR_both_wrong,1.43445568828125,0.052092070714392084,1.3323552296810415,1.5365561468814586,False
375,"(375,)",IPW_propensity_correct,0.8021952427991524,0.036733871605578436,0.7301968544522187,0.8741936311460862,True
375,"(375,)",IPW_propensity_wrong,1.3877148820312508,0.0749293542444571,1.2408533477121149,1.5345764163503868,False
375,"(375,)",Direct_Q_correct,0.8052968888193003,0.006439393780257441,0.7926756770099957,0.8179181006286048,True
375,"(375,)",Direct_Q_wrong,0.5983743749999985,0.01061752652569875,0.577564023009629,0.619184726990368,False
376,"(376,)",DR_both_correct,0.785600851181124,0.00998549988537601,0.766029271405787,0.805172430956461,True
376,"(376,)",DR_propensity_correct_Q_wrong,0.785434124878149,0.010931389848664094,0.7640086007747674,0.8068596489815306,True
376,"(376,)",DR_Q_correct_propensity_wrong,0.8082630159790617,0.05262293414416445,0.7051220650564993,0.9114039669016241,True
376,"(376,)",DR_both_wrong,1.437079268359372,0.05573772071627851,1.3278333357554661,1.546325200963278,False
376,"(376,)",IPW_propensity_correct,0.8343879835108342,0.03744326086034164,0.7609991922245646,0.9077767747971038,True
376,"(376,)",IPW_propensity_wrong,1.4636299031250035,0.08097162332830016,1.3049255214015352,1.6223342848484719,False
376,"(376,)",Direct_Q_correct,0.7903919943427372,0.0063508843606177355,0.7779442609959265,0.8028397276895479,True
376,"(376,)",Direct_Q_wrong,0.5683618749999995,0.010558967182310712,0.5476662993226704,0.5890574506773285,False
377,"(377,)",DR_both_correct,0.8062069543551093,0.00915329063870469,0.7882665047032481,0.8241474040069704,True
377,"(377,)",DR_propensity_correct_Q_wrong,0.8044990698193734,0.009697982296630613,0.7854910245179774,0.8235071151207694,True
377,"(377,)",DR_Q_correct_propensity_wrong,0.8477310107008583,0.05576506558872714,0.7384314821469531,0.9570305392547636,True
377,"(377,)",DR_both_wrong,1.5021503011718726,0.05806744814558538,1.3883381028065254,1.61596249953722,False
377,"(377,)",IPW_propensity_correct,0.8150188187622746,0.038573043668351265,0.7394156531723061,0.890621984352243,True
377,"(377,)",IPW_propensity_wrong,1.4659761011718784,0.07880769176089719,1.3115130253205198,1.620439177023237,False
377,"(377,)",Direct_Q_correct,0.7982144622536752,0.006393300501463941,0.7856835932708058,0.8107453312365446,True
377,"(377,)",Direct_Q_wrong,0.5833681249999991,0.01060158787447633,0.5625890127660256,0.6041472372339727,False
378,"(378,)",DR_both_correct,0.8125665215036636,0.009565696827069597,0.7938177557226072,0.83131528728472,True
378,"(378,)",DR_propensity_correct_Q_wrong,0.8071419015731769,0.01011545610609129,0.787315607605238,0.8269681955411158,True
378,"(378,)",DR_Q_correct_propensity_wrong,0.7517790419859761,0.05282559624236505,0.6482408733509406,0.8553172106210116,True
378,"(378,)",DR_both_wrong,1.3432213042968746,0.05303611485073385,1.2392705191894362,1.447172089404313,False
378,"(378,)",IPW_propensity_correct,0.8389063357070775,0.040026406257492014,0.7604545794423931,0.9173580919717619,True
378,"(378,)",IPW_propensity_wrong,1.2265938351562522,0.07256201976700363,1.084372276412925,1.3688153938995793,False
378,"(378,)",Direct_Q_correct,0.8049904572404718,0.006377987506144694,0.7924896017284282,0.8174913127525154,True
378,"(378,)",Direct_Q_wrong,0.5938724999999986,0.010615535503023766,0.573066050414072,0.6146789495859252,False
379,"(379,)",DR_both_correct,0.8204713326053592,0.008851022057580867,0.8031233293725007,0.8378193358382177,False
379,"(379,)",DR_propensity_correct_Q_wrong,0.8218972743860578,0.009274866072301293,0.8037185368843472,0.8400760118877683,False
379,"(379,)",DR_Q_correct_propensity_wrong,0.8798627591373431,0.052654110785801546,0.7766607019971721,0.9830648162775142,True
379,"(379,)",DR_both_wrong,1.4828736035156254,0.05559240008644393,1.3739124993461953,1.5918347076850554,False
379,"(379,)",IPW_propensity_correct,0.8114348338953852,0.03863920056396744,0.735702000790009,0.8871676670007613,True
379,"(379,)",IPW_propensity_wrong,1.388446211718751,0.07793729978140276,1.2356891041472016,1.5412033192903005,False
379,"(379,)",Direct_Q_correct,0.8082162361274249,0.006434895154985887,0.7956038416236525,0.8208286306311973,True
379,"(379,)",Direct_Q_wrong,0.6028762499999989,0.01061712835103372,0.5820666784319728,0.623685821568025,False
380,"(380,)",DR_both_correct,0.8051998011543615,0.009858129783330684,0.7858778667790334,0.8245217355296897,True
380,"(380,)",DR_propensity_correct_Q_wrong,0.8058906383426918,0.010305224497055385,0.7856923983284633,0.8260888783569204,True
380,"(380,)",DR_Q_correct_propensity_wrong,0.8307862485613674,0.055046650560924726,0.7228948134619549,0.9386776836607799,True
380,"(380,)",DR_both_wrong,1.453596426953124,0.05694944627380253,1.3419755122564712,1.565217341649777,False
380,"(380,)",IPW_propensity_correct,0.84974026417976,0.03896718388284946,0.773364583769375,0.926115944590145,True
380,"(380,)",IPW_propensity_wrong,1.4353369195312515,0.07707809681410997,1.284263849775596,1.586409989286907,False
380,"(380,)",Direct_Q_correct,0.8047764224168791,0.00641860104282797,0.7921959643729363,0.8173568804608219,True
380,"(380,)",Direct_Q_wrong,0.5953731249999987,0.010616464693406213,0.5745648542009225,0.6161813957990749,False
381,"(381,)",DR_both_correct,0.7960745855912447,0.010082869027442752,0.7763121622974569,0.8158370088850324,True
381,"(381,)",DR_propensity_correct_Q_wrong,0.7963110525839953,0.010657389284211928,0.7754225695869399,0.8171995355810506,True
381,"(381,)",DR_Q_correct_propensity_wrong,0.7651810265587501,0.056285279478379434,0.6548618787811264,0.8755001743363737,True
381,"(381,)",DR_both_wrong,1.3788855476562494,0.05900914046430914,1.2632276323462035,1.4945434629662953,False
381,"(381,)",IPW_propensity_correct,0.7803033046335659,0.03731082768871763,0.7071740823636794,0.8534325269034524,True
381,"(381,)",IPW_propensity_wrong,1.2823930523437526,0.07701833126082124,1.1314371230725428,1.4333489816149623,False
381,"(381,)",Direct_Q_correct,0.8074691865499254,0.0063623074988035265,0.7949990638522705,0.8199393092475803,True
381,"(381,)",Direct_Q_wrong,0.596873749999999,0.010617128351033737,0.5760641784319729,0.6176833215680251,False
382,"(382,)",DR_both_correct,0.7929786389337076,0.009801392214575658,0.7737679101931393,0.8121893676742759,True
382,"(382,)",DR_propensity_correct_Q_wrong,0.7940670898737361,0.010454717783290112,0.7735758430184875,0.8145583367289847,True
382,"(382,)",DR_Q_correct_propensity_wrong,0.7150350106738673,0.05871781022631178,0.5999481026302962,0.8301219187174385,True
382,"(382,)",DR_both_wrong,1.3769294429687489,0.057168526254318876,1.2648791315102839,1.4889797544272139,False
382,"(382,)",IPW_propensity_correct,0.8177588595839702,0.03724002621033406,0.7447684082117154,0.890749310956225,True
382,"(382,)",IPW_propensity_wrong,1.378690671093753,0.07634765811542366,1.2290492611875226,1.5283320809999834,False
382,"(382,)",Direct_Q_correct,0.794757495361957,0.006355779335712695,0.7823001678639601,0.8072148228599538,True
382,"(382,)",Direct_Q_wrong,0.5751146874999984,0.010581464332579607,0.5543750174081423,0.5958543575918545,False
383,"(383,)",DR_both_correct,0.7839021992682551,0.010260147971402615,0.763792309244306,0.8040120892922042,True
383,"(383,)",DR_propensity_correct_Q_wrong,0.7858152733341274,0.011088071424447584,0.7640826533422101,0.8075478933260446,True
383,"(383,)",DR_Q_correct_propensity_wrong,0.7468178598371482,0.061186036575604404,0.6268932281489636,0.8667424915253328,True
383,"(383,)",DR_both_wrong,1.3841535734374983,0.0605787674274992,1.2654191892795998,1.5028879575953968,False
383,"(383,)",IPW_propensity_correct,0.8001447099161413,0.03859863550434071,0.7244913843276335,0.8757980355046491,True
383,"(383,)",IPW_propensity_wrong,1.4002854679687509,0.07992500095117774,1.2436324661044424,1.5569384698330593,False
383,"(383,)",Direct_Q_correct,0.7974473810224246,0.00640714356929894,0.7848893796265987,0.8100053824182506,True
383,"(383,)",Direct_Q_wrong,0.5833681249999988,0.010601587874476338,0.5625890127660251,0.6041472372339725,False
384,"(384,)",DR_both_correct,0.8026641167287294,0.009535574278999842,0.7839743911418897,0.8213538423155691,True
384,"(384,)",DR_propensity_correct_Q_wrong,0.8024218070322641,0.01029542884729042,0.7822427664915749,0.8226008475729533,True
384,"(384,)",DR_Q_correct_propensity_wrong,0.8422458501503908,0.05716596721511916,0.7302005544087572,0.9542911458920244,True
384,"(384,)",DR_both_wrong,1.4648667968750015,0.05990848980586731,1.3474461568555016,1.5822874368945015,False
384,"(384,)",IPW_propensity_correct,0.8204962546588397,0.037846823854569535,0.7463164799038834,0.894676029413796,True
384,"(384,)",IPW_propensity_wrong,1.4366160773437517,0.07793915089454126,1.2838553415904508,1.5893768130970527,False
384,"(384,)",Direct_Q_correct,0.7985386826407074,0.006465826154860555,0.7858656633771807,0.8112117019042341,True
384,"(384,)",Direct_Q_wrong,0.5878699999999988,0.010609161719499223,0.5670760430297803,0.6086639569702172,False
385,"(385,)",DR_both_correct,0.8042155930792281,0.009250489306135633,0.7860846340392023,0.8223465521192539,True
385,"(385,)",DR_propensity_correct_Q_wrong,0.8036220778287863,0.009690147301867206,0.7846293891171265,0.822614766540446,True
385,"(385,)",DR_Q_correct_propensity_wrong,0.8513256961558605,0.05168503619660109,0.7500230252105223,0.9526283671011987,True
385,"(385,)",DR_both_wrong,1.4781174675781208,0.054675794850932706,1.3709529096702926,1.585282025485949,False
385,"(385,)",IPW_propensity_correct,0.7971130550933352,0.03734193862445545,0.7239228553894025,0.8703032547972679,True
385,"(385,)",IPW_propensity_wrong,1.4643113285156257,0.0810944455657572,1.3053662152067416,1.62325644182451,False
385,"(385,)",Direct_Q_correct,0.7950560248373469,0.006393757415806325,0.7825242603023665,0.8075877893723273,True
385,"(385,)",Direct_Q_wrong,0.5788662499999996,0.010591614037550929,0.5581066864863997,0.5996258135135994,False
386,"(386,)",DR_both_correct,0.8011402208021663,0.009820586871847323,0.7818918705333455,0.8203885710709871,True
386,"(386,)",DR_propensity_correct_Q_wrong,0.803501515885843,0.010279551839027989,0.7833535942813481,0.8236494374903378,True
386,"(386,)",DR_Q_correct_propensity_wrong,0.7839853509720713,0.05382137538120667,0.6784954552249063,0.8894752467192364,True
386,"(386,)",DR_both_wrong,1.3741437628906246,0.05255628103440019,1.2711334520632003,1.4771540737180489,False
386,"(386,)",IPW_propensity_correct,0.8240547407683839,0.03998362308459292,0.7456868395225817,0.9024226420141861,True
386,"(386,)",IPW_propensity_wrong,1.350652542187502,0.07481174207974678,1.2040215277111983,1.4972835566638056,False
386,"(386,)",Direct_Q_correct,0.8093434513265662,0.0064245827777421275,0.7967512690821916,0.8219356335709407,True
386,"(386,)",Direct_Q_wrong,0.6036265624999984,0.010616829710235096,0.5828175762679375,0.6244355487320592,False
387,"(387,)",DR_both_correct,0.7853643839594854,0.009488574325335593,0.7667667782818276,0.8039619896371432,True
387,"(387,)",DR_propensity_correct_Q_wrong,0.7863055875013697,0.01033917732453578,0.7660407999452795,0.8065703750574599,True
387,"(387,)",DR_Q_correct_propensity_wrong,0.7728098889281635,0.05980436277281187,0.6555933378934522,0.8900264399628748,True
387,"(387,)",DR_both_wrong,1.4655506343749998,0.060190944170401696,1.3475763838010124,1.5835248849489871,False
387,"(387,)",IPW_propensity_correct,0.7817278890292662,0.03742537963937677,0.7083741449360876,0.8550816331224447,True
387,"(387,)",IPW_propensity_wrong,1.4516379011718785,0.08062222405351932,1.2936183420269807,1.6096574603167764,False
387,"(387,)",Direct_Q_correct,0.7840804013851597,0.006405530891963437,0.7715255608369114,0.796635241933408,False
387,"(387,)",Direct_Q_wrong,0.562359375,0.010534382202712004,0.5417119858826844,0.5830067641173156,False
388,"(388,)",DR_both_correct,0.807505422648848,0.009128756728676567,0.7896130594606419,0.825397785837054,True
388,"(388,)",DR_propensity_correct_Q_wrong,0.8089894266854065,0.009913497019876373,0.7895589725264488,0.8284198808443642,True
388,"(388,)",DR_Q_correct_propensity_wrong,0.9242345747500383,0.04763364929808498,0.8308726221257918,1.0175965273742849,False
388,"(388,)",DR_both_wrong,1.5362026503906245,0.05279081932519537,1.4327326445132416,1.6396726562680075,False
388,"(388,)",IPW_propensity_correct,0.7869608610254185,0.037722010511449154,0.7130257204229782,0.8608960016278588,True
388,"(388,)",IPW_propensity_wrong,1.3737124746093758,0.07475147449353615,1.227199584602045,1.5202253646167068,False
388,"(388,)",Direct_Q_correct,0.7979792636278947,0.006347380637222989,0.7855383975789376,0.8104201296768518,True
388,"(388,)",Direct_Q_wrong,0.5796165624999989,0.01059344327730175,0.5588534136764876,0.6003797113235103,False
389,"(389,)",DR_both_correct,0.8006823031090042,0.009140955826519645,0.7827660296890258,0.8185985765289827,True
389,"(389,)",DR_propensity_correct_Q_wrong,0.8037201466844992,0.00950917870857602,0.7850821564156902,0.8223581369533082,True
389,"(389,)",DR_Q_correct_propensity_wrong,0.8816865955441393,0.05514058846953385,0.773611042143853,0.9897621489444256,True
389,"(389,)",DR_both_wrong,1.5308634113281263,0.058981173260659756,1.415260311737233,1.6464665109190195,False
389,"(389,)",IPW_propensity_correct,0.832400453504833,0.03861108659880428,0.7567227237711767,0.9080781832384894,True
389,"(389,)",IPW_propensity_wrong,1.5125844585937518,0.08291373275434008,1.3500735423952452,1.6750953747922583,False
389,"(389,)",Direct_Q_correct,0.796120286569691,0.00645209831951215,0.7834741738634472,0.8087663992759349,True
389,"(389,)",Direct_Q_wrong,0.5833681249999991,0.010601587874476329,0.5625890127660256,0.6041472372339727,False
390,"(390,)",DR_both_correct,0.8098136533661172,0.009444340671527844,0.7913027456499226,0.8283245610823118,True
390,"(390,)",DR_propensity_correct_Q_wrong,0.8067306056626516,0.01025912440508837,0.7866227218286784,0.8268384894966249,True
390,"(390,)",DR_Q_correct_propensity_wrong,0.8319140420942179,0.05379731945528265,0.726471295961864,0.9373567882265719,True
390,"(390,)",DR_both_wrong,1.440640243749999,0.05642989454637207,1.3300376504391098,1.5512428370608882,False
390,"(390,)",IPW_propensity_correct,0.7926110426153511,0.038036234134235035,0.7180600237122504,0.8671620615184518,True
390,"(390,)",IPW_propensity_wrong,1.3507861968750003,0.07687062831488742,1.200119765377821,1.5014526283721796,False
390,"(390,)",Direct_Q_correct,0.805196253996176,0.006402088263585352,0.7926481609995487,0.8177443469928033,True
390,"(390,)",Direct_Q_wrong,0.5953731249999987,0.010616464693406213,0.5745648542009225,0.6161813957990749,False
391,"(391,)",DR_both_correct,0.7982172804449867,0.01013197322827419,0.7783586129175694,0.8180759479724041,True
391,"(391,)",DR_propensity_correct_Q_wrong,0.79847694984661,0.010673715612997636,0.7775564672451346,0.8193974324480854,True
391,"(391,)",DR_Q_correct_propensity_wrong,0.763192500655781,0.05732300199065786,0.6508394167540916,0.8755455845574704,True
391,"(391,)",DR_both_wrong,1.4188120003906262,0.05925566479334687,1.3026708973956662,1.534953103385586,False
391,"(391,)",IPW_propensity_correct,0.8182131881817518,0.03887768520935089,0.742012925171424,0.8944134511920796,True
391,"(391,)",IPW_propensity_wrong,1.417903965234376,0.08066621135029566,1.2597981909877964,1.5760097394809554,False
391,"(391,)",Direct_Q_correct,0.8113133272954721,0.00639705538255054,0.7987750987456731,0.8238515558452711,False
391,"(391,)",Direct_Q_wrong,0.605877499999999,0.010615535503023767,0.5850710504140724,0.6266839495859255,False
392,"(392,)",DR_both_correct,0.7887216574055823,0.009710595280424021,0.7696888906559513,0.8077544241552134,True
392,"(392,)",DR_propensity_correct_Q_wrong,0.7927249229959692,0.010345829688561023,0.7724470968063896,0.8130027491855488,True
392,"(392,)",DR_Q_correct_propensity_wrong,0.7215702359617174,0.05715113189421525,0.6095540174490556,0.8335864544743793,True
392,"(392,)",DR_both_wrong,1.360471257421875,0.05656258127449604,1.2496085981238627,1.4713339167198871,False
392,"(392,)",IPW_propensity_correct,0.7986896095278724,0.037470100474501465,0.7252482125978496,0.8721310064578952,True
392,"(392,)",IPW_propensity_wrong,1.302592045312502,0.07874325279308406,1.1482552698380573,1.4569288207869466,False
392,"(392,)",Direct_Q_correct,0.7927170220670345,0.006357403870549342,0.7802565104807578,0.8051775336533112,True
392,"(392,)",Direct_Q_wrong,0.5713631249999996,0.010569638467464077,0.5506466336037701,0.5920796163962292,False
393,"(393,)",DR_both_correct,0.7980916679617929,0.009941398577621914,0.7786065267496539,0.8175768091739318,True
393,"(393,)",DR_propensity_correct_Q_wrong,0.7969728422416632,0.01062601809237408,0.77614584678061,0.8177998377027164,True
393,"(393,)",DR_Q_correct_propensity_wrong,0.7455975328498436,0.05367507407747733,0.6403943876579881,0.8508006780416992,True
393,"(393,)",DR_both_wrong,1.3572789718749991,0.05270877353934439,1.253969775737884,1.4605881680121142,False
393,"(393,)",IPW_propensity_correct,0.805441001937496,0.03820493747816738,0.7305593244802879,0.8803226793947041,True
393,"(393,)",IPW_propensity_wrong,1.3048609335937507,0.07096310543019115,1.165773246950576,1.4439486202369254,False
393,"(393,)",Direct_Q_correct,0.8001315297047691,0.0063613795025754165,0.7876632258797213,0.8125998335298169,True
393,"(393,)",Direct_Q_wrong,0.5841184374999989,0.010603016689018903,0.5633365247895219,0.604900350210476,False
394,"(394,)",DR_both_correct,0.7948722288965889,0.009281710628016863,0.7766800760656759,0.813064381727502,True
394,"(394,)",DR_propensity_correct_Q_wrong,0.7958673832778729,0.009836842621843324,0.77658717173906,0.8151475948166857,True
394,"(394,)",DR_Q_correct_propensity_wrong,0.8498195785730864,0.05132563098957933,0.749221341833511,0.9504178153126619,True
394,"(394,)",DR_both_wrong,1.4914769656250002,0.053719582200798914,1.3861865845114343,1.5967673467385661,False
394,"(394,)",IPW_propensity_correct,0.7857872213832853,0.03774252548754623,0.7118118714276946,0.8597625713388759,True
394,"(394,)",IPW_propensity_wrong,1.4886681070312502,0.08063495377590361,1.330623597630479,1.6467126164320214,False
394,"(394,)",Direct_Q_correct,0.790726101434535,0.006411130693507133,0.778160285275261,0.803291917593809,True
394,"(394,)",Direct_Q_wrong,0.5721134374999989,0.010572137991808733,0.5513920470360537,0.592834827963944,False
395,"(395,)",DR_both_correct,0.8073540611089252,0.009405915554694456,0.788918466621724,0.8257896555961263,True
395,"(395,)",DR_propensity_correct_Q_wrong,0.8082808719984501,0.010108747198498686,0.7884677274893926,0.8280940165075076,True
395,"(395,)",DR_Q_correct_propensity_wrong,0.8130943378124218,0.0556010256670418,0.7041163275050198,0.9220723481198237,True
395,"(395,)",DR_both_wrong,1.4415053730468739,0.05708827157300966,1.3296123607637749,1.5533983853299729,False
395,"(395,)",IPW_propensity_correct,0.7955515181543895,0.03847737302668157,0.7201358670220936,0.8709671692866854,True
395,"(395,)",IPW_propensity_wrong,1.3556798566406285,0.07637379740239356,1.2059872137319372,1.5053724995493198,False
395,"(395,)",Direct_Q_correct,0.8041237541959412,0.0064100928477202205,0.7915599722144095,0.8166875361774728,True
395,"(395,)",Direct_Q_wrong,0.5938724999999981,0.010615535503023767,0.5730660504140715,0.6146789495859247,False
396,"(396,)",DR_both_correct,0.8101209211020349,0.009258668109441062,0.7919739316075305,0.8282679105965394,True
396,"(396,)",DR_propensity_correct_Q_wrong,0.8058692554437674,0.009672914893436272,0.7869103422526323,0.8248281686349025,True
396,"(396,)",DR_Q_correct_propensity_wrong,0.8412112596351169,0.05563677975774535,0.732163171309936,0.9502593479602978,True
396,"(396,)",DR_both_wrong,1.4440982499999984,0.05832801834622395,1.3297753340413994,1.5584211659585974,False
396,"(396,)",IPW_propensity_correct,0.8269926910752136,0.03698250257471458,0.754506986028773,0.8994783961216541,True
396,"(396,)",IPW_propensity_wrong,1.4603753929687513,0.07970111945675543,1.3041611988335107,1.616589587103992,False
396,"(396,)",Direct_Q_correct,0.8109172797467228,0.00645891547359969,0.7982578054184674,0.8235767540749782,True
396,"(396,)",Direct_Q_wrong,0.6088787499999987,0.010612880225085506,0.5880775047588311,0.6296799952411662,False
397,"(397,)",DR_both_correct,0.7861035047006125,0.010361215900546169,0.765795521535542,0.8064114878656831,True
397,"(397,)",DR_propensity_correct_Q_wrong,0.7837277383641589,0.010889221661553981,0.762384863907513,0.8050706128208047,True
397,"(397,)",DR_Q_correct_propensity_wrong,0.7182680812000768,0.05846699974749755,0.6036727616949816,0.832863400705172,True
397,"(397,)",DR_both_wrong,1.35810076484375,0.056900762662657284,1.2465752700249417,1.4696262596625582,False
397,"(397,)",IPW_propensity_correct,0.8252627831529602,0.03958837221549271,0.7476695736105945,0.9028559926953259,True
397,"(397,)",IPW_propensity_wrong,1.3307359101562506,0.07605578618533393,1.1816665692329962,1.479805251079505,False
397,"(397,)",Direct_Q_correct,0.7982685420255506,0.006395235054403907,0.785733881318919,0.8108032027321823,True
397,"(397,)",Direct_Q_wrong,0.583368124999999,0.010601587874476336,0.5625890127660254,0.6041472372339727,False
398,"(398,)",DR_both_correct,0.797340655108632,0.009660732904440136,0.7784056186159293,0.8162756916013346,True
398,"(398,)",DR_propensity_correct_Q_wrong,0.8010458958568318,0.01026036313701414,0.7809355841082841,0.8211562076053796,True
398,"(398,)",DR_Q_correct_propensity_wrong,0.83125548780203,0.05485031882659156,0.7237488629019105,0.9387621127021494,True
398,"(398,)",DR_both_wrong,1.4702414273437503,0.057711702660943685,1.3571264901283007,1.5833563645592,False
398,"(398,)",IPW_propensity_correct,0.855283899856126,0.04099537686436251,0.7749329612019754,0.9356348385102765,True
398,"(398,)",IPW_propensity_wrong,1.5164890300781235,0.08455679267632128,1.3507577164325337,1.6822203437237133,False
398,"(398,)",Direct_Q_correct,0.795622591187972,0.006420950494946114,0.7830375282178775,0.8082076541580664,True
398,"(398,)",Direct_Q_wrong,0.5803668749999995,0.010595205700446494,0.5596002718271244,0.6011334781728747,False
399,"(399,)",DR_both_correct,0.8013422421666891,0.009497767550492956,0.7827266177677229,0.8199578665656554,True
399,"(399,)",DR_propensity_correct_Q_wrong,0.7993259538370796,0.010321224869073988,0.7790963530936946,0.8195555545804646,True
399,"(399,)",DR_Q_correct_propensity_wrong,0.8209815311353519,0.05380353362637655,0.7155266052276539,0.9264364570430499,True
399,"(399,)",DR_both_wrong,1.4550150656250003,0.055699464542210336,1.345844115122268,1.5641860161277326,False
399,"(399,)",IPW_propensity_correct,0.7781001661681652,0.03858995625425022,0.7024638519098348,0.8537364804264956,True
399,"(399,)",IPW_propensity_wrong,1.408541742187501,0.07956648028197831,1.2525914408348235,1.5644920435401786,False
399,"(399,)",Direct_Q_correct,0.8066866007743788,0.006414748984139337,0.7941136927654657,0.8192595087832919,True
399,"(399,)",Direct_Q_wrong,0.5983743749999987,0.010617526525698756,0.5775640230096292,0.6191847269903682,False
